2026-03-04 23:28:57,022 - quanttool.infrastructure.cache.local_cache - INFO - LocalDataCache initialized at .cache/stock_data
2026-03-04 23:28:57,022 - quanttool.infrastructure.data_providers.data_fetcher - INFO - Local cache enabled at .cache/stock_data
2026-03-04 23:28:57,022 - quanttool.infrastructure.data_providers.data_fetcher - INFO - AkShare is available and will be used as fallback
2026-03-04 23:28:57,022 - quanttool.infrastructure.data_providers.data_fetcher - INFO - Skipping Tushare connection test (unreliable)
2026-03-04 23:28:57,250 - quanttool.infrastructure.data_providers.data_fetcher - INFO - EastMoney connection verified
2026-03-04 23:28:57,250 - quanttool.infrastructure.data_providers.data_fetcher - INFO - EnhancedDataFetcher initialized successfully (Ashare as primary)
2026-03-04 23:28:57,396 - quanttool.infrastructure.data_providers.data_fetcher - WARNING - Failed to get CSI 300 constituents from Tushare: 抱歉，您没有接口访问权限，权限的具体详情访问：https://tushare.pro/document/1?doc_id=108。
2026-03-04 23:28:57,396 - quanttool.infrastructure.data_providers.data_fetcher - INFO - Trying to get CSI 300 constituents from AkShare...
2026-03-04 23:28:57,505 - quanttool.infrastructure.data_providers.data_fetcher - INFO - Successfully got 300 CSI 300 constituents from AkShare
2026-03-04 23:28:57,507 - quanttool.infrastructure.cache.local_cache - INFO - LocalDataCache initialized at .cache/stock_data
2026-03-04 23:28:57,507 - quanttool.infrastructure.data_providers.data_fetcher - INFO - Local cache enabled at .cache/stock_data
2026-03-04 23:28:57,507 - quanttool.infrastructure.data_providers.data_fetcher - INFO - AkShare is available and will be used as fallback
2026-03-04 23:28:57,507 - quanttool.infrastructure.data_providers.data_fetcher - INFO - Skipping Tushare connection test (unreliable)
2026-03-04 23:28:57,709 - quanttool.infrastructure.data_providers.data_fetcher - INFO - EastMoney connection verified
2026-03-04 23:28:57,709 - quanttool.infrastructure.data_providers.data_fetcher - INFO - EnhancedDataFetcher initialized successfully (Ashare as primary)
2026-03-04 23:28:57,710 - quanttool.infrastructure.data_providers.data_fetcher - INFO - Cache hit: 0/30 symbols
2026-03-04 23:28:57,711 - quanttool.infrastructure.data_providers.data_fetcher - INFO - Fetching 000001.SZ from Ashare (primary source)
2026-03-04 23:28:57,711 - quanttool.infrastructure.data_providers.data_fetcher - INFO - Fetching 000002.SZ from Ashare (primary source)
2026-03-04 23:28:57,713 - quanttool.infrastructure.data_providers.data_fetcher - INFO - Fetching 000063.SZ from Ashare (primary source)
2026-03-04 23:28:57,713 - quanttool.infrastructure.data_providers.data_fetcher - INFO - Fetching 000100.SZ from Ashare (primary source)
2026-03-04 23:28:57,714 - quanttool.infrastructure.data_providers.data_fetcher - INFO - Fetching 000157.SZ from Ashare (primary source)
2026-03-04 23:28:57,714 - quanttool.infrastructure.data_providers.data_fetcher - INFO - Fetching 000166.SZ from Ashare (primary source)
2026-03-04 23:28:57,715 - quanttool.infrastructure.data_providers.data_fetcher - INFO - Fetching 000301.SZ from Ashare (primary source)
2026-03-04 23:28:57,715 - quanttool.infrastructure.data_providers.data_fetcher - INFO - Fetching 000333.SZ from Ashare (primary source)
2026-03-04 23:28:57,715 - quanttool.infrastructure.data_providers.data_fetcher - INFO - Fetching 000338.SZ from Ashare (primary source)
2026-03-04 23:28:57,716 - quanttool.infrastructure.data_providers.data_fetcher - INFO - Fetching 000408.SZ from Ashare (primary source)
2026-03-04 23:28:58,913 - quanttool.infrastructure.data_providers.data_fetcher - INFO - Successfully fetched 239 bars from Ashare for 000338.SZ
2026-03-04 23:28:58,920 - quanttool.infrastructure.cache.local_cache - INFO - Cached 239 rows for 000338.SZ (15720 bytes)
2026-03-04 23:28:58,921 - quanttool.infrastructure.data_providers.data_fetcher - INFO - Fetching 000425.SZ from Ashare (primary source)
2026-03-04 23:28:59,112 - quanttool.infrastructure.data_providers.data_fetcher - INFO - Successfully fetched 239 bars from Ashare for 000002.SZ
2026-03-04 23:28:59,115 - quanttool.infrastructure.cache.local_cache - INFO - Cached 239 rows for 000002.SZ (14513 bytes)
2026-03-04 23:28:59,115 - quanttool.infrastructure.data_providers.data_fetcher - INFO - Fetching 000538.SZ from Ashare (primary source)
2026-03-04 23:28:59,295 - quanttool.infrastructure.data_providers.data_fetcher - INFO - Successfully fetched 239 bars from Ashare for 000408.SZ
2026-03-04 23:28:59,298 - quanttool.infrastructure.cache.local_cache - INFO - Cached 239 rows for 000408.SZ (16824 bytes)
2026-03-04 23:28:59,298 - quanttool.infrastructure.data_providers.data_fetcher - INFO - Fetching 000568.SZ from Ashare (primary source)
2026-03-04 23:28:59,381 - quanttool.infrastructure.data_providers.data_fetcher - INFO - Successfully fetched 239 bars from Ashare for 000157.SZ
2026-03-04 23:28:59,388 - quanttool.infrastructure.cache.local_cache - INFO - Cached 239 rows for 000157.SZ (14851 bytes)
2026-03-04 23:28:59,388 - quanttool.infrastructure.data_providers.data_fetcher - INFO - Fetching 000596.SZ from Ashare (primary source)
2026-03-04 23:28:59,521 - quanttool.infrastructure.data_providers.data_fetcher - INFO - Successfully fetched 239 bars from Ashare for 000001.SZ
2026-03-04 23:28:59,524 - quanttool.infrastructure.cache.local_cache - INFO - Cached 239 rows for 000001.SZ (14521 bytes)
2026-03-04 23:28:59,525 - quanttool.infrastructure.data_providers.data_fetcher - INFO - Fetching 000617.SZ from Ashare (primary source)
2026-03-04 23:28:59,743 - quanttool.infrastructure.data_providers.data_fetcher - INFO - Successfully fetched 239 bars from Ashare for 000301.SZ
2026-03-04 23:28:59,745 - quanttool.infrastructure.cache.local_cache - INFO - Cached 239 rows for 000301.SZ (15426 bytes)
2026-03-04 23:28:59,746 - quanttool.infrastructure.data_providers.data_fetcher - INFO - Fetching 000625.SZ from Ashare (primary source)
2026-03-04 23:28:59,888 - quanttool.infrastructure.data_providers.data_fetcher - INFO - Successfully fetched 239 bars from Ashare for 000166.SZ
2026-03-04 23:28:59,891 - quanttool.infrastructure.cache.local_cache - INFO - Cached 239 rows for 000166.SZ (13752 bytes)
2026-03-04 23:28:59,892 - quanttool.infrastructure.data_providers.data_fetcher - INFO - Fetching 000630.SZ from Ashare (primary source)
2026-03-04 23:29:00,520 - quanttool.infrastructure.data_providers.data_fetcher - INFO - Successfully fetched 239 bars from Ashare for 000100.SZ
2026-03-04 23:29:00,529 - quanttool.infrastructure.data_providers.data_fetcher - INFO - Successfully fetched 239 bars from Ashare for 000425.SZ
2026-03-04 23:29:00,529 - quanttool.infrastructure.cache.local_cache - INFO - Cached 239 rows for 000100.SZ (13922 bytes)
2026-03-04 23:29:00,530 - quanttool.infrastructure.data_providers.data_fetcher - INFO - Fetching 000651.SZ from Ashare (primary source)
2026-03-04 23:29:00,533 - quanttool.infrastructure.cache.local_cache - INFO - Cached 239 rows for 000425.SZ (15664 bytes)
2026-03-04 23:29:00,534 - quanttool.infrastructure.data_providers.data_fetcher - INFO - Fetching 000661.SZ from Ashare (primary source)
2026-03-04 23:29:00,582 - quanttool.infrastructure.data_providers.data_fetcher - INFO - Successfully fetched 239 bars from Ashare for 000333.SZ
2026-03-04 23:29:00,586 - quanttool.infrastructure.cache.local_cache - INFO - Cached 239 rows for 000333.SZ (16268 bytes)
2026-03-04 23:29:00,586 - quanttool.infrastructure.data_providers.data_fetcher - INFO - Progress: 10/30 symbols fetched
2026-03-04 23:29:00,586 - quanttool.infrastructure.data_providers.data_fetcher - INFO - Fetching 000708.SZ from Ashare (primary source)
2026-03-04 23:29:00,721 - quanttool.infrastructure.data_providers.data_fetcher - INFO - Successfully fetched 239 bars from Ashare for 000063.SZ
2026-03-04 23:29:00,724 - quanttool.infrastructure.cache.local_cache - INFO - Cached 239 rows for 000063.SZ (16662 bytes)
2026-03-04 23:29:00,724 - quanttool.infrastructure.data_providers.data_fetcher - INFO - Fetching 000725.SZ from Ashare (primary source)
2026-03-04 23:29:01,045 - quanttool.infrastructure.data_providers.data_fetcher - INFO - Successfully fetched 239 bars from Ashare for 000538.SZ
2026-03-04 23:29:01,050 - quanttool.infrastructure.cache.local_cache - INFO - Cached 239 rows for 000538.SZ (15265 bytes)
2026-03-04 23:29:01,051 - quanttool.infrastructure.data_providers.data_fetcher - INFO - Fetching 000768.SZ from Ashare (primary source)
2026-03-04 23:29:01,573 - quanttool.infrastructure.data_providers.data_fetcher - INFO - Successfully fetched 239 bars from Ashare for 000625.SZ
2026-03-04 23:29:01,577 - quanttool.infrastructure.cache.local_cache - INFO - Cached 239 rows for 000625.SZ (14930 bytes)
2026-03-04 23:29:01,578 - quanttool.infrastructure.data_providers.data_fetcher - INFO - Fetching 000776.SZ from Ashare (primary source)
2026-03-04 23:29:01,823 - quanttool.infrastructure.data_providers.data_fetcher - INFO - Successfully fetched 239 bars from Ashare for 000596.SZ
2026-03-04 23:29:01,826 - quanttool.infrastructure.cache.local_cache - INFO - Cached 239 rows for 000596.SZ (16647 bytes)
2026-03-04 23:29:01,827 - quanttool.infrastructure.data_providers.data_fetcher - INFO - Fetching 000786.SZ from Ashare (primary source)
2026-03-04 23:29:01,881 - quanttool.infrastructure.data_providers.data_fetcher - INFO - Successfully fetched 239 bars from Ashare for 000661.SZ
2026-03-04 23:29:01,886 - quanttool.infrastructure.cache.local_cache - INFO - Cached 239 rows for 000661.SZ (16528 bytes)
2026-03-04 23:29:01,886 - quanttool.infrastructure.data_providers.data_fetcher - INFO - Fetching 000792.SZ from Ashare (primary source)
2026-03-04 23:29:01,932 - quanttool.infrastructure.data_providers.data_fetcher - INFO - Successfully fetched 239 bars from Ashare for 000617.SZ
2026-03-04 23:29:01,935 - quanttool.infrastructure.cache.local_cache - INFO - Cached 239 rows for 000617.SZ (15628 bytes)
2026-03-04 23:29:01,936 - quanttool.infrastructure.data_providers.data_fetcher - INFO - Fetching 000807.SZ from Ashare (primary source)
2026-03-04 23:29:01,982 - quanttool.infrastructure.data_providers.data_fetcher - INFO - Successfully fetched 239 bars from Ashare for 000568.SZ
2026-03-04 23:29:01,985 - quanttool.infrastructure.cache.local_cache - INFO - Cached 239 rows for 000568.SZ (16558 bytes)
2026-03-04 23:29:01,985 - quanttool.infrastructure.data_providers.data_fetcher - INFO - Fetching 000858.SZ from Ashare (primary source)
2026-03-04 23:29:02,136 - quanttool.infrastructure.data_providers.data_fetcher - INFO - Successfully fetched 239 bars from Ashare for 000630.SZ
2026-03-04 23:29:02,139 - quanttool.infrastructure.cache.local_cache - INFO - Cached 239 rows for 000630.SZ (15172 bytes)
2026-03-04 23:29:02,139 - quanttool.infrastructure.data_providers.data_fetcher - INFO - Fetching 000876.SZ from Ashare (primary source)
2026-03-04 23:29:02,928 - quanttool.infrastructure.data_providers.data_fetcher - INFO - Successfully fetched 239 bars from Ashare for 000776.SZ
2026-03-04 23:29:02,931 - quanttool.infrastructure.cache.local_cache - INFO - Cached 239 rows for 000776.SZ (16216 bytes)
2026-03-04 23:29:02,931 - quanttool.infrastructure.data_providers.data_fetcher - INFO - Fetching 000895.SZ from Ashare (primary source)
2026-03-04 23:29:03,018 - quanttool.infrastructure.data_providers.data_fetcher - INFO - Successfully fetched 239 bars from Ashare for 000792.SZ
2026-03-04 23:29:03,021 - quanttool.infrastructure.cache.local_cache - INFO - Cached 239 rows for 000792.SZ (16399 bytes)
2026-03-04 23:29:03,021 - quanttool.infrastructure.data_providers.data_fetcher - INFO - Progress: 20/30 symbols fetched
2026-03-04 23:29:03,022 - quanttool.infrastructure.data_providers.data_fetcher - INFO - Fetching 000938.SZ from Ashare (primary source)
2026-03-04 23:29:03,170 - quanttool.infrastructure.data_providers.data_fetcher - INFO - Successfully fetched 239 bars from Ashare for 000768.SZ
2026-03-04 23:29:03,173 - quanttool.infrastructure.cache.local_cache - INFO - Cached 239 rows for 000768.SZ (16007 bytes)
2026-03-04 23:29:03,237 - quanttool.infrastructure.data_providers.data_fetcher - INFO - Successfully fetched 239 bars from Ashare for 000786.SZ
2026-03-04 23:29:03,240 - quanttool.infrastructure.cache.local_cache - INFO - Cached 239 rows for 000786.SZ (16015 bytes)
2026-03-04 23:29:03,250 - quanttool.infrastructure.data_providers.data_fetcher - INFO - Successfully fetched 239 bars from Ashare for 000708.SZ
2026-03-04 23:29:03,253 - quanttool.infrastructure.cache.local_cache - INFO - Cached 239 rows for 000708.SZ (15607 bytes)
2026-03-04 23:29:03,272 - quanttool.infrastructure.data_providers.data_fetcher - INFO - Successfully fetched 239 bars from Ashare for 000651.SZ
2026-03-04 23:29:03,275 - quanttool.infrastructure.cache.local_cache - INFO - Cached 239 rows for 000651.SZ (16060 bytes)
2026-03-04 23:29:03,400 - quanttool.infrastructure.data_providers.data_fetcher - INFO - Successfully fetched 239 bars from Ashare for 000807.SZ
2026-03-04 23:29:03,403 - quanttool.infrastructure.cache.local_cache - INFO - Cached 239 rows for 000807.SZ (16470 bytes)
2026-03-04 23:29:03,632 - quanttool.infrastructure.data_providers.data_fetcher - INFO - Successfully fetched 239 bars from Ashare for 000725.SZ
2026-03-04 23:29:03,635 - quanttool.infrastructure.cache.local_cache - INFO - Cached 239 rows for 000725.SZ (13705 bytes)
2026-03-04 23:29:03,796 - quanttool.infrastructure.data_providers.data_fetcher - INFO - Successfully fetched 239 bars from Ashare for 000876.SZ
2026-03-04 23:29:03,799 - quanttool.infrastructure.cache.local_cache - INFO - Cached 239 rows for 000876.SZ (14440 bytes)
2026-03-04 23:29:04,379 - quanttool.infrastructure.data_providers.data_fetcher - INFO - Successfully fetched 239 bars from Ashare for 000858.SZ
2026-03-04 23:29:04,382 - quanttool.infrastructure.cache.local_cache - INFO - Cached 239 rows for 000858.SZ (16651 bytes)
2026-03-04 23:29:05,301 - quanttool.infrastructure.data_providers.data_fetcher - INFO - Successfully fetched 239 bars from Ashare for 000895.SZ
2026-03-04 23:29:05,304 - quanttool.infrastructure.cache.local_cache - INFO - Cached 239 rows for 000895.SZ (15429 bytes)
2026-03-04 23:29:05,963 - quanttool.infrastructure.data_providers.data_fetcher - INFO - Successfully fetched 239 bars from Ashare for 000938.SZ
2026-03-04 23:29:05,968 - quanttool.infrastructure.cache.local_cache - INFO - Cached 239 rows for 000938.SZ (16131 bytes)
2026-03-04 23:29:05,968 - quanttool.infrastructure.data_providers.data_fetcher - INFO - Progress: 30/30 symbols fetched
2026-03-04 23:29:05,968 - quanttool.infrastructure.data_providers.data_fetcher - INFO - Parallel fetch completed: 30/30 symbols successful
2026-03-04 23:29:05,969 - quanttool.infrastructure.data_providers.data_fetcher - INFO - Cache hit: 0/30 symbols
2026-03-04 23:29:05,970 - quanttool.infrastructure.data_providers.data_fetcher - INFO - Fetching 000963.SZ from Ashare (primary source)
2026-03-04 23:29:05,971 - quanttool.infrastructure.data_providers.data_fetcher - INFO - Fetching 000975.SZ from Ashare (primary source)
2026-03-04 23:29:05,972 - quanttool.infrastructure.data_providers.data_fetcher - INFO - Fetching 000977.SZ from Ashare (primary source)
2026-03-04 23:29:05,972 - quanttool.infrastructure.data_providers.data_fetcher - INFO - Fetching 000983.SZ from Ashare (primary source)
2026-03-04 23:29:05,972 - quanttool.infrastructure.data_providers.data_fetcher - INFO - Fetching 000999.SZ from Ashare (primary source)
2026-03-04 23:29:05,973 - quanttool.infrastructure.data_providers.data_fetcher - INFO - Fetching 001391.SZ from Ashare (primary source)
2026-03-04 23:29:05,974 - quanttool.infrastructure.data_providers.data_fetcher - INFO - Fetching 001965.SZ from Ashare (primary source)
2026-03-04 23:29:05,975 - quanttool.infrastructure.data_providers.data_fetcher - INFO - Fetching 001979.SZ from Ashare (primary source)
2026-03-04 23:29:05,975 - quanttool.infrastructure.data_providers.data_fetcher - INFO - Fetching 002001.SZ from Ashare (primary source)
2026-03-04 23:29:05,976 - quanttool.infrastructure.data_providers.data_fetcher - INFO - Fetching 002027.SZ from Ashare (primary source)
2026-03-04 23:29:07,334 - quanttool.infrastructure.data_providers.data_fetcher - INFO - Successfully fetched 239 bars from Ashare for 002001.SZ
2026-03-04 23:29:07,339 - quanttool.infrastructure.cache.local_cache - INFO - Cached 239 rows for 002001.SZ (15880 bytes)
2026-03-04 23:29:07,340 - quanttool.infrastructure.data_providers.data_fetcher - INFO - Fetching 002028.SZ from Ashare (primary source)
2026-03-04 23:29:07,439 - quanttool.infrastructure.data_providers.data_fetcher - INFO - Successfully fetched 239 bars from Ashare for 000983.SZ
2026-03-04 23:29:07,444 - quanttool.infrastructure.cache.local_cache - INFO - Cached 239 rows for 000983.SZ (14175 bytes)
2026-03-04 23:29:07,445 - quanttool.infrastructure.data_providers.data_fetcher - INFO - Fetching 002049.SZ from Ashare (primary source)
2026-03-04 23:29:07,544 - quanttool.infrastructure.data_providers.data_fetcher - INFO - Successfully fetched 239 bars from Ashare for 000977.SZ
2026-03-04 23:29:07,549 - quanttool.infrastructure.data_providers.data_fetcher - INFO - Successfully fetched 239 bars from Ashare for 002027.SZ
2026-03-04 23:29:07,552 - quanttool.infrastructure.cache.local_cache - INFO - Cached 239 rows for 002027.SZ (14258 bytes)
2026-03-04 23:29:07,552 - quanttool.infrastructure.cache.local_cache - INFO - Cached 239 rows for 000977.SZ (16791 bytes)
2026-03-04 23:29:07,553 - quanttool.infrastructure.data_providers.data_fetcher - INFO - Fetching 002050.SZ from Ashare (primary source)
2026-03-04 23:29:07,553 - quanttool.infrastructure.data_providers.data_fetcher - INFO - Fetching 002074.SZ from Ashare (primary source)
2026-03-04 23:29:07,915 - quanttool.infrastructure.data_providers.data_fetcher - INFO - Successfully fetched 239 bars from Ashare for 001965.SZ
2026-03-04 23:29:07,918 - quanttool.infrastructure.cache.local_cache - INFO - Cached 239 rows for 001965.SZ (15260 bytes)
2026-03-04 23:29:07,918 - quanttool.infrastructure.data_providers.data_fetcher - INFO - Fetching 002142.SZ from Ashare (primary source)
2026-03-04 23:29:08,013 - quanttool.infrastructure.data_providers.data_fetcher - INFO - Successfully fetched 239 bars from Ashare for 001391.SZ
2026-03-04 23:29:08,016 - quanttool.infrastructure.cache.local_cache - INFO - Cached 239 rows for 001391.SZ (14021 bytes)
2026-03-04 23:29:08,016 - quanttool.infrastructure.data_providers.data_fetcher - INFO - Fetching 002179.SZ from Ashare (primary source)
2026-03-04 23:29:08,386 - quanttool.infrastructure.data_providers.data_fetcher - INFO - Successfully fetched 239 bars from Ashare for 000975.SZ
2026-03-04 23:29:08,389 - quanttool.infrastructure.cache.local_cache - INFO - Cached 239 rows for 000975.SZ (16266 bytes)
2026-03-04 23:29:08,390 - quanttool.infrastructure.data_providers.data_fetcher - INFO - Fetching 002230.SZ from Ashare (primary source)
2026-03-04 23:29:08,510 - quanttool.infrastructure.data_providers.data_fetcher - INFO - Successfully fetched 239 bars from Ashare for 001979.SZ
2026-03-04 23:29:08,514 - quanttool.infrastructure.cache.local_cache - INFO - Cached 239 rows for 001979.SZ (14780 bytes)
2026-03-04 23:29:08,514 - quanttool.infrastructure.data_providers.data_fetcher - INFO - Fetching 002236.SZ from Ashare (primary source)
2026-03-04 23:29:08,574 - quanttool.infrastructure.data_providers.data_fetcher - INFO - Successfully fetched 239 bars from Ashare for 000963.SZ
2026-03-04 23:29:08,577 - quanttool.infrastructure.cache.local_cache - INFO - Cached 239 rows for 000963.SZ (16267 bytes)
2026-03-04 23:29:08,577 - quanttool.infrastructure.data_providers.data_fetcher - INFO - Fetching 002241.SZ from Ashare (primary source)
2026-03-04 23:29:08,860 - quanttool.infrastructure.data_providers.data_fetcher - INFO - Successfully fetched 239 bars from Ashare for 002074.SZ
2026-03-04 23:29:08,863 - quanttool.infrastructure.cache.local_cache - INFO - Cached 239 rows for 002074.SZ (16834 bytes)
2026-03-04 23:29:08,863 - quanttool.infrastructure.data_providers.data_fetcher - INFO - Progress: 10/30 symbols fetched
2026-03-04 23:29:08,863 - quanttool.infrastructure.data_providers.data_fetcher - INFO - Fetching 002252.SZ from Ashare (primary source)
2026-03-04 23:29:09,070 - quanttool.infrastructure.data_providers.data_fetcher - INFO - Successfully fetched 239 bars from Ashare for 000999.SZ
2026-03-04 23:29:09,072 - quanttool.infrastructure.cache.local_cache - INFO - Cached 239 rows for 000999.SZ (16080 bytes)
2026-03-04 23:29:09,073 - quanttool.infrastructure.data_providers.data_fetcher - INFO - Fetching 002304.SZ from Ashare (primary source)
2026-03-04 23:29:09,187 - quanttool.infrastructure.data_providers.data_fetcher - INFO - Successfully fetched 239 bars from Ashare for 002179.SZ
2026-03-04 23:29:09,190 - quanttool.infrastructure.cache.local_cache - INFO - Cached 239 rows for 002179.SZ (16208 bytes)
2026-03-04 23:29:09,190 - quanttool.infrastructure.data_providers.data_fetcher - INFO - Fetching 002311.SZ from Ashare (primary source)
2026-03-04 23:29:09,850 - quanttool.infrastructure.data_providers.data_fetcher - INFO - Successfully fetched 239 bars from Ashare for 002028.SZ
2026-03-04 23:29:09,853 - quanttool.infrastructure.cache.local_cache - INFO - Cached 239 rows for 002028.SZ (16801 bytes)
2026-03-04 23:29:09,853 - quanttool.infrastructure.data_providers.data_fetcher - INFO - Fetching 002352.SZ from Ashare (primary source)
2026-03-04 23:29:10,190 - quanttool.infrastructure.data_providers.data_fetcher - INFO - Successfully fetched 239 bars from Ashare for 002142.SZ
2026-03-04 23:29:10,193 - quanttool.infrastructure.cache.local_cache - INFO - Cached 239 rows for 002142.SZ (15900 bytes)
2026-03-04 23:29:10,193 - quanttool.infrastructure.data_providers.data_fetcher - INFO - Fetching 002371.SZ from Ashare (primary source)
2026-03-04 23:29:10,276 - quanttool.infrastructure.data_providers.data_fetcher - INFO - Successfully fetched 229 bars from Ashare for 002049.SZ
2026-03-04 23:29:10,279 - quanttool.infrastructure.cache.local_cache - INFO - Cached 229 rows for 002049.SZ (16133 bytes)
2026-03-04 23:29:10,279 - quanttool.infrastructure.data_providers.data_fetcher - INFO - Fetching 002384.SZ from Ashare (primary source)
2026-03-04 23:29:10,312 - quanttool.infrastructure.data_providers.data_fetcher - INFO - Successfully fetched 239 bars from Ashare for 002304.SZ
2026-03-04 23:29:10,314 - quanttool.infrastructure.cache.local_cache - INFO - Cached 239 rows for 002304.SZ (16379 bytes)
2026-03-04 23:29:10,315 - quanttool.infrastructure.data_providers.data_fetcher - INFO - Fetching 002415.SZ from Ashare (primary source)
2026-03-04 23:29:10,564 - quanttool.infrastructure.data_providers.data_fetcher - INFO - Successfully fetched 239 bars from Ashare for 002050.SZ
2026-03-04 23:29:10,569 - quanttool.infrastructure.cache.local_cache - INFO - Cached 239 rows for 002050.SZ (16685 bytes)
2026-03-04 23:29:10,569 - quanttool.infrastructure.data_providers.data_fetcher - INFO - Fetching 002422.SZ from Ashare (primary source)
2026-03-04 23:29:10,886 - quanttool.infrastructure.data_providers.data_fetcher - INFO - Successfully fetched 239 bars from Ashare for 002236.SZ
2026-03-04 23:29:10,890 - quanttool.infrastructure.cache.local_cache - INFO - Cached 239 rows for 002236.SZ (15815 bytes)
2026-03-04 23:29:10,890 - quanttool.infrastructure.data_providers.data_fetcher - INFO - Fetching 002459.SZ from Ashare (primary source)
2026-03-04 23:29:11,029 - quanttool.infrastructure.data_providers.data_fetcher - INFO - Successfully fetched 239 bars from Ashare for 002311.SZ
2026-03-04 23:29:11,038 - quanttool.infrastructure.cache.local_cache - INFO - Cached 239 rows for 002311.SZ (16440 bytes)
2026-03-04 23:29:11,039 - quanttool.infrastructure.data_providers.data_fetcher - INFO - Successfully fetched 239 bars from Ashare for 002241.SZ
2026-03-04 23:29:11,039 - quanttool.infrastructure.data_providers.data_fetcher - INFO - Fetching 002460.SZ from Ashare (primary source)
2026-03-04 23:29:11,043 - quanttool.infrastructure.cache.local_cache - INFO - Cached 239 rows for 002241.SZ (16630 bytes)
2026-03-04 23:29:11,043 - quanttool.infrastructure.data_providers.data_fetcher - INFO - Progress: 20/30 symbols fetched
2026-03-04 23:29:11,043 - quanttool.infrastructure.data_providers.data_fetcher - INFO - Fetching 002463.SZ from Ashare (primary source)
2026-03-04 23:29:11,090 - quanttool.infrastructure.data_providers.data_fetcher - INFO - Successfully fetched 239 bars from Ashare for 002252.SZ
2026-03-04 23:29:11,093 - quanttool.infrastructure.cache.local_cache - INFO - Cached 239 rows for 002252.SZ (13506 bytes)
2026-03-04 23:29:11,413 - quanttool.infrastructure.data_providers.data_fetcher - INFO - Successfully fetched 239 bars from Ashare for 002230.SZ
2026-03-04 23:29:11,416 - quanttool.infrastructure.cache.local_cache - INFO - Cached 239 rows for 002230.SZ (16558 bytes)
2026-03-04 23:29:11,510 - quanttool.infrastructure.data_providers.data_fetcher - INFO - Successfully fetched 239 bars from Ashare for 002384.SZ
2026-03-04 23:29:11,513 - quanttool.infrastructure.cache.local_cache - INFO - Cached 239 rows for 002384.SZ (16930 bytes)
2026-03-04 23:29:11,571 - quanttool.infrastructure.data_providers.data_fetcher - INFO - Successfully fetched 239 bars from Ashare for 002352.SZ
2026-03-04 23:29:11,574 - quanttool.infrastructure.cache.local_cache - INFO - Cached 239 rows for 002352.SZ (16311 bytes)
2026-03-04 23:29:11,717 - quanttool.infrastructure.data_providers.data_fetcher - INFO - Successfully fetched 239 bars from Ashare for 002371.SZ
2026-03-04 23:29:11,721 - quanttool.infrastructure.cache.local_cache - INFO - Cached 239 rows for 002371.SZ (16744 bytes)
2026-03-04 23:29:12,657 - quanttool.infrastructure.data_providers.data_fetcher - INFO - Successfully fetched 239 bars from Ashare for 002460.SZ
2026-03-04 23:29:12,662 - quanttool.infrastructure.cache.local_cache - INFO - Cached 239 rows for 002460.SZ (16772 bytes)
2026-03-04 23:29:12,710 - quanttool.infrastructure.data_providers.data_fetcher - INFO - Successfully fetched 239 bars from Ashare for 002459.SZ
2026-03-04 23:29:12,713 - quanttool.infrastructure.cache.local_cache - INFO - Cached 239 rows for 002459.SZ (15703 bytes)
2026-03-04 23:29:12,962 - quanttool.infrastructure.data_providers.data_fetcher - INFO - Successfully fetched 239 bars from Ashare for 002422.SZ
2026-03-04 23:29:12,965 - quanttool.infrastructure.cache.local_cache - INFO - Cached 239 rows for 002422.SZ (16141 bytes)
2026-03-04 23:29:12,970 - quanttool.infrastructure.data_providers.data_fetcher - INFO - Successfully fetched 239 bars from Ashare for 002415.SZ
2026-03-04 23:29:12,972 - quanttool.infrastructure.cache.local_cache - INFO - Cached 239 rows for 002415.SZ (16063 bytes)
2026-03-04 23:29:13,990 - quanttool.infrastructure.data_providers.data_fetcher - INFO - Successfully fetched 239 bars from Ashare for 002463.SZ
2026-03-04 23:29:13,993 - quanttool.infrastructure.cache.local_cache - INFO - Cached 239 rows for 002463.SZ (16841 bytes)
2026-03-04 23:29:13,993 - quanttool.infrastructure.data_providers.data_fetcher - INFO - Progress: 30/30 symbols fetched
2026-03-04 23:29:13,993 - quanttool.infrastructure.data_providers.data_fetcher - INFO - Parallel fetch completed: 30/30 symbols successful
2026-03-04 23:29:13,994 - quanttool.infrastructure.data_providers.data_fetcher - INFO - Cache hit: 0/30 symbols
2026-03-04 23:29:13,995 - quanttool.infrastructure.data_providers.data_fetcher - INFO - Fetching 002466.SZ from Ashare (primary source)
2026-03-04 23:29:13,996 - quanttool.infrastructure.data_providers.data_fetcher - INFO - Fetching 002475.SZ from Ashare (primary source)
2026-03-04 23:29:13,996 - quanttool.infrastructure.data_providers.data_fetcher - INFO - Fetching 002493.SZ from Ashare (primary source)
2026-03-04 23:29:13,997 - quanttool.infrastructure.data_providers.data_fetcher - INFO - Fetching 002594.SZ from Ashare (primary source)
2026-03-04 23:29:13,998 - quanttool.infrastructure.data_providers.data_fetcher - INFO - Fetching 002600.SZ from Ashare (primary source)
2026-03-04 23:29:13,998 - quanttool.infrastructure.data_providers.data_fetcher - INFO - Fetching 002601.SZ from Ashare (primary source)
2026-03-04 23:29:13,998 - quanttool.infrastructure.data_providers.data_fetcher - INFO - Fetching 002625.SZ from Ashare (primary source)
2026-03-04 23:29:13,999 - quanttool.infrastructure.data_providers.data_fetcher - INFO - Fetching 002648.SZ from Ashare (primary source)
2026-03-04 23:29:14,000 - quanttool.infrastructure.data_providers.data_fetcher - INFO - Fetching 002709.SZ from Ashare (primary source)
2026-03-04 23:29:14,000 - quanttool.infrastructure.data_providers.data_fetcher - INFO - Fetching 002714.SZ from Ashare (primary source)
2026-03-04 23:29:15,153 - quanttool.infrastructure.data_providers.data_fetcher - INFO - Successfully fetched 239 bars from Ashare for 002714.SZ
2026-03-04 23:29:15,156 - quanttool.infrastructure.cache.local_cache - INFO - Cached 239 rows for 002714.SZ (16540 bytes)
2026-03-04 23:29:15,157 - quanttool.infrastructure.data_providers.data_fetcher - INFO - Fetching 002736.SZ from Ashare (primary source)
2026-03-04 23:29:15,339 - quanttool.infrastructure.data_providers.data_fetcher - INFO - Successfully fetched 239 bars from Ashare for 002475.SZ
2026-03-04 23:29:15,342 - quanttool.infrastructure.cache.local_cache - INFO - Cached 239 rows for 002475.SZ (16904 bytes)
2026-03-04 23:29:15,343 - quanttool.infrastructure.data_providers.data_fetcher - INFO - Fetching 002916.SZ from Ashare (primary source)
2026-03-04 23:29:15,414 - quanttool.infrastructure.data_providers.data_fetcher - INFO - Successfully fetched 239 bars from Ashare for 002466.SZ
2026-03-04 23:29:15,418 - quanttool.infrastructure.cache.local_cache - INFO - Cached 239 rows for 002466.SZ (16848 bytes)
2026-03-04 23:29:15,418 - quanttool.infrastructure.data_providers.data_fetcher - INFO - Fetching 002920.SZ from Ashare (primary source)
2026-03-04 23:29:15,444 - quanttool.infrastructure.data_providers.data_fetcher - INFO - Successfully fetched 239 bars from Ashare for 002601.SZ
2026-03-04 23:29:15,447 - quanttool.infrastructure.cache.local_cache - INFO - Cached 239 rows for 002601.SZ (15849 bytes)
2026-03-04 23:29:15,447 - quanttool.infrastructure.data_providers.data_fetcher - INFO - Fetching 002938.SZ from Ashare (primary source)
2026-03-04 23:29:15,828 - quanttool.infrastructure.data_providers.data_fetcher - INFO - Successfully fetched 239 bars from Ashare for 002594.SZ
2026-03-04 23:29:15,832 - quanttool.infrastructure.cache.local_cache - INFO - Cached 239 rows for 002594.SZ (16810 bytes)
2026-03-04 23:29:15,832 - quanttool.infrastructure.data_providers.data_fetcher - INFO - Fetching 003816.SZ from Ashare (primary source)
2026-03-04 23:29:15,885 - quanttool.infrastructure.data_providers.data_fetcher - INFO - Successfully fetched 239 bars from Ashare for 002600.SZ
2026-03-04 23:29:15,889 - quanttool.infrastructure.cache.local_cache - INFO - Cached 239 rows for 002600.SZ (15938 bytes)
2026-03-04 23:29:15,889 - quanttool.infrastructure.data_providers.data_fetcher - INFO - Fetching 300014.SZ from Ashare (primary source)
2026-03-04 23:29:16,293 - quanttool.infrastructure.data_providers.data_fetcher - INFO - Successfully fetched 239 bars from Ashare for 002493.SZ
2026-03-04 23:29:16,299 - quanttool.infrastructure.cache.local_cache - INFO - Cached 239 rows for 002493.SZ (15497 bytes)
2026-03-04 23:29:16,299 - quanttool.infrastructure.data_providers.data_fetcher - INFO - Fetching 300015.SZ from Ashare (primary source)
2026-03-04 23:29:16,512 - quanttool.infrastructure.data_providers.data_fetcher - INFO - Successfully fetched 239 bars from Ashare for 002625.SZ
2026-03-04 23:29:16,517 - quanttool.infrastructure.cache.local_cache - INFO - Cached 239 rows for 002625.SZ (16566 bytes)
2026-03-04 23:29:16,518 - quanttool.infrastructure.data_providers.data_fetcher - INFO - Fetching 300033.SZ from Ashare (primary source)
2026-03-04 23:29:16,616 - quanttool.infrastructure.data_providers.data_fetcher - INFO - Successfully fetched 239 bars from Ashare for 002920.SZ
2026-03-04 23:29:16,619 - quanttool.infrastructure.cache.local_cache - INFO - Cached 239 rows for 002920.SZ (16675 bytes)
2026-03-04 23:29:16,620 - quanttool.infrastructure.data_providers.data_fetcher - INFO - Fetching 300059.SZ from Ashare (primary source)
2026-03-04 23:29:16,648 - quanttool.infrastructure.data_providers.data_fetcher - INFO - Successfully fetched 239 bars from Ashare for 002709.SZ
2026-03-04 23:29:16,651 - quanttool.infrastructure.cache.local_cache - INFO - Cached 239 rows for 002709.SZ (16622 bytes)
2026-03-04 23:29:16,651 - quanttool.infrastructure.data_providers.data_fetcher - INFO - Progress: 10/30 symbols fetched
2026-03-04 23:29:16,651 - quanttool.infrastructure.data_providers.data_fetcher - INFO - Fetching 300122.SZ from Ashare (primary source)
2026-03-04 23:29:17,083 - quanttool.infrastructure.data_providers.data_fetcher - INFO - Successfully fetched 239 bars from Ashare for 002648.SZ
2026-03-04 23:29:17,088 - quanttool.infrastructure.cache.local_cache - INFO - Cached 239 rows for 002648.SZ (16064 bytes)
2026-03-04 23:29:17,089 - quanttool.infrastructure.data_providers.data_fetcher - INFO - Fetching 300124.SZ from Ashare (primary source)
2026-03-04 23:29:17,137 - quanttool.infrastructure.data_providers.data_fetcher - INFO - Successfully fetched 239 bars from Ashare for 002916.SZ
2026-03-04 23:29:17,141 - quanttool.infrastructure.cache.local_cache - INFO - Cached 239 rows for 002916.SZ (16885 bytes)
2026-03-04 23:29:17,141 - quanttool.infrastructure.data_providers.data_fetcher - INFO - Fetching 300251.SZ from Ashare (primary source)
2026-03-04 23:29:17,178 - quanttool.infrastructure.data_providers.data_fetcher - INFO - Successfully fetched 239 bars from Ashare for 002938.SZ
2026-03-04 23:29:17,181 - quanttool.infrastructure.cache.local_cache - INFO - Cached 239 rows for 002938.SZ (16868 bytes)
2026-03-04 23:29:17,182 - quanttool.infrastructure.data_providers.data_fetcher - INFO - Fetching 300274.SZ from Ashare (primary source)
2026-03-04 23:29:17,643 - quanttool.infrastructure.data_providers.data_fetcher - INFO - Successfully fetched 239 bars from Ashare for 300014.SZ
2026-03-04 23:29:17,648 - quanttool.infrastructure.cache.local_cache - INFO - Cached 239 rows for 300014.SZ (16796 bytes)
2026-03-04 23:29:17,649 - quanttool.infrastructure.data_providers.data_fetcher - INFO - Fetching 300308.SZ from Ashare (primary source)
2026-03-04 23:29:17,807 - quanttool.infrastructure.data_providers.data_fetcher - INFO - Successfully fetched 239 bars from Ashare for 002736.SZ
2026-03-04 23:29:17,810 - quanttool.infrastructure.cache.local_cache - INFO - Cached 239 rows for 002736.SZ (15697 bytes)
2026-03-04 23:29:17,810 - quanttool.infrastructure.data_providers.data_fetcher - INFO - Fetching 300316.SZ from Ashare (primary source)
2026-03-04 23:29:18,414 - quanttool.infrastructure.data_providers.data_fetcher - INFO - Successfully fetched 239 bars from Ashare for 300059.SZ
2026-03-04 23:29:18,417 - quanttool.infrastructure.cache.local_cache - INFO - Cached 239 rows for 300059.SZ (16183 bytes)
2026-03-04 23:29:18,418 - quanttool.infrastructure.data_providers.data_fetcher - INFO - Fetching 300347.SZ from Ashare (primary source)
2026-03-04 23:29:18,533 - quanttool.infrastructure.data_providers.data_fetcher - INFO - Successfully fetched 239 bars from Ashare for 300251.SZ
2026-03-04 23:29:18,536 - quanttool.infrastructure.cache.local_cache - INFO - Cached 239 rows for 300251.SZ (16111 bytes)
2026-03-04 23:29:18,536 - quanttool.infrastructure.data_providers.data_fetcher - INFO - Fetching 300394.SZ from Ashare (primary source)
2026-03-04 23:29:18,907 - quanttool.infrastructure.data_providers.data_fetcher - INFO - Successfully fetched 239 bars from Ashare for 003816.SZ
2026-03-04 23:29:18,909 - quanttool.infrastructure.cache.local_cache - INFO - Cached 239 rows for 003816.SZ (13187 bytes)
2026-03-04 23:29:18,910 - quanttool.infrastructure.data_providers.data_fetcher - INFO - Fetching 300408.SZ from Ashare (primary source)
2026-03-04 23:29:19,009 - quanttool.infrastructure.data_providers.data_fetcher - INFO - Successfully fetched 239 bars from Ashare for 300015.SZ
2026-03-04 23:29:19,012 - quanttool.infrastructure.cache.local_cache - INFO - Cached 239 rows for 300015.SZ (15256 bytes)
2026-03-04 23:29:19,012 - quanttool.infrastructure.data_providers.data_fetcher - INFO - Fetching 300413.SZ from Ashare (primary source)
2026-03-04 23:29:19,049 - quanttool.infrastructure.data_providers.data_fetcher - INFO - Successfully fetched 239 bars from Ashare for 300122.SZ
2026-03-04 23:29:19,052 - quanttool.infrastructure.cache.local_cache - INFO - Cached 239 rows for 300122.SZ (16123 bytes)
2026-03-04 23:29:19,052 - quanttool.infrastructure.data_providers.data_fetcher - INFO - Progress: 20/30 symbols fetched
2026-03-04 23:29:19,053 - quanttool.infrastructure.data_providers.data_fetcher - INFO - Fetching 300418.SZ from Ashare (primary source)
2026-03-04 23:29:19,192 - quanttool.infrastructure.data_providers.data_fetcher - INFO - Successfully fetched 239 bars from Ashare for 300316.SZ
2026-03-04 23:29:19,195 - quanttool.infrastructure.cache.local_cache - INFO - Cached 239 rows for 300316.SZ (16666 bytes)
2026-03-04 23:29:19,287 - quanttool.infrastructure.data_providers.data_fetcher - INFO - Successfully fetched 239 bars from Ashare for 300124.SZ
2026-03-04 23:29:19,290 - quanttool.infrastructure.cache.local_cache - INFO - Cached 239 rows for 300124.SZ (16616 bytes)
2026-03-04 23:29:19,340 - quanttool.infrastructure.data_providers.data_fetcher - INFO - Successfully fetched 239 bars from Ashare for 300033.SZ
2026-03-04 23:29:19,343 - quanttool.infrastructure.cache.local_cache - INFO - Cached 239 rows for 300033.SZ (16874 bytes)
2026-03-04 23:29:19,389 - quanttool.infrastructure.data_providers.data_fetcher - INFO - Successfully fetched 239 bars from Ashare for 300274.SZ
2026-03-04 23:29:19,392 - quanttool.infrastructure.cache.local_cache - INFO - Cached 239 rows for 300274.SZ (16977 bytes)
2026-03-04 23:29:20,526 - quanttool.infrastructure.data_providers.data_fetcher - INFO - Successfully fetched 239 bars from Ashare for 300394.SZ
2026-03-04 23:29:20,530 - quanttool.infrastructure.cache.local_cache - INFO - Cached 239 rows for 300394.SZ (17030 bytes)
2026-03-04 23:29:20,617 - quanttool.infrastructure.data_providers.data_fetcher - INFO - Successfully fetched 239 bars from Ashare for 300308.SZ
2026-03-04 23:29:20,620 - quanttool.infrastructure.cache.local_cache - INFO - Cached 239 rows for 300308.SZ (17065 bytes)
2026-03-04 23:29:21,121 - quanttool.infrastructure.data_providers.data_fetcher - INFO - Successfully fetched 239 bars from Ashare for 300413.SZ
2026-03-04 23:29:21,127 - quanttool.infrastructure.cache.local_cache - INFO - Cached 239 rows for 300413.SZ (16294 bytes)
2026-03-04 23:29:21,298 - quanttool.infrastructure.data_providers.data_fetcher - INFO - Successfully fetched 239 bars from Ashare for 300347.SZ
2026-03-04 23:29:21,303 - quanttool.infrastructure.cache.local_cache - INFO - Cached 239 rows for 300347.SZ (16724 bytes)
2026-03-04 23:29:21,483 - quanttool.infrastructure.data_providers.data_fetcher - INFO - Successfully fetched 239 bars from Ashare for 300418.SZ
2026-03-04 23:29:21,487 - quanttool.infrastructure.cache.local_cache - INFO - Cached 239 rows for 300418.SZ (16748 bytes)
2026-03-04 23:29:21,923 - quanttool.infrastructure.data_providers.data_fetcher - INFO - Successfully fetched 239 bars from Ashare for 300408.SZ
2026-03-04 23:29:21,928 - quanttool.infrastructure.cache.local_cache - INFO - Cached 239 rows for 300408.SZ (16664 bytes)
2026-03-04 23:29:21,928 - quanttool.infrastructure.data_providers.data_fetcher - INFO - Progress: 30/30 symbols fetched
2026-03-04 23:29:21,928 - quanttool.infrastructure.data_providers.data_fetcher - INFO - Parallel fetch completed: 30/30 symbols successful
2026-03-04 23:29:21,929 - quanttool.infrastructure.data_providers.data_fetcher - INFO - Cache hit: 0/30 symbols
2026-03-04 23:29:21,929 - quanttool.infrastructure.data_providers.data_fetcher - INFO - Fetching 300433.SZ from Ashare (primary source)
2026-03-04 23:29:21,930 - quanttool.infrastructure.data_providers.data_fetcher - INFO - Fetching 300442.SZ from Ashare (primary source)
2026-03-04 23:29:21,931 - quanttool.infrastructure.data_providers.data_fetcher - INFO - Fetching 300476.SZ from Ashare (primary source)
2026-03-04 23:29:21,931 - quanttool.infrastructure.data_providers.data_fetcher - INFO - Fetching 300498.SZ from Ashare (primary source)
2026-03-04 23:29:21,932 - quanttool.infrastructure.data_providers.data_fetcher - INFO - Fetching 300502.SZ from Ashare (primary source)
2026-03-04 23:29:21,933 - quanttool.infrastructure.data_providers.data_fetcher - INFO - Fetching 300628.SZ from Ashare (primary source)
2026-03-04 23:29:21,933 - quanttool.infrastructure.data_providers.data_fetcher - INFO - Fetching 300661.SZ from Ashare (primary source)
2026-03-04 23:29:21,934 - quanttool.infrastructure.data_providers.data_fetcher - INFO - Fetching 300750.SZ from Ashare (primary source)
2026-03-04 23:29:21,934 - quanttool.infrastructure.data_providers.data_fetcher - INFO - Fetching 300759.SZ from Ashare (primary source)
2026-03-04 23:29:21,935 - quanttool.infrastructure.data_providers.data_fetcher - INFO - Fetching 300760.SZ from Ashare (primary source)
2026-03-04 23:29:23,213 - quanttool.infrastructure.data_providers.data_fetcher - WARNING - 新浪数据获取失败: Expecting value: line 1 column 1 (char 0)
2026-03-04 23:29:23,358 - quanttool.infrastructure.data_providers.data_fetcher - INFO - Successfully fetched 239 bars from Ashare for 300661.SZ
2026-03-04 23:29:23,358 - quanttool.infrastructure.data_providers.data_fetcher - WARNING - 新浪数据获取失败: Expecting value: line 1 column 1 (char 0)
2026-03-04 23:29:23,361 - quanttool.infrastructure.cache.local_cache - INFO - Cached 239 rows for 300661.SZ (16668 bytes)
2026-03-04 23:29:23,361 - quanttool.infrastructure.data_providers.data_fetcher - INFO - Fetching 300782.SZ from Ashare (primary source)
2026-03-04 23:29:23,466 - quanttool.infrastructure.data_providers.data_fetcher - WARNING - 新浪数据获取失败: Expecting value: line 1 column 1 (char 0)
2026-03-04 23:29:23,951 - quanttool.infrastructure.data_providers.data_fetcher - WARNING - 新浪数据获取失败: Expecting value: line 1 column 1 (char 0)
2026-03-04 23:29:24,022 - quanttool.infrastructure.data_providers.data_fetcher - WARNING - 新浪数据获取失败: Expecting value: line 1 column 1 (char 0)
2026-03-04 23:29:24,077 - quanttool.infrastructure.data_providers.data_fetcher - WARNING - 新浪数据获取失败: Expecting value: line 1 column 1 (char 0)
2026-03-04 23:29:24,475 - quanttool.infrastructure.data_providers.data_fetcher - WARNING - 新浪数据获取失败: Expecting value: line 1 column 1 (char 0)
2026-03-04 23:29:24,511 - quanttool.infrastructure.data_providers.data_fetcher - WARNING - 新浪数据获取失败: Expecting value: line 1 column 1 (char 0)
2026-03-04 23:29:24,961 - quanttool.infrastructure.data_providers.data_fetcher - WARNING - 新浪数据获取失败: Expecting value: line 1 column 1 (char 0)
2026-03-04 23:29:25,352 - quanttool.infrastructure.data_providers.data_fetcher - WARNING - 腾讯数据获取失败: 6 columns passed, passed data had 7 columns
2026-03-04 23:29:25,354 - quanttool.infrastructure.data_providers.data_fetcher - WARNING - Ashare returned no data for 300750.SZ
2026-03-04 23:29:25,550 - quanttool.infrastructure.data_providers.data_fetcher - WARNING - 腾讯数据获取失败: 6 columns passed, passed data had 7 columns
2026-03-04 23:29:25,552 - quanttool.infrastructure.data_providers.data_fetcher - WARNING - Ashare returned no data for 300498.SZ
2026-03-04 23:29:25,708 - quanttool.infrastructure.data_providers.data_fetcher - WARNING - 腾讯数据获取失败: 6 columns passed, passed data had 7 columns
2026-03-04 23:29:25,710 - quanttool.infrastructure.data_providers.data_fetcher - WARNING - Ashare returned no data for 300433.SZ
2026-03-04 23:29:26,232 - quanttool.infrastructure.data_providers.data_fetcher - WARNING - 腾讯数据获取失败: 6 columns passed, passed data had 7 columns
2026-03-04 23:29:26,233 - quanttool.infrastructure.data_providers.data_fetcher - WARNING - Ashare returned no data for 300476.SZ
2026-03-04 23:29:26,245 - quanttool.infrastructure.data_providers.data_fetcher - WARNING - 腾讯数据获取失败: 6 columns passed, passed data had 7 columns
2026-03-04 23:29:26,247 - quanttool.infrastructure.data_providers.data_fetcher - WARNING - Ashare returned no data for 300442.SZ
2026-03-04 23:29:26,262 - quanttool.infrastructure.data_providers.data_fetcher - WARNING - 腾讯数据获取失败: 6 columns passed, passed data had 7 columns
2026-03-04 23:29:26,263 - quanttool.infrastructure.data_providers.data_fetcher - WARNING - Ashare returned no data for 300760.SZ
2026-03-04 23:29:26,277 - quanttool.infrastructure.data_providers.data_fetcher - WARNING - 新浪数据获取失败: Expecting value: line 1 column 1 (char 0)
2026-03-04 23:29:26,607 - quanttool.infrastructure.data_providers.data_fetcher - WARNING - 腾讯数据获取失败: 6 columns passed, passed data had 7 columns
2026-03-04 23:29:26,608 - quanttool.infrastructure.data_providers.data_fetcher - WARNING - Ashare returned no data for 300628.SZ
2026-03-04 23:29:27,079 - quanttool.infrastructure.data_providers.data_fetcher - WARNING - 腾讯数据获取失败: 6 columns passed, passed data had 7 columns
2026-03-04 23:29:27,082 - quanttool.infrastructure.data_providers.data_fetcher - WARNING - Ashare returned no data for 300759.SZ
2026-03-04 23:29:27,146 - quanttool.infrastructure.data_providers.data_fetcher - ERROR - Error fetching EastMoney data for 300750.SZ: ('Connection aborted.', RemoteDisconnected('Remote end closed connection without response'))
2026-03-04 23:29:27,146 - quanttool.infrastructure.data_providers.data_fetcher - INFO - Fetching 300750.SZ from AkShare using base symbol 300750
2026-03-04 23:29:27,203 - quanttool.infrastructure.data_providers.data_fetcher - WARNING - AkShare attempt 1 failed: ('Connection aborted.', RemoteDisconnected('Remote end closed connection without response'))
2026-03-04 23:29:27,310 - quanttool.infrastructure.data_providers.data_fetcher - ERROR - Error fetching EastMoney data for 300498.SZ: ('Connection aborted.', RemoteDisconnected('Remote end closed connection without response'))
2026-03-04 23:29:27,311 - quanttool.infrastructure.data_providers.data_fetcher - INFO - Fetching 300498.SZ from AkShare using base symbol 300498
2026-03-04 23:29:27,335 - quanttool.infrastructure.data_providers.data_fetcher - WARNING - 腾讯数据获取失败: 6 columns passed, passed data had 7 columns
2026-03-04 23:29:27,337 - quanttool.infrastructure.data_providers.data_fetcher - WARNING - Ashare returned no data for 300502.SZ
2026-03-04 23:29:27,361 - quanttool.infrastructure.data_providers.data_fetcher - WARNING - AkShare attempt 1 failed: ('Connection aborted.', RemoteDisconnected('Remote end closed connection without response'))
2026-03-04 23:29:27,567 - quanttool.infrastructure.data_providers.data_fetcher - ERROR - Error fetching EastMoney data for 300433.SZ: ('Connection aborted.', RemoteDisconnected('Remote end closed connection without response'))
2026-03-04 23:29:27,568 - quanttool.infrastructure.data_providers.data_fetcher - INFO - Fetching 300433.SZ from AkShare using base symbol 300433
2026-03-04 23:29:27,623 - quanttool.infrastructure.data_providers.data_fetcher - WARNING - AkShare attempt 1 failed: ('Connection aborted.', RemoteDisconnected('Remote end closed connection without response'))
2026-03-04 23:29:27,766 - quanttool.infrastructure.data_providers.data_fetcher - WARNING - 腾讯数据获取失败: 6 columns passed, passed data had 7 columns
2026-03-04 23:29:27,767 - quanttool.infrastructure.data_providers.data_fetcher - WARNING - Ashare returned no data for 300782.SZ
2026-03-04 23:29:27,799 - quanttool.infrastructure.data_providers.data_fetcher - ERROR - Error fetching EastMoney data for 300628.SZ: ('Connection aborted.', RemoteDisconnected('Remote end closed connection without response'))
2026-03-04 23:29:27,799 - quanttool.infrastructure.data_providers.data_fetcher - INFO - Fetching 300628.SZ from AkShare using base symbol 300628
2026-03-04 23:29:27,845 - quanttool.infrastructure.data_providers.data_fetcher - WARNING - AkShare attempt 1 failed: ('Connection aborted.', RemoteDisconnected('Remote end closed connection without response'))
2026-03-04 23:29:28,260 - quanttool.infrastructure.data_providers.data_fetcher - WARNING - AkShare attempt 2 failed: ('Connection aborted.', RemoteDisconnected('Remote end closed connection without response'))
2026-03-04 23:29:28,278 - quanttool.infrastructure.data_providers.data_fetcher - ERROR - Error fetching EastMoney data for 300760.SZ: ('Connection aborted.', RemoteDisconnected('Remote end closed connection without response'))
2026-03-04 23:29:28,279 - quanttool.infrastructure.data_providers.data_fetcher - INFO - Fetching 300760.SZ from AkShare using base symbol 300760
2026-03-04 23:29:28,326 - quanttool.infrastructure.data_providers.data_fetcher - WARNING - AkShare attempt 1 failed: ('Connection aborted.', RemoteDisconnected('Remote end closed connection without response'))
2026-03-04 23:29:28,412 - quanttool.infrastructure.data_providers.data_fetcher - WARNING - AkShare attempt 2 failed: ('Connection aborted.', RemoteDisconnected('Remote end closed connection without response'))
2026-03-04 23:29:28,526 - quanttool.infrastructure.data_providers.data_fetcher - ERROR - Error fetching EastMoney data for 300502.SZ: ('Connection aborted.', RemoteDisconnected('Remote end closed connection without response'))
2026-03-04 23:29:28,526 - quanttool.infrastructure.data_providers.data_fetcher - INFO - Fetching 300502.SZ from AkShare using base symbol 300502
2026-03-04 23:29:28,585 - quanttool.infrastructure.data_providers.data_fetcher - WARNING - AkShare attempt 1 failed: ('Connection aborted.', RemoteDisconnected('Remote end closed connection without response'))
2026-03-04 23:29:28,680 - quanttool.infrastructure.data_providers.data_fetcher - WARNING - AkShare attempt 2 failed: ('Connection aborted.', RemoteDisconnected('Remote end closed connection without response'))
2026-03-04 23:29:28,723 - quanttool.infrastructure.data_providers.data_fetcher - ERROR - Error fetching EastMoney data for 300476.SZ: ('Connection aborted.', RemoteDisconnected('Remote end closed connection without response'))
2026-03-04 23:29:28,723 - quanttool.infrastructure.data_providers.data_fetcher - INFO - Fetching 300476.SZ from AkShare using base symbol 300476
2026-03-04 23:29:28,774 - quanttool.infrastructure.data_providers.data_fetcher - WARNING - AkShare attempt 1 failed: ('Connection aborted.', RemoteDisconnected('Remote end closed connection without response'))
2026-03-04 23:29:28,828 - quanttool.infrastructure.data_providers.data_fetcher - ERROR - Error fetching EastMoney data for 300782.SZ: ('Connection aborted.', RemoteDisconnected('Remote end closed connection without response'))
2026-03-04 23:29:28,828 - quanttool.infrastructure.data_providers.data_fetcher - INFO - Fetching 300782.SZ from AkShare using base symbol 300782
2026-03-04 23:29:28,874 - quanttool.infrastructure.data_providers.data_fetcher - WARNING - AkShare attempt 1 failed: ('Connection aborted.', RemoteDisconnected('Remote end closed connection without response'))
2026-03-04 23:29:28,901 - quanttool.infrastructure.data_providers.data_fetcher - WARNING - AkShare attempt 2 failed: ('Connection aborted.', RemoteDisconnected('Remote end closed connection without response'))
2026-03-04 23:29:28,976 - quanttool.infrastructure.data_providers.data_fetcher - ERROR - Error fetching EastMoney data for 300442.SZ: ('Connection aborted.', RemoteDisconnected('Remote end closed connection without response'))
2026-03-04 23:29:28,977 - quanttool.infrastructure.data_providers.data_fetcher - INFO - Fetching 300442.SZ from AkShare using base symbol 300442
2026-03-04 23:29:29,025 - quanttool.infrastructure.data_providers.data_fetcher - WARNING - AkShare attempt 1 failed: ('Connection aborted.', RemoteDisconnected('Remote end closed connection without response'))
2026-03-04 23:29:29,140 - quanttool.infrastructure.data_providers.data_fetcher - ERROR - Error fetching EastMoney data for 300759.SZ: ('Connection aborted.', RemoteDisconnected('Remote end closed connection without response'))
2026-03-04 23:29:29,140 - quanttool.infrastructure.data_providers.data_fetcher - INFO - Fetching 300759.SZ from AkShare using base symbol 300759
2026-03-04 23:29:29,189 - quanttool.infrastructure.data_providers.data_fetcher - WARNING - AkShare attempt 1 failed: ('Connection aborted.', RemoteDisconnected('Remote end closed connection without response'))
2026-03-04 23:29:29,316 - quanttool.infrastructure.data_providers.data_fetcher - WARNING - AkShare attempt 3 failed: ('Connection aborted.', RemoteDisconnected('Remote end closed connection without response'))
2026-03-04 23:29:29,316 - quanttool.infrastructure.data_providers.data_fetcher - WARNING - No AkShare data found for 300750.SZ: ('Connection aborted.', RemoteDisconnected('Remote end closed connection without response'))
2026-03-04 23:29:29,317 - quanttool.infrastructure.data_providers.data_fetcher - INFO - Fetching 300750.SZ from BaoStock using sz.300750
2026-03-04 23:29:29,381 - quanttool.infrastructure.data_providers.data_fetcher - WARNING - AkShare attempt 2 failed: ('Connection aborted.', RemoteDisconnected('Remote end closed connection without response'))
2026-03-04 23:29:29,461 - quanttool.infrastructure.data_providers.data_fetcher - WARNING - AkShare attempt 3 failed: ('Connection aborted.', RemoteDisconnected('Remote end closed connection without response'))
2026-03-04 23:29:29,461 - quanttool.infrastructure.data_providers.data_fetcher - WARNING - No AkShare data found for 300498.SZ: ('Connection aborted.', RemoteDisconnected('Remote end closed connection without response'))
2026-03-04 23:29:29,462 - quanttool.infrastructure.data_providers.data_fetcher - INFO - Fetching 300498.SZ from BaoStock using sz.300498
2026-03-04 23:29:29,647 - quanttool.infrastructure.data_providers.data_fetcher - WARNING - AkShare attempt 2 failed: ('Connection aborted.', RemoteDisconnected('Remote end closed connection without response'))
2026-03-04 23:29:29,734 - quanttool.infrastructure.data_providers.data_fetcher - WARNING - AkShare attempt 3 failed: ('Connection aborted.', RemoteDisconnected('Remote end closed connection without response'))
2026-03-04 23:29:29,734 - quanttool.infrastructure.data_providers.data_fetcher - WARNING - No AkShare data found for 300433.SZ: ('Connection aborted.', RemoteDisconnected('Remote end closed connection without response'))
2026-03-04 23:29:29,735 - quanttool.infrastructure.data_providers.data_fetcher - INFO - Fetching 300433.SZ from BaoStock using sz.300433
2026-03-04 23:29:29,765 - quanttool.infrastructure.data_providers.data_fetcher - INFO - Successfully fetched 239 bars from BaoStock for 300750.SZ
2026-03-04 23:29:29,794 - quanttool.infrastructure.data_providers.data_fetcher - WARNING - No BaoStock data found for 300433.SZ
2026-03-04 23:29:29,796 - quanttool.infrastructure.data_providers.data_fetcher - INFO - Fetching 300803.SZ from Ashare (primary source)
2026-03-04 23:29:29,799 - quanttool.infrastructure.cache.local_cache - INFO - Cached 239 rows for 300750.SZ (16747 bytes)
2026-03-04 23:29:29,799 - quanttool.infrastructure.data_providers.data_fetcher - INFO - Fetching 300832.SZ from Ashare (primary source)
2026-03-04 23:29:29,826 - quanttool.infrastructure.data_providers.data_fetcher - WARNING - AkShare attempt 2 failed: ('Connection aborted.', RemoteDisconnected('Remote end closed connection without response'))
2026-03-04 23:29:29,928 - quanttool.infrastructure.data_providers.data_fetcher - WARNING - AkShare attempt 2 failed: ('Connection aborted.', RemoteDisconnected('Remote end closed connection without response'))
2026-03-04 23:29:29,948 - quanttool.infrastructure.data_providers.data_fetcher - WARNING - AkShare attempt 3 failed: ('Connection aborted.', RemoteDisconnected('Remote end closed connection without response'))
2026-03-04 23:29:29,948 - quanttool.infrastructure.data_providers.data_fetcher - WARNING - No AkShare data found for 300628.SZ: ('Connection aborted.', RemoteDisconnected('Remote end closed connection without response'))
2026-03-04 23:29:29,948 - quanttool.infrastructure.data_providers.data_fetcher - INFO - Fetching 300628.SZ from BaoStock using sz.300628
2026-03-04 23:29:30,073 - quanttool.infrastructure.data_providers.data_fetcher - WARNING - AkShare attempt 2 failed: ('Connection aborted.', RemoteDisconnected('Remote end closed connection without response'))
2026-03-04 23:29:30,245 - quanttool.infrastructure.data_providers.data_fetcher - WARNING - AkShare attempt 2 failed: ('Connection aborted.', RemoteDisconnected('Remote end closed connection without response'))
2026-03-04 23:29:30,266 - quanttool.infrastructure.data_providers.data_fetcher - INFO - Successfully fetched 239 bars from BaoStock for 300628.SZ
2026-03-04 23:29:30,433 - quanttool.infrastructure.data_providers.data_fetcher - WARNING - AkShare attempt 3 failed: ('Connection aborted.', RemoteDisconnected('Remote end closed connection without response'))
2026-03-04 23:29:30,433 - quanttool.infrastructure.data_providers.data_fetcher - WARNING - No AkShare data found for 300760.SZ: ('Connection aborted.', RemoteDisconnected('Remote end closed connection without response'))
2026-03-04 23:29:30,433 - quanttool.infrastructure.data_providers.data_fetcher - INFO - Fetching 300760.SZ from BaoStock using sz.300760
2026-03-04 23:29:30,487 - quanttool.infrastructure.data_providers.data_fetcher - WARNING - No BaoStock data found for 300760.SZ
2026-03-04 23:29:30,488 - quanttool.infrastructure.data_providers.data_fetcher - INFO - Fetching 300866.SZ from Ashare (primary source)
2026-03-04 23:29:30,491 - quanttool.infrastructure.cache.local_cache - INFO - Cached 239 rows for 300628.SZ (15963 bytes)
2026-03-04 23:29:30,491 - quanttool.infrastructure.data_providers.data_fetcher - INFO - Fetching 300896.SZ from Ashare (primary source)
2026-03-04 23:29:30,706 - quanttool.infrastructure.data_providers.data_fetcher - WARNING - AkShare attempt 3 failed: ('Connection aborted.', RemoteDisconnected('Remote end closed connection without response'))
2026-03-04 23:29:30,707 - quanttool.infrastructure.data_providers.data_fetcher - WARNING - No AkShare data found for 300502.SZ: ('Connection aborted.', RemoteDisconnected('Remote end closed connection without response'))
2026-03-04 23:29:30,707 - quanttool.infrastructure.data_providers.data_fetcher - INFO - Fetching 300502.SZ from BaoStock using sz.300502
2026-03-04 23:29:30,877 - quanttool.infrastructure.data_providers.data_fetcher - WARNING - AkShare attempt 3 failed: ('Connection aborted.', RemoteDisconnected('Remote end closed connection without response'))
2026-03-04 23:29:30,877 - quanttool.infrastructure.data_providers.data_fetcher - WARNING - No AkShare data found for 300476.SZ: ('Connection aborted.', RemoteDisconnected('Remote end closed connection without response'))
2026-03-04 23:29:30,877 - quanttool.infrastructure.data_providers.data_fetcher - INFO - Fetching 300476.SZ from BaoStock using sz.300476
2026-03-04 23:29:30,979 - quanttool.infrastructure.data_providers.data_fetcher - WARNING - AkShare attempt 3 failed: ('Connection aborted.', RemoteDisconnected('Remote end closed connection without response'))
2026-03-04 23:29:30,979 - quanttool.infrastructure.data_providers.data_fetcher - WARNING - No AkShare data found for 300782.SZ: ('Connection aborted.', RemoteDisconnected('Remote end closed connection without response'))
2026-03-04 23:29:30,979 - quanttool.infrastructure.data_providers.data_fetcher - INFO - Fetching 300782.SZ from BaoStock using sz.300782
2026-03-04 23:29:31,127 - quanttool.infrastructure.data_providers.data_fetcher - WARNING - AkShare attempt 3 failed: ('Connection aborted.', RemoteDisconnected('Remote end closed connection without response'))
2026-03-04 23:29:31,127 - quanttool.infrastructure.data_providers.data_fetcher - WARNING - No AkShare data found for 300442.SZ: ('Connection aborted.', RemoteDisconnected('Remote end closed connection without response'))
2026-03-04 23:29:31,127 - quanttool.infrastructure.data_providers.data_fetcher - INFO - Fetching 300442.SZ from BaoStock using sz.300442
2026-03-04 23:29:31,304 - quanttool.infrastructure.data_providers.data_fetcher - WARNING - AkShare attempt 3 failed: ('Connection aborted.', RemoteDisconnected('Remote end closed connection without response'))
2026-03-04 23:29:31,305 - quanttool.infrastructure.data_providers.data_fetcher - WARNING - No AkShare data found for 300759.SZ: ('Connection aborted.', RemoteDisconnected('Remote end closed connection without response'))
2026-03-04 23:29:31,305 - quanttool.infrastructure.data_providers.data_fetcher - INFO - Fetching 300759.SZ from BaoStock using sz.300759
2026-03-04 23:29:31,618 - quanttool.infrastructure.data_providers.data_fetcher - INFO - Successfully fetched 239 bars from BaoStock for 300476.SZ
2026-03-04 23:29:31,963 - quanttool.infrastructure.data_providers.data_fetcher - WARNING - 新浪数据获取失败: Expecting value: line 1 column 1 (char 0)
2026-03-04 23:29:32,020 - quanttool.infrastructure.data_providers.data_fetcher - WARNING - 新浪数据获取失败: Expecting value: line 1 column 1 (char 0)
2026-03-04 23:29:32,314 - quanttool.infrastructure.data_providers.data_fetcher - WARNING - No BaoStock data found for 300442.SZ
2026-03-04 23:29:32,372 - quanttool.infrastructure.data_providers.data_fetcher - INFO - Successfully fetched 239 bars from BaoStock for 300782.SZ
2026-03-04 23:29:32,388 - quanttool.infrastructure.data_providers.data_fetcher - INFO - Fetching 300979.SZ from Ashare (primary source)
2026-03-04 23:29:32,394 - quanttool.infrastructure.cache.local_cache - INFO - Cached 239 rows for 300782.SZ (16284 bytes)
2026-03-04 23:29:32,394 - quanttool.infrastructure.data_providers.data_fetcher - INFO - Fetching 300999.SZ from Ashare (primary source)
2026-03-04 23:29:32,633 - quanttool.infrastructure.data_providers.data_fetcher - WARNING - 新浪数据获取失败: Expecting value: line 1 column 1 (char 0)
2026-03-04 23:29:32,680 - quanttool.infrastructure.data_providers.data_fetcher - WARNING - 新浪数据获取失败: Expecting value: line 1 column 1 (char 0)
2026-03-04 23:29:33,282 - quanttool.infrastructure.data_providers.data_fetcher - WARNING - 腾讯数据获取失败: 6 columns passed, passed data had 7 columns
2026-03-04 23:29:33,283 - quanttool.infrastructure.data_providers.data_fetcher - WARNING - Ashare returned no data for 300803.SZ
2026-03-04 23:29:33,815 - quanttool.infrastructure.data_providers.data_fetcher - WARNING - 新浪数据获取失败: Expecting value: line 1 column 1 (char 0)
2026-03-04 23:29:34,345 - quanttool.infrastructure.data_providers.data_fetcher - WARNING - 腾讯数据获取失败: 6 columns passed, passed data had 7 columns
2026-03-04 23:29:34,346 - quanttool.infrastructure.data_providers.data_fetcher - WARNING - Ashare returned no data for 300896.SZ
2026-03-04 23:29:34,528 - quanttool.infrastructure.data_providers.data_fetcher - WARNING - 新浪数据获取失败: Expecting value: line 1 column 1 (char 0)
2026-03-04 23:29:34,659 - quanttool.infrastructure.data_providers.data_fetcher - WARNING - 腾讯数据获取失败: 6 columns passed, passed data had 7 columns
2026-03-04 23:29:34,660 - quanttool.infrastructure.data_providers.data_fetcher - WARNING - Ashare returned no data for 300832.SZ
2026-03-04 23:29:35,164 - quanttool.infrastructure.data_providers.data_fetcher - WARNING - 腾讯数据获取失败: 6 columns passed, passed data had 7 columns
2026-03-04 23:29:35,165 - quanttool.infrastructure.data_providers.data_fetcher - WARNING - Ashare returned no data for 300866.SZ
2026-03-04 23:29:35,996 - quanttool.infrastructure.data_providers.data_fetcher - WARNING - 腾讯数据获取失败: 6 columns passed, passed data had 7 columns
2026-03-04 23:29:35,997 - quanttool.infrastructure.data_providers.data_fetcher - WARNING - Ashare returned no data for 300999.SZ
2026-03-04 23:29:36,000 - quanttool.infrastructure.data_providers.data_fetcher - ERROR - Error fetching EastMoney data for 300803.SZ: ('Connection aborted.', RemoteDisconnected('Remote end closed connection without response'))
2026-03-04 23:29:36,000 - quanttool.infrastructure.data_providers.data_fetcher - INFO - Fetching 300803.SZ from AkShare using base symbol 300803
2026-03-04 23:29:36,057 - quanttool.infrastructure.data_providers.data_fetcher - WARNING - AkShare attempt 1 failed: ('Connection aborted.', RemoteDisconnected('Remote end closed connection without response'))
2026-03-04 23:29:36,152 - quanttool.infrastructure.data_providers.data_fetcher - WARNING - 腾讯数据获取失败: 6 columns passed, passed data had 7 columns
2026-03-04 23:29:36,153 - quanttool.infrastructure.data_providers.data_fetcher - WARNING - Ashare returned no data for 300979.SZ
2026-03-04 23:29:36,568 - quanttool.infrastructure.data_providers.data_fetcher - ERROR - Error fetching EastMoney data for 300896.SZ: ('Connection aborted.', RemoteDisconnected('Remote end closed connection without response'))
2026-03-04 23:29:36,569 - quanttool.infrastructure.data_providers.data_fetcher - INFO - Fetching 300896.SZ from AkShare using base symbol 300896
2026-03-04 23:29:36,624 - quanttool.infrastructure.data_providers.data_fetcher - WARNING - AkShare attempt 1 failed: ('Connection aborted.', RemoteDisconnected('Remote end closed connection without response'))
2026-03-04 23:29:37,123 - quanttool.infrastructure.data_providers.data_fetcher - WARNING - AkShare attempt 2 failed: ('Connection aborted.', RemoteDisconnected('Remote end closed connection without response'))
2026-03-04 23:29:37,293 - quanttool.infrastructure.data_providers.data_fetcher - ERROR - Error fetching EastMoney data for 300866.SZ: ('Connection aborted.', RemoteDisconnected('Remote end closed connection without response'))
2026-03-04 23:29:37,293 - quanttool.infrastructure.data_providers.data_fetcher - INFO - Fetching 300866.SZ from AkShare using base symbol 300866
2026-03-04 23:29:37,346 - quanttool.infrastructure.data_providers.data_fetcher - WARNING - AkShare attempt 1 failed: ('Connection aborted.', RemoteDisconnected('Remote end closed connection without response'))
2026-03-04 23:29:37,397 - quanttool.infrastructure.data_providers.data_fetcher - ERROR - Error fetching EastMoney data for 300832.SZ: ('Connection aborted.', RemoteDisconnected('Remote end closed connection without response'))
2026-03-04 23:29:37,397 - quanttool.infrastructure.data_providers.data_fetcher - INFO - Fetching 300832.SZ from AkShare using base symbol 300832
2026-03-04 23:29:37,450 - quanttool.infrastructure.data_providers.data_fetcher - WARNING - AkShare attempt 1 failed: ('Connection aborted.', RemoteDisconnected('Remote end closed connection without response'))
2026-03-04 23:29:37,698 - quanttool.infrastructure.data_providers.data_fetcher - WARNING - AkShare attempt 2 failed: ('Connection aborted.', RemoteDisconnected('Remote end closed connection without response'))
2026-03-04 23:29:38,180 - quanttool.infrastructure.data_providers.data_fetcher - WARNING - AkShare attempt 3 failed: ('Connection aborted.', RemoteDisconnected('Remote end closed connection without response'))
2026-03-04 23:29:38,180 - quanttool.infrastructure.data_providers.data_fetcher - WARNING - No AkShare data found for 300803.SZ: ('Connection aborted.', RemoteDisconnected('Remote end closed connection without response'))
2026-03-04 23:29:38,181 - quanttool.infrastructure.data_providers.data_fetcher - INFO - Fetching 300803.SZ from BaoStock using sz.300803
2026-03-04 23:29:38,412 - quanttool.infrastructure.data_providers.data_fetcher - WARNING - AkShare attempt 2 failed: ('Connection aborted.', RemoteDisconnected('Remote end closed connection without response'))
2026-03-04 23:29:38,499 - quanttool.infrastructure.data_providers.data_fetcher - WARNING - AkShare attempt 2 failed: ('Connection aborted.', RemoteDisconnected('Remote end closed connection without response'))
2026-03-04 23:29:38,536 - quanttool.infrastructure.data_providers.data_fetcher - ERROR - Error fetching EastMoney data for 300979.SZ: ('Connection aborted.', RemoteDisconnected('Remote end closed connection without response'))
2026-03-04 23:29:38,536 - quanttool.infrastructure.data_providers.data_fetcher - INFO - Fetching 300979.SZ from AkShare using base symbol 300979
2026-03-04 23:29:38,580 - quanttool.infrastructure.data_providers.data_fetcher - WARNING - AkShare attempt 1 failed: ('Connection aborted.', RemoteDisconnected('Remote end closed connection without response'))
2026-03-04 23:29:38,645 - quanttool.infrastructure.data_providers.data_fetcher - ERROR - Error fetching EastMoney data for 300999.SZ: ('Connection aborted.', RemoteDisconnected('Remote end closed connection without response'))
2026-03-04 23:29:38,645 - quanttool.infrastructure.data_providers.data_fetcher - INFO - Fetching 300999.SZ from AkShare using base symbol 300999
2026-03-04 23:29:38,700 - quanttool.infrastructure.data_providers.data_fetcher - WARNING - AkShare attempt 1 failed: ('Connection aborted.', RemoteDisconnected('Remote end closed connection without response'))
2026-03-04 23:29:38,753 - quanttool.infrastructure.data_providers.data_fetcher - WARNING - AkShare attempt 3 failed: ('Connection aborted.', RemoteDisconnected('Remote end closed connection without response'))
2026-03-04 23:29:38,754 - quanttool.infrastructure.data_providers.data_fetcher - WARNING - No AkShare data found for 300896.SZ: ('Connection aborted.', RemoteDisconnected('Remote end closed connection without response'))
2026-03-04 23:29:38,754 - quanttool.infrastructure.data_providers.data_fetcher - INFO - Fetching 300896.SZ from BaoStock using sz.300896
2026-03-04 23:29:39,435 - quanttool.infrastructure.data_providers.data_fetcher - INFO - Successfully fetched 239 bars from BaoStock for 300896.SZ
2026-03-04 23:29:39,459 - quanttool.infrastructure.data_providers.data_fetcher - WARNING - AkShare attempt 3 failed: ('Connection aborted.', RemoteDisconnected('Remote end closed connection without response'))
2026-03-04 23:29:39,460 - quanttool.infrastructure.data_providers.data_fetcher - WARNING - No AkShare data found for 300866.SZ: ('Connection aborted.', RemoteDisconnected('Remote end closed connection without response'))
2026-03-04 23:29:39,460 - quanttool.infrastructure.data_providers.data_fetcher - INFO - Fetching 300866.SZ from BaoStock using sz.300866
2026-03-04 23:29:39,546 - quanttool.infrastructure.data_providers.data_fetcher - WARNING - AkShare attempt 3 failed: ('Connection aborted.', RemoteDisconnected('Remote end closed connection without response'))
2026-03-04 23:29:39,546 - quanttool.infrastructure.data_providers.data_fetcher - WARNING - No AkShare data found for 300832.SZ: ('Connection aborted.', RemoteDisconnected('Remote end closed connection without response'))
2026-03-04 23:29:39,546 - quanttool.infrastructure.data_providers.data_fetcher - INFO - Fetching 300832.SZ from BaoStock using sz.300832
2026-03-04 23:29:39,623 - quanttool.infrastructure.data_providers.data_fetcher - WARNING - AkShare attempt 2 failed: ('Connection aborted.', RemoteDisconnected('Remote end closed connection without response'))
2026-03-04 23:29:39,659 - quanttool.infrastructure.data_providers.data_fetcher - WARNING - No BaoStock data found for 300832.SZ
2026-03-04 23:29:39,661 - quanttool.infrastructure.data_providers.data_fetcher - INFO - Fetching 301236.SZ from Ashare (primary source)
2026-03-04 23:29:39,663 - quanttool.infrastructure.cache.local_cache - INFO - Cached 239 rows for 300896.SZ (16584 bytes)
2026-03-04 23:29:39,664 - quanttool.infrastructure.data_providers.data_fetcher - INFO - Fetching 301269.SZ from Ashare (primary source)
2026-03-04 23:29:39,749 - quanttool.infrastructure.data_providers.data_fetcher - WARNING - AkShare attempt 2 failed: ('Connection aborted.', RemoteDisconnected('Remote end closed connection without response'))
2026-03-04 23:29:39,757 - quanttool.infrastructure.data_providers.data_fetcher - INFO - Successfully fetched 239 bars from BaoStock for 300866.SZ
2026-03-04 23:29:39,760 - quanttool.infrastructure.cache.local_cache - INFO - Cached 239 rows for 300866.SZ (16632 bytes)
2026-03-04 23:29:39,760 - quanttool.infrastructure.data_providers.data_fetcher - INFO - Progress: 10/30 symbols fetched
2026-03-04 23:29:39,761 - quanttool.infrastructure.data_providers.data_fetcher - INFO - Fetching 302132.SZ from Ashare (primary source)
2026-03-04 23:29:40,523 - quanttool.infrastructure.data_providers.data_fetcher - INFO - Successfully fetched 239 bars from BaoStock for 300803.SZ
2026-03-04 23:29:40,539 - quanttool.infrastructure.cache.local_cache - INFO - Cached 239 rows for 300803.SZ (16916 bytes)
2026-03-04 23:29:40,540 - quanttool.infrastructure.data_providers.data_fetcher - INFO - Fetching 600000.SH from Ashare (primary source)
2026-03-04 23:29:40,686 - quanttool.infrastructure.data_providers.data_fetcher - WARNING - AkShare attempt 3 failed: ('Connection aborted.', RemoteDisconnected('Remote end closed connection without response'))
2026-03-04 23:29:40,686 - quanttool.infrastructure.data_providers.data_fetcher - WARNING - No AkShare data found for 300979.SZ: ('Connection aborted.', RemoteDisconnected('Remote end closed connection without response'))
2026-03-04 23:29:40,687 - quanttool.infrastructure.data_providers.data_fetcher - INFO - Fetching 300979.SZ from BaoStock using sz.300979
2026-03-04 23:29:40,812 - quanttool.infrastructure.data_providers.data_fetcher - WARNING - AkShare attempt 3 failed: ('Connection aborted.', RemoteDisconnected('Remote end closed connection without response'))
2026-03-04 23:29:40,812 - quanttool.infrastructure.data_providers.data_fetcher - WARNING - No AkShare data found for 300999.SZ: ('Connection aborted.', RemoteDisconnected('Remote end closed connection without response'))
2026-03-04 23:29:40,813 - quanttool.infrastructure.data_providers.data_fetcher - INFO - Fetching 300999.SZ from BaoStock using sz.300999
2026-03-04 23:29:40,845 - quanttool.infrastructure.data_providers.data_fetcher - INFO - Successfully fetched 239 bars from BaoStock for 300979.SZ
2026-03-04 23:29:41,058 - quanttool.infrastructure.data_providers.data_fetcher - WARNING - 新浪数据获取失败: Expecting value: line 1 column 1 (char 0)
2026-03-04 23:29:41,099 - quanttool.infrastructure.cache.local_cache - INFO - Cached 239 rows for 300979.SZ (16197 bytes)
2026-03-04 23:29:41,100 - quanttool.infrastructure.data_providers.data_fetcher - INFO - Fetching 600009.SH from Ashare (primary source)
2026-03-04 23:29:41,664 - quanttool.infrastructure.data_providers.data_fetcher - WARNING - 新浪数据获取失败: Expecting value: line 1 column 1 (char 0)
2026-03-04 23:29:42,217 - quanttool.infrastructure.data_providers.data_fetcher - WARNING - 新浪数据获取失败: Expecting value: line 1 column 1 (char 0)
2026-03-04 23:29:42,361 - quanttool.infrastructure.data_providers.data_fetcher - WARNING - 腾讯数据获取失败: 6 columns passed, passed data had 7 columns
2026-03-04 23:29:42,363 - quanttool.infrastructure.data_providers.data_fetcher - WARNING - Ashare returned no data for 301269.SZ
2026-03-04 23:29:42,790 - quanttool.infrastructure.data_providers.data_fetcher - WARNING - 新浪数据获取失败: Expecting value: line 1 column 1 (char 0)
2026-03-04 23:29:43,522 - quanttool.infrastructure.data_providers.data_fetcher - WARNING - 腾讯数据获取失败: 6 columns passed, passed data had 7 columns
2026-03-04 23:29:43,523 - quanttool.infrastructure.data_providers.data_fetcher - WARNING - Ashare returned no data for 302132.SZ
2026-03-04 23:29:43,640 - quanttool.infrastructure.data_providers.data_fetcher - ERROR - Error fetching EastMoney data for 301269.SZ: ('Connection aborted.', RemoteDisconnected('Remote end closed connection without response'))
2026-03-04 23:29:43,640 - quanttool.infrastructure.data_providers.data_fetcher - INFO - Fetching 301269.SZ from AkShare using base symbol 301269
2026-03-04 23:29:43,700 - quanttool.infrastructure.data_providers.data_fetcher - WARNING - AkShare attempt 1 failed: ('Connection aborted.', RemoteDisconnected('Remote end closed connection without response'))
2026-03-04 23:29:43,841 - quanttool.infrastructure.data_providers.data_fetcher - WARNING - 新浪数据获取失败: Expecting value: line 1 column 1 (char 0)
2026-03-04 23:29:44,570 - quanttool.infrastructure.data_providers.data_fetcher - WARNING - 腾讯数据获取失败: 6 columns passed, passed data had 7 columns
2026-03-04 23:29:44,571 - quanttool.infrastructure.data_providers.data_fetcher - WARNING - Ashare returned no data for 600000.SH
2026-03-04 23:29:44,748 - quanttool.infrastructure.data_providers.data_fetcher - WARNING - AkShare attempt 2 failed: ('Connection aborted.', RemoteDisconnected('Remote end closed connection without response'))
2026-03-04 23:29:44,905 - quanttool.infrastructure.data_providers.data_fetcher - WARNING - 腾讯数据获取失败: 6 columns passed, passed data had 7 columns
2026-03-04 23:29:44,906 - quanttool.infrastructure.data_providers.data_fetcher - WARNING - Ashare returned no data for 301236.SZ
2026-03-04 23:29:45,007 - quanttool.infrastructure.data_providers.data_fetcher - ERROR - Error fetching EastMoney data for 302132.SZ: ('Connection aborted.', RemoteDisconnected('Remote end closed connection without response'))
2026-03-04 23:29:45,007 - quanttool.infrastructure.data_providers.data_fetcher - INFO - Fetching 302132.SZ from AkShare using base symbol 302132
2026-03-04 23:29:45,053 - quanttool.infrastructure.data_providers.data_fetcher - WARNING - AkShare attempt 1 failed: ('Connection aborted.', RemoteDisconnected('Remote end closed connection without response'))
2026-03-04 23:29:45,616 - quanttool.infrastructure.data_providers.data_fetcher - WARNING - 腾讯数据获取失败: 6 columns passed, passed data had 7 columns
2026-03-04 23:29:45,618 - quanttool.infrastructure.data_providers.data_fetcher - WARNING - Ashare returned no data for 600009.SH
2026-03-04 23:29:45,802 - quanttool.infrastructure.data_providers.data_fetcher - WARNING - AkShare attempt 3 failed: ('Connection aborted.', RemoteDisconnected('Remote end closed connection without response'))
2026-03-04 23:29:45,803 - quanttool.infrastructure.data_providers.data_fetcher - WARNING - No AkShare data found for 301269.SZ: ('Connection aborted.', RemoteDisconnected('Remote end closed connection without response'))
2026-03-04 23:29:45,803 - quanttool.infrastructure.data_providers.data_fetcher - INFO - Fetching 301269.SZ from BaoStock using sz.301269
2026-03-04 23:29:46,115 - quanttool.infrastructure.data_providers.data_fetcher - WARNING - AkShare attempt 2 failed: ('Connection aborted.', RemoteDisconnected('Remote end closed connection without response'))
2026-03-04 23:29:46,116 - quanttool.infrastructure.data_providers.data_fetcher - INFO - Successfully fetched 239 bars from BaoStock for 301269.SZ
2026-03-04 23:29:46,131 - quanttool.infrastructure.cache.local_cache - INFO - Cached 239 rows for 301269.SZ (16176 bytes)
2026-03-04 23:29:46,132 - quanttool.infrastructure.data_providers.data_fetcher - INFO - Fetching 600010.SH from Ashare (primary source)
2026-03-04 23:29:46,841 - quanttool.infrastructure.data_providers.data_fetcher - ERROR - Error fetching EastMoney data for 301236.SZ: ('Connection aborted.', RemoteDisconnected('Remote end closed connection without response'))
2026-03-04 23:29:46,842 - quanttool.infrastructure.data_providers.data_fetcher - INFO - Fetching 301236.SZ from AkShare using base symbol 301236
2026-03-04 23:29:46,878 - quanttool.infrastructure.data_providers.data_fetcher - ERROR - Error fetching EastMoney data for 600000.SH: ('Connection aborted.', RemoteDisconnected('Remote end closed connection without response'))
2026-03-04 23:29:46,879 - quanttool.infrastructure.data_providers.data_fetcher - INFO - Fetching 600000.SH from AkShare using base symbol 600000
2026-03-04 23:29:46,896 - quanttool.infrastructure.data_providers.data_fetcher - WARNING - AkShare attempt 1 failed: ('Connection aborted.', RemoteDisconnected('Remote end closed connection without response'))
2026-03-04 23:29:46,929 - quanttool.infrastructure.data_providers.data_fetcher - WARNING - AkShare attempt 1 failed: ('Connection aborted.', RemoteDisconnected('Remote end closed connection without response'))
2026-03-04 23:29:47,165 - quanttool.infrastructure.data_providers.data_fetcher - WARNING - AkShare attempt 3 failed: ('Connection aborted.', RemoteDisconnected('Remote end closed connection without response'))
2026-03-04 23:29:47,166 - quanttool.infrastructure.data_providers.data_fetcher - WARNING - No AkShare data found for 302132.SZ: ('Connection aborted.', RemoteDisconnected('Remote end closed connection without response'))
2026-03-04 23:29:47,166 - quanttool.infrastructure.data_providers.data_fetcher - INFO - Fetching 302132.SZ from BaoStock using sz.302132
2026-03-04 23:29:47,357 - quanttool.infrastructure.data_providers.data_fetcher - ERROR - Error fetching EastMoney data for 600009.SH: ('Connection aborted.', RemoteDisconnected('Remote end closed connection without response'))
2026-03-04 23:29:47,357 - quanttool.infrastructure.data_providers.data_fetcher - INFO - Fetching 600009.SH from AkShare using base symbol 600009
2026-03-04 23:29:47,415 - quanttool.infrastructure.data_providers.data_fetcher - WARNING - AkShare attempt 1 failed: ('Connection aborted.', RemoteDisconnected('Remote end closed connection without response'))
2026-03-04 23:29:47,950 - quanttool.infrastructure.data_providers.data_fetcher - WARNING - AkShare attempt 2 failed: ('Connection aborted.', RemoteDisconnected('Remote end closed connection without response'))
2026-03-04 23:29:47,983 - quanttool.infrastructure.data_providers.data_fetcher - WARNING - AkShare attempt 2 failed: ('Connection aborted.', RemoteDisconnected('Remote end closed connection without response'))
2026-03-04 23:29:47,990 - quanttool.infrastructure.data_providers.data_fetcher - INFO - Successfully fetched 239 bars from BaoStock for 302132.SZ
2026-03-04 23:29:48,211 - quanttool.infrastructure.data_providers.data_fetcher - WARNING - 新浪数据获取失败: Expecting value: line 1 column 1 (char 0)
2026-03-04 23:29:48,228 - quanttool.infrastructure.cache.local_cache - INFO - Cached 239 rows for 302132.SZ (16453 bytes)
2026-03-04 23:29:48,228 - quanttool.infrastructure.data_providers.data_fetcher - INFO - Fetching 600011.SH from Ashare (primary source)
2026-03-04 23:29:48,468 - quanttool.infrastructure.data_providers.data_fetcher - WARNING - AkShare attempt 2 failed: ('Connection aborted.', RemoteDisconnected('Remote end closed connection without response'))
2026-03-04 23:29:49,002 - quanttool.infrastructure.data_providers.data_fetcher - WARNING - AkShare attempt 3 failed: ('Connection aborted.', RemoteDisconnected('Remote end closed connection without response'))
2026-03-04 23:29:49,002 - quanttool.infrastructure.data_providers.data_fetcher - WARNING - No AkShare data found for 301236.SZ: ('Connection aborted.', RemoteDisconnected('Remote end closed connection without response'))
2026-03-04 23:29:49,003 - quanttool.infrastructure.data_providers.data_fetcher - INFO - Fetching 301236.SZ from BaoStock using sz.301236
2026-03-04 23:29:49,042 - quanttool.infrastructure.data_providers.data_fetcher - WARNING - AkShare attempt 3 failed: ('Connection aborted.', RemoteDisconnected('Remote end closed connection without response'))
2026-03-04 23:29:49,042 - quanttool.infrastructure.data_providers.data_fetcher - WARNING - No AkShare data found for 600000.SH: ('Connection aborted.', RemoteDisconnected('Remote end closed connection without response'))
2026-03-04 23:29:49,042 - quanttool.infrastructure.data_providers.data_fetcher - INFO - Fetching 600000.SH from BaoStock using sh.600000
2026-03-04 23:29:49,534 - quanttool.infrastructure.data_providers.data_fetcher - WARNING - AkShare attempt 3 failed: ('Connection aborted.', RemoteDisconnected('Remote end closed connection without response'))
2026-03-04 23:29:49,534 - quanttool.infrastructure.data_providers.data_fetcher - WARNING - No AkShare data found for 600009.SH: ('Connection aborted.', RemoteDisconnected('Remote end closed connection without response'))
2026-03-04 23:29:49,535 - quanttool.infrastructure.data_providers.data_fetcher - INFO - Fetching 600009.SH from BaoStock using sh.600009
2026-03-04 23:29:49,766 - quanttool.infrastructure.data_providers.data_fetcher - WARNING - 腾讯数据获取失败: 6 columns passed, passed data had 7 columns
2026-03-04 23:29:49,767 - quanttool.infrastructure.data_providers.data_fetcher - WARNING - Ashare returned no data for 600010.SH
2026-03-04 23:29:50,618 - quanttool.infrastructure.data_providers.data_fetcher - INFO - Successfully fetched 239 bars from BaoStock for 600009.SH
2026-03-04 23:29:50,643 - quanttool.infrastructure.cache.local_cache - INFO - Cached 239 rows for 600009.SH (15127 bytes)
2026-03-04 23:29:50,644 - quanttool.infrastructure.data_providers.data_fetcher - INFO - Fetching 600015.SH from Ashare (primary source)
2026-03-04 23:29:50,716 - quanttool.infrastructure.data_providers.data_fetcher - WARNING - 新浪数据获取失败: Expecting value: line 1 column 1 (char 0)
2026-03-04 23:29:50,787 - quanttool.infrastructure.data_providers.data_fetcher - INFO - Successfully fetched 239 bars from BaoStock for 600000.SH
2026-03-04 23:29:50,793 - quanttool.infrastructure.cache.local_cache - INFO - Cached 239 rows for 600000.SH (15704 bytes)
2026-03-04 23:29:50,793 - quanttool.infrastructure.data_providers.data_fetcher - INFO - Successfully fetched 239 bars from BaoStock for 301236.SZ
2026-03-04 23:29:50,794 - quanttool.infrastructure.data_providers.data_fetcher - INFO - Fetching 600016.SH from Ashare (primary source)
2026-03-04 23:29:50,797 - quanttool.infrastructure.cache.local_cache - INFO - Cached 239 rows for 301236.SZ (16432 bytes)
2026-03-04 23:29:50,797 - quanttool.infrastructure.data_providers.data_fetcher - INFO - Fetching 600018.SH from Ashare (primary source)
2026-03-04 23:29:51,984 - quanttool.infrastructure.data_providers.data_fetcher - ERROR - Error fetching EastMoney data for 600010.SH: ('Connection aborted.', RemoteDisconnected('Remote end closed connection without response'))
2026-03-04 23:29:51,984 - quanttool.infrastructure.data_providers.data_fetcher - INFO - Fetching 600010.SH from AkShare using base symbol 600010
2026-03-04 23:29:52,045 - quanttool.infrastructure.data_providers.data_fetcher - WARNING - AkShare attempt 1 failed: ('Connection aborted.', RemoteDisconnected('Remote end closed connection without response'))
2026-03-04 23:29:52,170 - quanttool.infrastructure.data_providers.data_fetcher - WARNING - 腾讯数据获取失败: 6 columns passed, passed data had 7 columns
2026-03-04 23:29:52,171 - quanttool.infrastructure.data_providers.data_fetcher - WARNING - Ashare returned no data for 600011.SH
2026-03-04 23:29:52,287 - quanttool.infrastructure.data_providers.data_fetcher - WARNING - 新浪数据获取失败: Expecting value: line 1 column 1 (char 0)
2026-03-04 23:29:52,319 - quanttool.infrastructure.data_providers.data_fetcher - WARNING - 新浪数据获取失败: Expecting value: line 1 column 1 (char 0)
2026-03-04 23:29:52,350 - quanttool.infrastructure.data_providers.data_fetcher - WARNING - 新浪数据获取失败: Expecting value: line 1 column 1 (char 0)
2026-03-04 23:29:53,101 - quanttool.infrastructure.data_providers.data_fetcher - WARNING - AkShare attempt 2 failed: ('Connection aborted.', RemoteDisconnected('Remote end closed connection without response'))
2026-03-04 23:29:53,549 - quanttool.infrastructure.data_providers.data_fetcher - WARNING - 腾讯数据获取失败: 6 columns passed, passed data had 7 columns
2026-03-04 23:29:53,551 - quanttool.infrastructure.data_providers.data_fetcher - WARNING - Ashare returned no data for 600016.SH
2026-03-04 23:29:53,639 - quanttool.infrastructure.data_providers.data_fetcher - WARNING - 腾讯数据获取失败: 6 columns passed, passed data had 7 columns
2026-03-04 23:29:53,640 - quanttool.infrastructure.data_providers.data_fetcher - WARNING - Ashare returned no data for 600015.SH
2026-03-04 23:29:54,151 - quanttool.infrastructure.data_providers.data_fetcher - WARNING - AkShare attempt 3 failed: ('Connection aborted.', RemoteDisconnected('Remote end closed connection without response'))
2026-03-04 23:29:54,151 - quanttool.infrastructure.data_providers.data_fetcher - WARNING - No AkShare data found for 600010.SH: ('Connection aborted.', RemoteDisconnected('Remote end closed connection without response'))
2026-03-04 23:29:54,152 - quanttool.infrastructure.data_providers.data_fetcher - INFO - Fetching 600010.SH from BaoStock using sh.600010
2026-03-04 23:29:54,415 - quanttool.infrastructure.data_providers.data_fetcher - INFO - Successfully fetched 239 bars from BaoStock for 600010.SH
2026-03-04 23:29:54,447 - quanttool.infrastructure.cache.local_cache - INFO - Cached 239 rows for 600010.SH (14023 bytes)
2026-03-04 23:29:54,447 - quanttool.infrastructure.data_providers.data_fetcher - INFO - Fetching 600019.SH from Ashare (primary source)
2026-03-04 23:29:54,586 - quanttool.infrastructure.data_providers.data_fetcher - ERROR - Error fetching EastMoney data for 600011.SH: ('Connection aborted.', RemoteDisconnected('Remote end closed connection without response'))
2026-03-04 23:29:54,586 - quanttool.infrastructure.data_providers.data_fetcher - INFO - Fetching 600011.SH from AkShare using base symbol 600011
2026-03-04 23:29:54,635 - quanttool.infrastructure.data_providers.data_fetcher - WARNING - AkShare attempt 1 failed: ('Connection aborted.', RemoteDisconnected('Remote end closed connection without response'))
2026-03-04 23:29:54,931 - quanttool.infrastructure.data_providers.data_fetcher - ERROR - Error fetching EastMoney data for 600015.SH: ('Connection aborted.', RemoteDisconnected('Remote end closed connection without response'))
2026-03-04 23:29:54,931 - quanttool.infrastructure.data_providers.data_fetcher - INFO - Fetching 600015.SH from AkShare using base symbol 600015
2026-03-04 23:29:54,977 - quanttool.infrastructure.data_providers.data_fetcher - WARNING - AkShare attempt 1 failed: ('Connection aborted.', RemoteDisconnected('Remote end closed connection without response'))
2026-03-04 23:29:55,421 - quanttool.infrastructure.data_providers.data_fetcher - WARNING - 腾讯数据获取失败: 6 columns passed, passed data had 7 columns
2026-03-04 23:29:55,423 - quanttool.infrastructure.data_providers.data_fetcher - WARNING - Ashare returned no data for 600018.SH
2026-03-04 23:29:55,476 - quanttool.infrastructure.data_providers.data_fetcher - ERROR - Error fetching EastMoney data for 600016.SH: ('Connection aborted.', RemoteDisconnected('Remote end closed connection without response'))
2026-03-04 23:29:55,477 - quanttool.infrastructure.data_providers.data_fetcher - INFO - Fetching 600016.SH from AkShare using base symbol 600016
2026-03-04 23:29:55,527 - quanttool.infrastructure.data_providers.data_fetcher - WARNING - AkShare attempt 1 failed: ('Connection aborted.', RemoteDisconnected('Remote end closed connection without response'))
2026-03-04 23:29:55,692 - quanttool.infrastructure.data_providers.data_fetcher - WARNING - AkShare attempt 2 failed: ('Connection aborted.', RemoteDisconnected('Remote end closed connection without response'))
2026-03-04 23:29:56,039 - quanttool.infrastructure.data_providers.data_fetcher - WARNING - AkShare attempt 2 failed: ('Connection aborted.', RemoteDisconnected('Remote end closed connection without response'))
2026-03-04 23:29:56,580 - quanttool.infrastructure.data_providers.data_fetcher - WARNING - AkShare attempt 2 failed: ('Connection aborted.', RemoteDisconnected('Remote end closed connection without response'))
2026-03-04 23:29:56,754 - quanttool.infrastructure.data_providers.data_fetcher - WARNING - AkShare attempt 3 failed: ('Connection aborted.', RemoteDisconnected('Remote end closed connection without response'))
2026-03-04 23:29:56,754 - quanttool.infrastructure.data_providers.data_fetcher - WARNING - No AkShare data found for 600011.SH: ('Connection aborted.', RemoteDisconnected('Remote end closed connection without response'))
2026-03-04 23:29:56,755 - quanttool.infrastructure.data_providers.data_fetcher - INFO - Fetching 600011.SH from BaoStock using sh.600011
2026-03-04 23:29:56,850 - quanttool.infrastructure.data_providers.data_fetcher - WARNING - 新浪数据获取失败: Expecting value: line 1 column 1 (char 0)
2026-03-04 23:29:57,091 - quanttool.infrastructure.data_providers.data_fetcher - WARNING - AkShare attempt 3 failed: ('Connection aborted.', RemoteDisconnected('Remote end closed connection without response'))
2026-03-04 23:29:57,091 - quanttool.infrastructure.data_providers.data_fetcher - WARNING - No AkShare data found for 600015.SH: ('Connection aborted.', RemoteDisconnected('Remote end closed connection without response'))
2026-03-04 23:29:57,091 - quanttool.infrastructure.data_providers.data_fetcher - INFO - Fetching 600015.SH from BaoStock using sh.600015
2026-03-04 23:29:57,150 - quanttool.infrastructure.data_providers.data_fetcher - INFO - Successfully fetched 239 bars from BaoStock for 600011.SH
2026-03-04 23:29:57,178 - quanttool.infrastructure.data_providers.data_fetcher - INFO - Successfully fetched 239 bars from BaoStock for 600015.SH
2026-03-04 23:29:57,191 - quanttool.infrastructure.cache.local_cache - INFO - Cached 239 rows for 600015.SH (14676 bytes)
2026-03-04 23:29:57,191 - quanttool.infrastructure.cache.local_cache - INFO - Cached 239 rows for 600011.SH (14179 bytes)
2026-03-04 23:29:57,192 - quanttool.infrastructure.data_providers.data_fetcher - INFO - Fetching 600023.SH from Ashare (primary source)
2026-03-04 23:29:57,192 - quanttool.infrastructure.data_providers.data_fetcher - INFO - Progress: 20/30 symbols fetched
2026-03-04 23:29:57,192 - quanttool.infrastructure.data_providers.data_fetcher - INFO - Fetching 600025.SH from Ashare (primary source)
2026-03-04 23:29:57,213 - quanttool.infrastructure.data_providers.data_fetcher - ERROR - Error fetching EastMoney data for 600018.SH: ('Connection aborted.', RemoteDisconnected('Remote end closed connection without response'))
2026-03-04 23:29:57,213 - quanttool.infrastructure.data_providers.data_fetcher - INFO - Fetching 600018.SH from AkShare using base symbol 600018
2026-03-04 23:29:57,258 - quanttool.infrastructure.data_providers.data_fetcher - WARNING - AkShare attempt 1 failed: ('Connection aborted.', RemoteDisconnected('Remote end closed connection without response'))
2026-03-04 23:29:57,644 - quanttool.infrastructure.data_providers.data_fetcher - WARNING - AkShare attempt 3 failed: ('Connection aborted.', RemoteDisconnected('Remote end closed connection without response'))
2026-03-04 23:29:57,644 - quanttool.infrastructure.data_providers.data_fetcher - WARNING - No AkShare data found for 600016.SH: ('Connection aborted.', RemoteDisconnected('Remote end closed connection without response'))
2026-03-04 23:29:57,644 - quanttool.infrastructure.data_providers.data_fetcher - INFO - Fetching 600016.SH from BaoStock using sh.600016
2026-03-04 23:29:57,985 - quanttool.infrastructure.data_providers.data_fetcher - INFO - Successfully fetched 239 bars from BaoStock for 600016.SH
2026-03-04 23:29:57,999 - quanttool.infrastructure.cache.local_cache - INFO - Cached 239 rows for 600016.SH (14057 bytes)
2026-03-04 23:29:58,309 - quanttool.infrastructure.data_providers.data_fetcher - WARNING - AkShare attempt 2 failed: ('Connection aborted.', RemoteDisconnected('Remote end closed connection without response'))
2026-03-04 23:29:59,161 - quanttool.infrastructure.data_providers.data_fetcher - WARNING - 新浪数据获取失败: Expecting value: line 1 column 1 (char 0)
2026-03-04 23:29:59,232 - quanttool.infrastructure.data_providers.data_fetcher - WARNING - 腾讯数据获取失败: 6 columns passed, passed data had 7 columns
2026-03-04 23:29:59,233 - quanttool.infrastructure.data_providers.data_fetcher - WARNING - Ashare returned no data for 600019.SH
2026-03-04 23:29:59,376 - quanttool.infrastructure.data_providers.data_fetcher - WARNING - AkShare attempt 3 failed: ('Connection aborted.', RemoteDisconnected('Remote end closed connection without response'))
2026-03-04 23:29:59,376 - quanttool.infrastructure.data_providers.data_fetcher - WARNING - No AkShare data found for 600018.SH: ('Connection aborted.', RemoteDisconnected('Remote end closed connection without response'))
2026-03-04 23:29:59,376 - quanttool.infrastructure.data_providers.data_fetcher - INFO - Fetching 600018.SH from BaoStock using sh.600018
2026-03-04 23:29:59,428 - quanttool.infrastructure.data_providers.data_fetcher - WARNING - 新浪数据获取失败: Expecting value: line 1 column 1 (char 0)
2026-03-04 23:29:59,573 - quanttool.infrastructure.data_providers.data_fetcher - INFO - Successfully fetched 239 bars from BaoStock for 600018.SH
2026-03-04 23:29:59,593 - quanttool.infrastructure.cache.local_cache - INFO - Cached 239 rows for 600018.SH (13457 bytes)
2026-03-04 23:30:01,364 - quanttool.infrastructure.data_providers.data_fetcher - WARNING - 腾讯数据获取失败: 6 columns passed, passed data had 7 columns
2026-03-04 23:30:01,366 - quanttool.infrastructure.data_providers.data_fetcher - WARNING - Ashare returned no data for 600025.SH
2026-03-04 23:30:01,645 - quanttool.infrastructure.data_providers.data_fetcher - ERROR - Error fetching EastMoney data for 600019.SH: ('Connection aborted.', RemoteDisconnected('Remote end closed connection without response'))
2026-03-04 23:30:01,646 - quanttool.infrastructure.data_providers.data_fetcher - INFO - Fetching 600019.SH from AkShare using base symbol 600019
2026-03-04 23:30:01,700 - quanttool.infrastructure.data_providers.data_fetcher - WARNING - AkShare attempt 1 failed: ('Connection aborted.', RemoteDisconnected('Remote end closed connection without response'))
2026-03-04 23:30:02,172 - quanttool.infrastructure.data_providers.data_fetcher - WARNING - 腾讯数据获取失败: 6 columns passed, passed data had 7 columns
2026-03-04 23:30:02,174 - quanttool.infrastructure.data_providers.data_fetcher - WARNING - Ashare returned no data for 600023.SH
2026-03-04 23:30:02,750 - quanttool.infrastructure.data_providers.data_fetcher - WARNING - AkShare attempt 2 failed: ('Connection aborted.', RemoteDisconnected('Remote end closed connection without response'))
2026-03-04 23:30:02,988 - quanttool.infrastructure.data_providers.data_fetcher - ERROR - Error fetching EastMoney data for 600025.SH: ('Connection aborted.', RemoteDisconnected('Remote end closed connection without response'))
2026-03-04 23:30:02,989 - quanttool.infrastructure.data_providers.data_fetcher - INFO - Fetching 600025.SH from AkShare using base symbol 600025
2026-03-04 23:30:03,032 - quanttool.infrastructure.data_providers.data_fetcher - WARNING - AkShare attempt 1 failed: ('Connection aborted.', RemoteDisconnected('Remote end closed connection without response'))
2026-03-04 23:30:03,808 - quanttool.infrastructure.data_providers.data_fetcher - WARNING - AkShare attempt 3 failed: ('Connection aborted.', RemoteDisconnected('Remote end closed connection without response'))
2026-03-04 23:30:03,808 - quanttool.infrastructure.data_providers.data_fetcher - WARNING - No AkShare data found for 600019.SH: ('Connection aborted.', RemoteDisconnected('Remote end closed connection without response'))
2026-03-04 23:30:03,808 - quanttool.infrastructure.data_providers.data_fetcher - INFO - Fetching 600019.SH from BaoStock using sh.600019
2026-03-04 23:30:03,891 - quanttool.infrastructure.data_providers.data_fetcher - ERROR - Error fetching EastMoney data for 600023.SH: ('Connection aborted.', RemoteDisconnected('Remote end closed connection without response'))
2026-03-04 23:30:03,891 - quanttool.infrastructure.data_providers.data_fetcher - INFO - Fetching 600023.SH from AkShare using base symbol 600023
2026-03-04 23:30:03,939 - quanttool.infrastructure.data_providers.data_fetcher - WARNING - AkShare attempt 1 failed: ('Connection aborted.', RemoteDisconnected('Remote end closed connection without response'))
2026-03-04 23:30:04,086 - quanttool.infrastructure.data_providers.data_fetcher - INFO - Successfully fetched 239 bars from BaoStock for 600019.SH
2026-03-04 23:30:04,089 - quanttool.infrastructure.data_providers.data_fetcher - WARNING - AkShare attempt 2 failed: ('Connection aborted.', RemoteDisconnected('Remote end closed connection without response'))
2026-03-04 23:30:04,197 - quanttool.infrastructure.cache.local_cache - INFO - Cached 239 rows for 600019.SH (14006 bytes)
2026-03-04 23:30:04,998 - quanttool.infrastructure.data_providers.data_fetcher - WARNING - AkShare attempt 2 failed: ('Connection aborted.', RemoteDisconnected('Remote end closed connection without response'))
2026-03-04 23:30:05,155 - quanttool.infrastructure.data_providers.data_fetcher - WARNING - AkShare attempt 3 failed: ('Connection aborted.', RemoteDisconnected('Remote end closed connection without response'))
2026-03-04 23:30:05,155 - quanttool.infrastructure.data_providers.data_fetcher - WARNING - No AkShare data found for 600025.SH: ('Connection aborted.', RemoteDisconnected('Remote end closed connection without response'))
2026-03-04 23:30:05,156 - quanttool.infrastructure.data_providers.data_fetcher - INFO - Fetching 600025.SH from BaoStock using sh.600025
2026-03-04 23:30:06,073 - quanttool.infrastructure.data_providers.data_fetcher - WARNING - AkShare attempt 3 failed: ('Connection aborted.', RemoteDisconnected('Remote end closed connection without response'))
2026-03-04 23:30:06,073 - quanttool.infrastructure.data_providers.data_fetcher - WARNING - No AkShare data found for 600023.SH: ('Connection aborted.', RemoteDisconnected('Remote end closed connection without response'))
2026-03-04 23:30:06,074 - quanttool.infrastructure.data_providers.data_fetcher - INFO - Fetching 600023.SH from BaoStock using sh.600023
2026-03-04 23:30:06,369 - quanttool.infrastructure.data_providers.data_fetcher - INFO - Successfully fetched 239 bars from BaoStock for 600023.SH
2026-03-04 23:30:06,387 - quanttool.infrastructure.cache.local_cache - INFO - Cached 239 rows for 600023.SH (13550 bytes)
2026-03-04 23:30:07,048 - quanttool.infrastructure.data_providers.data_fetcher - INFO - Successfully fetched 239 bars from BaoStock for 600025.SH
2026-03-04 23:30:07,054 - quanttool.infrastructure.cache.local_cache - INFO - Cached 239 rows for 600025.SH (14247 bytes)
2026-03-05 00:16:43,408 - quanttool.infrastructure.cache.local_cache - INFO - LocalDataCache initialized at .cache/stock_data
2026-03-05 00:16:43,408 - quanttool.infrastructure.data_providers.data_fetcher - INFO - Local cache enabled at .cache/stock_data
2026-03-05 00:16:43,408 - quanttool.infrastructure.data_providers.data_fetcher - INFO - AkShare is available and will be used as fallback
2026-03-05 00:16:43,409 - quanttool.infrastructure.data_providers.data_fetcher - INFO - Skipping Tushare connection test (unreliable)
2026-03-05 00:16:43,588 - quanttool.infrastructure.data_providers.data_fetcher - INFO - EastMoney connection verified
2026-03-05 00:16:43,588 - quanttool.infrastructure.data_providers.data_fetcher - INFO - EnhancedDataFetcher initialized successfully (Ashare as primary)
2026-03-05 00:16:43,704 - quanttool.infrastructure.data_providers.data_fetcher - WARNING - Failed to get CSI 300 constituents from Tushare: 抱歉，您没有接口访问权限，权限的具体详情访问：https://tushare.pro/document/1?doc_id=108。
2026-03-05 00:16:43,704 - quanttool.infrastructure.data_providers.data_fetcher - INFO - Trying to get CSI 300 constituents from AkShare...
2026-03-05 00:16:43,833 - quanttool.infrastructure.data_providers.data_fetcher - INFO - Successfully got 300 CSI 300 constituents from AkShare
2026-03-05 00:16:43,835 - quanttool.infrastructure.cache.local_cache - INFO - LocalDataCache initialized at .cache/stock_data
2026-03-05 00:16:43,835 - quanttool.infrastructure.data_providers.data_fetcher - INFO - Local cache enabled at .cache/stock_data
2026-03-05 00:16:43,835 - quanttool.infrastructure.data_providers.data_fetcher - INFO - AkShare is available and will be used as fallback
2026-03-05 00:16:43,835 - quanttool.infrastructure.data_providers.data_fetcher - INFO - Skipping Tushare connection test (unreliable)
2026-03-05 00:16:43,989 - quanttool.infrastructure.data_providers.data_fetcher - INFO - EastMoney connection verified
2026-03-05 00:16:43,989 - quanttool.infrastructure.data_providers.data_fetcher - INFO - EnhancedDataFetcher initialized successfully (Ashare as primary)
2026-03-05 00:16:43,992 - quanttool.infrastructure.data_providers.data_fetcher - INFO - Cache hit: 0/30 symbols
2026-03-05 00:16:43,994 - quanttool.infrastructure.data_providers.data_fetcher - INFO - Fetching 000001.SZ from Ashare (primary source)
2026-03-05 00:16:43,995 - quanttool.infrastructure.data_providers.data_fetcher - INFO - Fetching 000002.SZ from Ashare (primary source)
2026-03-05 00:16:43,996 - quanttool.infrastructure.data_providers.data_fetcher - INFO - Fetching 000063.SZ from Ashare (primary source)
2026-03-05 00:16:43,997 - quanttool.infrastructure.data_providers.data_fetcher - INFO - Fetching 000100.SZ from Ashare (primary source)
2026-03-05 00:16:43,998 - quanttool.infrastructure.data_providers.data_fetcher - INFO - Fetching 000157.SZ from Ashare (primary source)
2026-03-05 00:16:43,998 - quanttool.infrastructure.data_providers.data_fetcher - INFO - Fetching 000166.SZ from Ashare (primary source)
2026-03-05 00:16:43,999 - quanttool.infrastructure.data_providers.data_fetcher - INFO - Fetching 000301.SZ from Ashare (primary source)
2026-03-05 00:16:43,999 - quanttool.infrastructure.data_providers.data_fetcher - INFO - Fetching 000333.SZ from Ashare (primary source)
2026-03-05 00:16:44,000 - quanttool.infrastructure.data_providers.data_fetcher - INFO - Fetching 000338.SZ from Ashare (primary source)
2026-03-05 00:16:44,000 - quanttool.infrastructure.data_providers.data_fetcher - INFO - Fetching 000408.SZ from Ashare (primary source)
2026-03-05 00:16:45,714 - quanttool.infrastructure.data_providers.data_fetcher - INFO - Successfully fetched 239 bars from Ashare for 000063.SZ
2026-03-05 00:16:45,726 - quanttool.infrastructure.cache.local_cache - INFO - Cached 239 rows for 000063.SZ (16662 bytes)
2026-03-05 00:16:45,726 - quanttool.infrastructure.data_providers.data_fetcher - INFO - Fetching 000425.SZ from Ashare (primary source)
2026-03-05 00:16:45,826 - quanttool.infrastructure.data_providers.data_fetcher - INFO - Successfully fetched 239 bars from Ashare for 000338.SZ
2026-03-05 00:16:45,830 - quanttool.infrastructure.cache.local_cache - INFO - Cached 239 rows for 000338.SZ (15720 bytes)
2026-03-05 00:16:45,830 - quanttool.infrastructure.data_providers.data_fetcher - INFO - Fetching 000538.SZ from Ashare (primary source)
2026-03-05 00:16:45,894 - quanttool.infrastructure.data_providers.data_fetcher - INFO - Successfully fetched 239 bars from Ashare for 000166.SZ
2026-03-05 00:16:45,898 - quanttool.infrastructure.cache.local_cache - INFO - Cached 239 rows for 000166.SZ (13752 bytes)
2026-03-05 00:16:45,898 - quanttool.infrastructure.data_providers.data_fetcher - INFO - Fetching 000568.SZ from Ashare (primary source)
2026-03-05 00:16:46,076 - quanttool.infrastructure.data_providers.data_fetcher - INFO - Successfully fetched 239 bars from Ashare for 000002.SZ
2026-03-05 00:16:46,082 - quanttool.infrastructure.cache.local_cache - INFO - Cached 239 rows for 000002.SZ (14513 bytes)
2026-03-05 00:16:46,083 - quanttool.infrastructure.data_providers.data_fetcher - INFO - Fetching 000596.SZ from Ashare (primary source)
2026-03-05 00:16:46,139 - quanttool.infrastructure.data_providers.data_fetcher - INFO - Successfully fetched 239 bars from Ashare for 000100.SZ
2026-03-05 00:16:46,143 - quanttool.infrastructure.cache.local_cache - INFO - Cached 239 rows for 000100.SZ (13922 bytes)
2026-03-05 00:16:46,144 - quanttool.infrastructure.data_providers.data_fetcher - INFO - Fetching 000617.SZ from Ashare (primary source)
2026-03-05 00:16:46,181 - quanttool.infrastructure.data_providers.data_fetcher - INFO - Successfully fetched 239 bars from Ashare for 000333.SZ
2026-03-05 00:16:46,184 - quanttool.infrastructure.cache.local_cache - INFO - Cached 239 rows for 000333.SZ (16268 bytes)
2026-03-05 00:16:46,185 - quanttool.infrastructure.data_providers.data_fetcher - INFO - Fetching 000625.SZ from Ashare (primary source)
2026-03-05 00:16:46,422 - quanttool.infrastructure.data_providers.data_fetcher - INFO - Successfully fetched 239 bars from Ashare for 000301.SZ
2026-03-05 00:16:46,425 - quanttool.infrastructure.cache.local_cache - INFO - Cached 239 rows for 000301.SZ (15426 bytes)
2026-03-05 00:16:46,425 - quanttool.infrastructure.data_providers.data_fetcher - INFO - Fetching 000630.SZ from Ashare (primary source)
2026-03-05 00:16:46,435 - quanttool.infrastructure.data_providers.data_fetcher - INFO - Successfully fetched 239 bars from Ashare for 000408.SZ
2026-03-05 00:16:46,438 - quanttool.infrastructure.cache.local_cache - INFO - Cached 239 rows for 000408.SZ (16824 bytes)
2026-03-05 00:16:46,438 - quanttool.infrastructure.data_providers.data_fetcher - INFO - Fetching 000651.SZ from Ashare (primary source)
2026-03-05 00:16:46,579 - quanttool.infrastructure.data_providers.data_fetcher - INFO - Successfully fetched 239 bars from Ashare for 000001.SZ
2026-03-05 00:16:46,582 - quanttool.infrastructure.cache.local_cache - INFO - Cached 239 rows for 000001.SZ (14521 bytes)
2026-03-05 00:16:46,582 - quanttool.infrastructure.data_providers.data_fetcher - INFO - Fetching 000661.SZ from Ashare (primary source)
2026-03-05 00:16:47,089 - quanttool.infrastructure.data_providers.data_fetcher - INFO - Successfully fetched 239 bars from Ashare for 000157.SZ
2026-03-05 00:16:47,093 - quanttool.infrastructure.cache.local_cache - INFO - Cached 239 rows for 000157.SZ (14851 bytes)
2026-03-05 00:16:47,094 - quanttool.infrastructure.data_providers.data_fetcher - INFO - Fetching 000708.SZ from Ashare (primary source)
2026-03-05 00:16:47,095 - quanttool.infrastructure.data_providers.data_fetcher - INFO - Progress: 10/30 symbols fetched
2026-03-05 00:16:47,100 - quanttool.infrastructure.data_providers.data_fetcher - INFO - Successfully fetched 239 bars from Ashare for 000568.SZ
2026-03-05 00:16:47,110 - quanttool.infrastructure.data_providers.data_fetcher - INFO - Successfully fetched 239 bars from Ashare for 000538.SZ
2026-03-05 00:16:47,117 - quanttool.infrastructure.cache.local_cache - INFO - Cached 239 rows for 000568.SZ (16558 bytes)
2026-03-05 00:16:47,118 - quanttool.infrastructure.data_providers.data_fetcher - INFO - Fetching 000725.SZ from Ashare (primary source)
2026-03-05 00:16:47,124 - quanttool.infrastructure.cache.local_cache - INFO - Cached 239 rows for 000538.SZ (15265 bytes)
2026-03-05 00:16:47,125 - quanttool.infrastructure.data_providers.data_fetcher - INFO - Fetching 000768.SZ from Ashare (primary source)
2026-03-05 00:16:47,430 - quanttool.infrastructure.data_providers.data_fetcher - INFO - Successfully fetched 239 bars from Ashare for 000617.SZ
2026-03-05 00:16:47,433 - quanttool.infrastructure.cache.local_cache - INFO - Cached 239 rows for 000617.SZ (15628 bytes)
2026-03-05 00:16:47,434 - quanttool.infrastructure.data_providers.data_fetcher - INFO - Fetching 000776.SZ from Ashare (primary source)
2026-03-05 00:16:47,652 - quanttool.infrastructure.data_providers.data_fetcher - INFO - Successfully fetched 239 bars from Ashare for 000651.SZ
2026-03-05 00:16:47,656 - quanttool.infrastructure.cache.local_cache - INFO - Cached 239 rows for 000651.SZ (16060 bytes)
2026-03-05 00:16:47,656 - quanttool.infrastructure.data_providers.data_fetcher - INFO - Fetching 000786.SZ from Ashare (primary source)
2026-03-05 00:16:48,288 - quanttool.infrastructure.data_providers.data_fetcher - INFO - Successfully fetched 239 bars from Ashare for 000661.SZ
2026-03-05 00:16:48,295 - quanttool.infrastructure.cache.local_cache - INFO - Cached 239 rows for 000661.SZ (16528 bytes)
2026-03-05 00:16:48,296 - quanttool.infrastructure.data_providers.data_fetcher - INFO - Fetching 000792.SZ from Ashare (primary source)
2026-03-05 00:16:48,384 - quanttool.infrastructure.data_providers.data_fetcher - INFO - Successfully fetched 239 bars from Ashare for 000725.SZ
2026-03-05 00:16:48,387 - quanttool.infrastructure.cache.local_cache - INFO - Cached 239 rows for 000725.SZ (13705 bytes)
2026-03-05 00:16:48,387 - quanttool.infrastructure.data_providers.data_fetcher - INFO - Fetching 000807.SZ from Ashare (primary source)
2026-03-05 00:16:48,537 - quanttool.infrastructure.data_providers.data_fetcher - INFO - Successfully fetched 239 bars from Ashare for 000596.SZ
2026-03-05 00:16:48,541 - quanttool.infrastructure.cache.local_cache - INFO - Cached 239 rows for 000596.SZ (16647 bytes)
2026-03-05 00:16:48,541 - quanttool.infrastructure.data_providers.data_fetcher - INFO - Fetching 000858.SZ from Ashare (primary source)
2026-03-05 00:16:48,757 - quanttool.infrastructure.data_providers.data_fetcher - INFO - Successfully fetched 239 bars from Ashare for 000425.SZ
2026-03-05 00:16:48,760 - quanttool.infrastructure.cache.local_cache - INFO - Cached 239 rows for 000425.SZ (15664 bytes)
2026-03-05 00:16:48,760 - quanttool.infrastructure.data_providers.data_fetcher - INFO - Fetching 000876.SZ from Ashare (primary source)
2026-03-05 00:16:48,942 - quanttool.infrastructure.data_providers.data_fetcher - INFO - Successfully fetched 239 bars from Ashare for 000625.SZ
2026-03-05 00:16:48,945 - quanttool.infrastructure.cache.local_cache - INFO - Cached 239 rows for 000625.SZ (14930 bytes)
2026-03-05 00:16:48,945 - quanttool.infrastructure.data_providers.data_fetcher - INFO - Fetching 000895.SZ from Ashare (primary source)
2026-03-05 00:16:49,344 - quanttool.infrastructure.data_providers.data_fetcher - INFO - Successfully fetched 239 bars from Ashare for 000708.SZ
2026-03-05 00:16:49,348 - quanttool.infrastructure.cache.local_cache - INFO - Cached 239 rows for 000708.SZ (15607 bytes)
2026-03-05 00:16:49,348 - quanttool.infrastructure.data_providers.data_fetcher - INFO - Progress: 20/30 symbols fetched
2026-03-05 00:16:49,348 - quanttool.infrastructure.data_providers.data_fetcher - INFO - Fetching 000938.SZ from Ashare (primary source)
2026-03-05 00:16:49,384 - quanttool.infrastructure.data_providers.data_fetcher - INFO - Successfully fetched 239 bars from Ashare for 000630.SZ
2026-03-05 00:16:49,388 - quanttool.infrastructure.cache.local_cache - INFO - Cached 239 rows for 000630.SZ (15172 bytes)
2026-03-05 00:16:49,472 - quanttool.infrastructure.data_providers.data_fetcher - INFO - Successfully fetched 239 bars from Ashare for 000776.SZ
2026-03-05 00:16:49,475 - quanttool.infrastructure.cache.local_cache - INFO - Cached 239 rows for 000776.SZ (16216 bytes)
2026-03-05 00:16:49,713 - quanttool.infrastructure.data_providers.data_fetcher - INFO - Successfully fetched 239 bars from Ashare for 000786.SZ
2026-03-05 00:16:49,717 - quanttool.infrastructure.cache.local_cache - INFO - Cached 239 rows for 000786.SZ (16015 bytes)
2026-03-05 00:16:49,942 - quanttool.infrastructure.data_providers.data_fetcher - INFO - Successfully fetched 239 bars from Ashare for 000876.SZ
2026-03-05 00:16:49,947 - quanttool.infrastructure.cache.local_cache - INFO - Cached 239 rows for 000876.SZ (14440 bytes)
2026-03-05 00:16:49,995 - quanttool.infrastructure.data_providers.data_fetcher - INFO - Successfully fetched 239 bars from Ashare for 000768.SZ
2026-03-05 00:16:50,000 - quanttool.infrastructure.cache.local_cache - INFO - Cached 239 rows for 000768.SZ (16007 bytes)
2026-03-05 00:16:50,099 - quanttool.infrastructure.data_providers.data_fetcher - INFO - Successfully fetched 239 bars from Ashare for 000858.SZ
2026-03-05 00:16:50,102 - quanttool.infrastructure.cache.local_cache - INFO - Cached 239 rows for 000858.SZ (16651 bytes)
2026-03-05 00:16:50,632 - quanttool.infrastructure.data_providers.data_fetcher - INFO - Successfully fetched 239 bars from Ashare for 000938.SZ
2026-03-05 00:16:50,637 - quanttool.infrastructure.cache.local_cache - INFO - Cached 239 rows for 000938.SZ (16131 bytes)
2026-03-05 00:16:50,920 - quanttool.infrastructure.data_providers.data_fetcher - INFO - Successfully fetched 239 bars from Ashare for 000807.SZ
2026-03-05 00:16:50,926 - quanttool.infrastructure.cache.local_cache - INFO - Cached 239 rows for 000807.SZ (16470 bytes)
2026-03-05 00:16:50,955 - quanttool.infrastructure.data_providers.data_fetcher - INFO - Successfully fetched 239 bars from Ashare for 000792.SZ
2026-03-05 00:16:50,959 - quanttool.infrastructure.cache.local_cache - INFO - Cached 239 rows for 000792.SZ (16399 bytes)
2026-03-05 00:16:51,783 - quanttool.infrastructure.data_providers.data_fetcher - INFO - Successfully fetched 239 bars from Ashare for 000895.SZ
2026-03-05 00:16:51,786 - quanttool.infrastructure.cache.local_cache - INFO - Cached 239 rows for 000895.SZ (15429 bytes)
2026-03-05 00:16:51,786 - quanttool.infrastructure.data_providers.data_fetcher - INFO - Progress: 30/30 symbols fetched
2026-03-05 00:16:51,787 - quanttool.infrastructure.data_providers.data_fetcher - INFO - Parallel fetch completed: 30/30 symbols successful
2026-03-05 00:16:51,787 - quanttool.infrastructure.data_providers.data_fetcher - INFO - Cache hit: 0/30 symbols
2026-03-05 00:16:51,788 - quanttool.infrastructure.data_providers.data_fetcher - INFO - Fetching 000963.SZ from Ashare (primary source)
2026-03-05 00:16:51,788 - quanttool.infrastructure.data_providers.data_fetcher - INFO - Fetching 000975.SZ from Ashare (primary source)
2026-03-05 00:16:51,788 - quanttool.infrastructure.data_providers.data_fetcher - INFO - Fetching 000977.SZ from Ashare (primary source)
2026-03-05 00:16:51,789 - quanttool.infrastructure.data_providers.data_fetcher - INFO - Fetching 000983.SZ from Ashare (primary source)
2026-03-05 00:16:51,790 - quanttool.infrastructure.data_providers.data_fetcher - INFO - Fetching 000999.SZ from Ashare (primary source)
2026-03-05 00:16:51,790 - quanttool.infrastructure.data_providers.data_fetcher - INFO - Fetching 001391.SZ from Ashare (primary source)
2026-03-05 00:16:51,791 - quanttool.infrastructure.data_providers.data_fetcher - INFO - Fetching 001965.SZ from Ashare (primary source)
2026-03-05 00:16:51,791 - quanttool.infrastructure.data_providers.data_fetcher - INFO - Fetching 001979.SZ from Ashare (primary source)
2026-03-05 00:16:51,792 - quanttool.infrastructure.data_providers.data_fetcher - INFO - Fetching 002001.SZ from Ashare (primary source)
2026-03-05 00:16:51,792 - quanttool.infrastructure.data_providers.data_fetcher - INFO - Fetching 002027.SZ from Ashare (primary source)
2026-03-05 00:16:53,386 - quanttool.infrastructure.data_providers.data_fetcher - INFO - Successfully fetched 239 bars from Ashare for 001965.SZ
2026-03-05 00:16:53,389 - quanttool.infrastructure.cache.local_cache - INFO - Cached 239 rows for 001965.SZ (15260 bytes)
2026-03-05 00:16:53,389 - quanttool.infrastructure.data_providers.data_fetcher - INFO - Fetching 002028.SZ from Ashare (primary source)
2026-03-05 00:16:53,702 - quanttool.infrastructure.data_providers.data_fetcher - INFO - Successfully fetched 239 bars from Ashare for 000963.SZ
2026-03-05 00:16:53,705 - quanttool.infrastructure.cache.local_cache - INFO - Cached 239 rows for 000963.SZ (16267 bytes)
2026-03-05 00:16:53,705 - quanttool.infrastructure.data_providers.data_fetcher - INFO - Fetching 002049.SZ from Ashare (primary source)
2026-03-05 00:16:53,731 - quanttool.infrastructure.data_providers.data_fetcher - INFO - Successfully fetched 239 bars from Ashare for 001979.SZ
2026-03-05 00:16:53,733 - quanttool.infrastructure.cache.local_cache - INFO - Cached 239 rows for 001979.SZ (14780 bytes)
2026-03-05 00:16:53,734 - quanttool.infrastructure.data_providers.data_fetcher - INFO - Fetching 002050.SZ from Ashare (primary source)
2026-03-05 00:16:53,786 - quanttool.infrastructure.data_providers.data_fetcher - INFO - Successfully fetched 239 bars from Ashare for 002027.SZ
2026-03-05 00:16:53,790 - quanttool.infrastructure.cache.local_cache - INFO - Cached 239 rows for 002027.SZ (14258 bytes)
2026-03-05 00:16:53,791 - quanttool.infrastructure.data_providers.data_fetcher - INFO - Fetching 002074.SZ from Ashare (primary source)
2026-03-05 00:16:53,911 - quanttool.infrastructure.data_providers.data_fetcher - INFO - Successfully fetched 239 bars from Ashare for 000999.SZ
2026-03-05 00:16:53,914 - quanttool.infrastructure.cache.local_cache - INFO - Cached 239 rows for 000999.SZ (16080 bytes)
2026-03-05 00:16:53,914 - quanttool.infrastructure.data_providers.data_fetcher - INFO - Fetching 002142.SZ from Ashare (primary source)
2026-03-05 00:16:54,189 - quanttool.infrastructure.data_providers.data_fetcher - INFO - Successfully fetched 239 bars from Ashare for 000977.SZ
2026-03-05 00:16:54,199 - quanttool.infrastructure.data_providers.data_fetcher - INFO - Successfully fetched 239 bars from Ashare for 002001.SZ
2026-03-05 00:16:54,201 - quanttool.infrastructure.cache.local_cache - INFO - Cached 239 rows for 000977.SZ (16791 bytes)
2026-03-05 00:16:54,202 - quanttool.infrastructure.data_providers.data_fetcher - INFO - Fetching 002179.SZ from Ashare (primary source)
2026-03-05 00:16:54,204 - quanttool.infrastructure.cache.local_cache - INFO - Cached 239 rows for 002001.SZ (15880 bytes)
2026-03-05 00:16:54,205 - quanttool.infrastructure.data_providers.data_fetcher - INFO - Fetching 002230.SZ from Ashare (primary source)
2026-03-05 00:16:54,570 - quanttool.infrastructure.data_providers.data_fetcher - INFO - Successfully fetched 239 bars from Ashare for 000983.SZ
2026-03-05 00:16:54,573 - quanttool.infrastructure.cache.local_cache - INFO - Cached 239 rows for 000983.SZ (14175 bytes)
2026-03-05 00:16:54,574 - quanttool.infrastructure.data_providers.data_fetcher - INFO - Fetching 002236.SZ from Ashare (primary source)
2026-03-05 00:16:54,699 - quanttool.infrastructure.data_providers.data_fetcher - INFO - Successfully fetched 239 bars from Ashare for 001391.SZ
2026-03-05 00:16:54,704 - quanttool.infrastructure.cache.local_cache - INFO - Cached 239 rows for 001391.SZ (14021 bytes)
2026-03-05 00:16:54,704 - quanttool.infrastructure.data_providers.data_fetcher - INFO - Fetching 002241.SZ from Ashare (primary source)
2026-03-05 00:16:54,856 - quanttool.infrastructure.data_providers.data_fetcher - INFO - Successfully fetched 239 bars from Ashare for 000975.SZ
2026-03-05 00:16:54,859 - quanttool.infrastructure.cache.local_cache - INFO - Cached 239 rows for 000975.SZ (16266 bytes)
2026-03-05 00:16:54,860 - quanttool.infrastructure.data_providers.data_fetcher - INFO - Progress: 10/30 symbols fetched
2026-03-05 00:16:54,860 - quanttool.infrastructure.data_providers.data_fetcher - INFO - Fetching 002252.SZ from Ashare (primary source)
2026-03-05 00:16:54,965 - quanttool.infrastructure.data_providers.data_fetcher - INFO - Successfully fetched 239 bars from Ashare for 002028.SZ
2026-03-05 00:16:54,969 - quanttool.infrastructure.cache.local_cache - INFO - Cached 239 rows for 002028.SZ (16801 bytes)
2026-03-05 00:16:54,970 - quanttool.infrastructure.data_providers.data_fetcher - INFO - Fetching 002304.SZ from Ashare (primary source)
2026-03-05 00:16:55,378 - quanttool.infrastructure.data_providers.data_fetcher - INFO - Successfully fetched 239 bars from Ashare for 002230.SZ
2026-03-05 00:16:55,383 - quanttool.infrastructure.cache.local_cache - INFO - Cached 239 rows for 002230.SZ (16558 bytes)
2026-03-05 00:16:55,383 - quanttool.infrastructure.data_providers.data_fetcher - INFO - Fetching 002311.SZ from Ashare (primary source)
2026-03-05 00:16:55,497 - quanttool.infrastructure.data_providers.data_fetcher - INFO - Successfully fetched 239 bars from Ashare for 002074.SZ
2026-03-05 00:16:55,502 - quanttool.infrastructure.cache.local_cache - INFO - Cached 239 rows for 002074.SZ (16834 bytes)
2026-03-05 00:16:55,502 - quanttool.infrastructure.data_providers.data_fetcher - INFO - Fetching 002352.SZ from Ashare (primary source)
2026-03-05 00:16:55,762 - quanttool.infrastructure.data_providers.data_fetcher - INFO - Successfully fetched 229 bars from Ashare for 002049.SZ
2026-03-05 00:16:55,766 - quanttool.infrastructure.cache.local_cache - INFO - Cached 229 rows for 002049.SZ (16133 bytes)
2026-03-05 00:16:55,766 - quanttool.infrastructure.data_providers.data_fetcher - INFO - Fetching 002371.SZ from Ashare (primary source)
2026-03-05 00:16:56,065 - quanttool.infrastructure.data_providers.data_fetcher - INFO - Successfully fetched 239 bars from Ashare for 002241.SZ
2026-03-05 00:16:56,070 - quanttool.infrastructure.cache.local_cache - INFO - Cached 239 rows for 002241.SZ (16630 bytes)
2026-03-05 00:16:56,071 - quanttool.infrastructure.data_providers.data_fetcher - INFO - Fetching 002384.SZ from Ashare (primary source)
2026-03-05 00:16:56,132 - quanttool.infrastructure.data_providers.data_fetcher - INFO - Successfully fetched 239 bars from Ashare for 002304.SZ
2026-03-05 00:16:56,136 - quanttool.infrastructure.cache.local_cache - INFO - Cached 239 rows for 002304.SZ (16379 bytes)
2026-03-05 00:16:56,136 - quanttool.infrastructure.data_providers.data_fetcher - INFO - Fetching 002415.SZ from Ashare (primary source)
2026-03-05 00:16:56,260 - quanttool.infrastructure.data_providers.data_fetcher - INFO - Successfully fetched 239 bars from Ashare for 002179.SZ
2026-03-05 00:16:56,264 - quanttool.infrastructure.cache.local_cache - INFO - Cached 239 rows for 002179.SZ (16208 bytes)
2026-03-05 00:16:56,264 - quanttool.infrastructure.data_providers.data_fetcher - INFO - Fetching 002422.SZ from Ashare (primary source)
2026-03-05 00:16:56,317 - quanttool.infrastructure.data_providers.data_fetcher - INFO - Successfully fetched 239 bars from Ashare for 002142.SZ
2026-03-05 00:16:56,320 - quanttool.infrastructure.cache.local_cache - INFO - Cached 239 rows for 002142.SZ (15900 bytes)
2026-03-05 00:16:56,321 - quanttool.infrastructure.data_providers.data_fetcher - INFO - Fetching 002459.SZ from Ashare (primary source)
2026-03-05 00:16:56,689 - quanttool.infrastructure.data_providers.data_fetcher - INFO - Successfully fetched 239 bars from Ashare for 002236.SZ
2026-03-05 00:16:56,692 - quanttool.infrastructure.cache.local_cache - INFO - Cached 239 rows for 002236.SZ (15815 bytes)
2026-03-05 00:16:56,693 - quanttool.infrastructure.data_providers.data_fetcher - INFO - Fetching 002460.SZ from Ashare (primary source)
2026-03-05 00:16:56,766 - quanttool.infrastructure.data_providers.data_fetcher - INFO - Successfully fetched 239 bars from Ashare for 002050.SZ
2026-03-05 00:16:56,770 - quanttool.infrastructure.cache.local_cache - INFO - Cached 239 rows for 002050.SZ (16685 bytes)
2026-03-05 00:16:56,770 - quanttool.infrastructure.data_providers.data_fetcher - INFO - Fetching 002463.SZ from Ashare (primary source)
2026-03-05 00:16:56,770 - quanttool.infrastructure.data_providers.data_fetcher - INFO - Progress: 20/30 symbols fetched
2026-03-05 00:16:56,858 - quanttool.infrastructure.data_providers.data_fetcher - INFO - Successfully fetched 239 bars from Ashare for 002252.SZ
2026-03-05 00:16:56,861 - quanttool.infrastructure.cache.local_cache - INFO - Cached 239 rows for 002252.SZ (13506 bytes)
2026-03-05 00:16:57,033 - quanttool.infrastructure.data_providers.data_fetcher - INFO - Successfully fetched 239 bars from Ashare for 002352.SZ
2026-03-05 00:16:57,037 - quanttool.infrastructure.cache.local_cache - INFO - Cached 239 rows for 002352.SZ (16311 bytes)
2026-03-05 00:16:57,809 - quanttool.infrastructure.data_providers.data_fetcher - INFO - Successfully fetched 239 bars from Ashare for 002384.SZ
2026-03-05 00:16:57,812 - quanttool.infrastructure.cache.local_cache - INFO - Cached 239 rows for 002384.SZ (16930 bytes)
2026-03-05 00:16:57,844 - quanttool.infrastructure.data_providers.data_fetcher - INFO - Successfully fetched 239 bars from Ashare for 002459.SZ
2026-03-05 00:16:57,847 - quanttool.infrastructure.cache.local_cache - INFO - Cached 239 rows for 002459.SZ (15703 bytes)
2026-03-05 00:16:58,320 - quanttool.infrastructure.data_providers.data_fetcher - INFO - Successfully fetched 239 bars from Ashare for 002460.SZ
2026-03-05 00:16:58,323 - quanttool.infrastructure.cache.local_cache - INFO - Cached 239 rows for 002460.SZ (16772 bytes)
2026-03-05 00:16:58,346 - quanttool.infrastructure.data_providers.data_fetcher - INFO - Successfully fetched 239 bars from Ashare for 002422.SZ
2026-03-05 00:16:58,349 - quanttool.infrastructure.cache.local_cache - INFO - Cached 239 rows for 002422.SZ (16141 bytes)
2026-03-05 00:16:58,410 - quanttool.infrastructure.data_providers.data_fetcher - INFO - Successfully fetched 239 bars from Ashare for 002311.SZ
2026-03-05 00:16:58,414 - quanttool.infrastructure.cache.local_cache - INFO - Cached 239 rows for 002311.SZ (16440 bytes)
2026-03-05 00:16:58,605 - quanttool.infrastructure.data_providers.data_fetcher - INFO - Successfully fetched 239 bars from Ashare for 002371.SZ
2026-03-05 00:16:58,608 - quanttool.infrastructure.cache.local_cache - INFO - Cached 239 rows for 002371.SZ (16744 bytes)
2026-03-05 00:16:59,122 - quanttool.infrastructure.data_providers.data_fetcher - INFO - Successfully fetched 239 bars from Ashare for 002415.SZ
2026-03-05 00:16:59,125 - quanttool.infrastructure.cache.local_cache - INFO - Cached 239 rows for 002415.SZ (16063 bytes)
2026-03-05 00:16:59,285 - quanttool.infrastructure.data_providers.data_fetcher - INFO - Successfully fetched 239 bars from Ashare for 002463.SZ
2026-03-05 00:16:59,289 - quanttool.infrastructure.cache.local_cache - INFO - Cached 239 rows for 002463.SZ (16841 bytes)
2026-03-05 00:16:59,289 - quanttool.infrastructure.data_providers.data_fetcher - INFO - Progress: 30/30 symbols fetched
2026-03-05 00:16:59,289 - quanttool.infrastructure.data_providers.data_fetcher - INFO - Parallel fetch completed: 30/30 symbols successful
2026-03-05 00:16:59,290 - quanttool.infrastructure.data_providers.data_fetcher - INFO - Cache hit: 0/30 symbols
2026-03-05 00:16:59,291 - quanttool.infrastructure.data_providers.data_fetcher - INFO - Fetching 002466.SZ from Ashare (primary source)
2026-03-05 00:16:59,292 - quanttool.infrastructure.data_providers.data_fetcher - INFO - Fetching 002475.SZ from Ashare (primary source)
2026-03-05 00:16:59,292 - quanttool.infrastructure.data_providers.data_fetcher - INFO - Fetching 002493.SZ from Ashare (primary source)
2026-03-05 00:16:59,292 - quanttool.infrastructure.data_providers.data_fetcher - INFO - Fetching 002594.SZ from Ashare (primary source)
2026-03-05 00:16:59,293 - quanttool.infrastructure.data_providers.data_fetcher - INFO - Fetching 002600.SZ from Ashare (primary source)
2026-03-05 00:16:59,293 - quanttool.infrastructure.data_providers.data_fetcher - INFO - Fetching 002601.SZ from Ashare (primary source)
2026-03-05 00:16:59,294 - quanttool.infrastructure.data_providers.data_fetcher - INFO - Fetching 002625.SZ from Ashare (primary source)
2026-03-05 00:16:59,294 - quanttool.infrastructure.data_providers.data_fetcher - INFO - Fetching 002648.SZ from Ashare (primary source)
2026-03-05 00:16:59,295 - quanttool.infrastructure.data_providers.data_fetcher - INFO - Fetching 002709.SZ from Ashare (primary source)
2026-03-05 00:16:59,295 - quanttool.infrastructure.data_providers.data_fetcher - INFO - Fetching 002714.SZ from Ashare (primary source)
2026-03-05 00:17:00,434 - quanttool.infrastructure.data_providers.data_fetcher - INFO - Successfully fetched 239 bars from Ashare for 002466.SZ
2026-03-05 00:17:00,439 - quanttool.infrastructure.cache.local_cache - INFO - Cached 239 rows for 002466.SZ (16848 bytes)
2026-03-05 00:17:00,439 - quanttool.infrastructure.data_providers.data_fetcher - INFO - Fetching 002736.SZ from Ashare (primary source)
2026-03-05 00:17:00,686 - quanttool.infrastructure.data_providers.data_fetcher - INFO - Successfully fetched 239 bars from Ashare for 002600.SZ
2026-03-05 00:17:00,691 - quanttool.infrastructure.cache.local_cache - INFO - Cached 239 rows for 002600.SZ (15938 bytes)
2026-03-05 00:17:00,692 - quanttool.infrastructure.data_providers.data_fetcher - INFO - Fetching 002916.SZ from Ashare (primary source)
2026-03-05 00:17:01,303 - quanttool.infrastructure.data_providers.data_fetcher - INFO - Successfully fetched 239 bars from Ashare for 002493.SZ
2026-03-05 00:17:01,306 - quanttool.infrastructure.cache.local_cache - INFO - Cached 239 rows for 002493.SZ (15497 bytes)
2026-03-05 00:17:01,307 - quanttool.infrastructure.data_providers.data_fetcher - INFO - Fetching 002920.SZ from Ashare (primary source)
2026-03-05 00:17:01,381 - quanttool.infrastructure.data_providers.data_fetcher - INFO - Successfully fetched 239 bars from Ashare for 002594.SZ
2026-03-05 00:17:01,385 - quanttool.infrastructure.cache.local_cache - INFO - Cached 239 rows for 002594.SZ (16810 bytes)
2026-03-05 00:17:01,386 - quanttool.infrastructure.data_providers.data_fetcher - INFO - Fetching 002938.SZ from Ashare (primary source)
2026-03-05 00:17:01,459 - quanttool.infrastructure.data_providers.data_fetcher - INFO - Successfully fetched 239 bars from Ashare for 002475.SZ
2026-03-05 00:17:01,462 - quanttool.infrastructure.cache.local_cache - INFO - Cached 239 rows for 002475.SZ (16904 bytes)
2026-03-05 00:17:01,462 - quanttool.infrastructure.data_providers.data_fetcher - INFO - Fetching 003816.SZ from Ashare (primary source)
2026-03-05 00:17:01,547 - quanttool.infrastructure.data_providers.data_fetcher - INFO - Successfully fetched 239 bars from Ashare for 002709.SZ
2026-03-05 00:17:01,550 - quanttool.infrastructure.cache.local_cache - INFO - Cached 239 rows for 002709.SZ (16622 bytes)
2026-03-05 00:17:01,551 - quanttool.infrastructure.data_providers.data_fetcher - INFO - Fetching 300014.SZ from Ashare (primary source)
2026-03-05 00:17:01,590 - quanttool.infrastructure.data_providers.data_fetcher - INFO - Successfully fetched 239 bars from Ashare for 002625.SZ
2026-03-05 00:17:01,592 - quanttool.infrastructure.cache.local_cache - INFO - Cached 239 rows for 002625.SZ (16566 bytes)
2026-03-05 00:17:01,593 - quanttool.infrastructure.data_providers.data_fetcher - INFO - Fetching 300015.SZ from Ashare (primary source)
2026-03-05 00:17:01,742 - quanttool.infrastructure.data_providers.data_fetcher - INFO - Successfully fetched 239 bars from Ashare for 002714.SZ
2026-03-05 00:17:01,744 - quanttool.infrastructure.cache.local_cache - INFO - Cached 239 rows for 002714.SZ (16540 bytes)
2026-03-05 00:17:01,745 - quanttool.infrastructure.data_providers.data_fetcher - INFO - Fetching 300033.SZ from Ashare (primary source)
2026-03-05 00:17:01,806 - quanttool.infrastructure.data_providers.data_fetcher - INFO - Successfully fetched 239 bars from Ashare for 002601.SZ
2026-03-05 00:17:01,809 - quanttool.infrastructure.cache.local_cache - INFO - Cached 239 rows for 002601.SZ (15849 bytes)
2026-03-05 00:17:01,809 - quanttool.infrastructure.data_providers.data_fetcher - INFO - Fetching 300059.SZ from Ashare (primary source)
2026-03-05 00:17:01,815 - quanttool.infrastructure.data_providers.data_fetcher - INFO - Successfully fetched 239 bars from Ashare for 002648.SZ
2026-03-05 00:17:01,818 - quanttool.infrastructure.cache.local_cache - INFO - Cached 239 rows for 002648.SZ (16064 bytes)
2026-03-05 00:17:01,818 - quanttool.infrastructure.data_providers.data_fetcher - INFO - Progress: 10/30 symbols fetched
2026-03-05 00:17:01,818 - quanttool.infrastructure.data_providers.data_fetcher - INFO - Fetching 300122.SZ from Ashare (primary source)
2026-03-05 00:17:03,015 - quanttool.infrastructure.data_providers.data_fetcher - INFO - Successfully fetched 239 bars from Ashare for 002916.SZ
2026-03-05 00:17:03,018 - quanttool.infrastructure.cache.local_cache - INFO - Cached 239 rows for 002916.SZ (16885 bytes)
2026-03-05 00:17:03,018 - quanttool.infrastructure.data_providers.data_fetcher - INFO - Fetching 300124.SZ from Ashare (primary source)
2026-03-05 00:17:03,117 - quanttool.infrastructure.data_providers.data_fetcher - INFO - Successfully fetched 239 bars from Ashare for 300122.SZ
2026-03-05 00:17:03,123 - quanttool.infrastructure.cache.local_cache - INFO - Cached 239 rows for 300122.SZ (16123 bytes)
2026-03-05 00:17:03,124 - quanttool.infrastructure.data_providers.data_fetcher - INFO - Fetching 300251.SZ from Ashare (primary source)
2026-03-05 00:17:03,437 - quanttool.infrastructure.data_providers.data_fetcher - INFO - Successfully fetched 239 bars from Ashare for 002736.SZ
2026-03-05 00:17:03,440 - quanttool.infrastructure.cache.local_cache - INFO - Cached 239 rows for 002736.SZ (15697 bytes)
2026-03-05 00:17:03,440 - quanttool.infrastructure.data_providers.data_fetcher - INFO - Fetching 300274.SZ from Ashare (primary source)
2026-03-05 00:17:03,467 - quanttool.infrastructure.data_providers.data_fetcher - INFO - Successfully fetched 239 bars from Ashare for 300015.SZ
2026-03-05 00:17:03,471 - quanttool.infrastructure.cache.local_cache - INFO - Cached 239 rows for 300015.SZ (15256 bytes)
2026-03-05 00:17:03,471 - quanttool.infrastructure.data_providers.data_fetcher - INFO - Fetching 300308.SZ from Ashare (primary source)
2026-03-05 00:17:03,834 - quanttool.infrastructure.data_providers.data_fetcher - INFO - Successfully fetched 239 bars from Ashare for 002938.SZ
2026-03-05 00:17:03,838 - quanttool.infrastructure.cache.local_cache - INFO - Cached 239 rows for 002938.SZ (16868 bytes)
2026-03-05 00:17:03,838 - quanttool.infrastructure.data_providers.data_fetcher - INFO - Fetching 300316.SZ from Ashare (primary source)
2026-03-05 00:17:03,869 - quanttool.infrastructure.data_providers.data_fetcher - INFO - Successfully fetched 239 bars from Ashare for 300059.SZ
2026-03-05 00:17:03,872 - quanttool.infrastructure.cache.local_cache - INFO - Cached 239 rows for 300059.SZ (16183 bytes)
2026-03-05 00:17:03,872 - quanttool.infrastructure.data_providers.data_fetcher - INFO - Fetching 300347.SZ from Ashare (primary source)
2026-03-05 00:17:03,909 - quanttool.infrastructure.data_providers.data_fetcher - INFO - Successfully fetched 239 bars from Ashare for 002920.SZ
2026-03-05 00:17:03,912 - quanttool.infrastructure.cache.local_cache - INFO - Cached 239 rows for 002920.SZ (16675 bytes)
2026-03-05 00:17:03,912 - quanttool.infrastructure.data_providers.data_fetcher - INFO - Fetching 300394.SZ from Ashare (primary source)
2026-03-05 00:17:04,325 - quanttool.infrastructure.data_providers.data_fetcher - INFO - Successfully fetched 239 bars from Ashare for 300033.SZ
2026-03-05 00:17:04,328 - quanttool.infrastructure.cache.local_cache - INFO - Cached 239 rows for 300033.SZ (16874 bytes)
2026-03-05 00:17:04,329 - quanttool.infrastructure.data_providers.data_fetcher - INFO - Fetching 300408.SZ from Ashare (primary source)
2026-03-05 00:17:04,367 - quanttool.infrastructure.data_providers.data_fetcher - INFO - Successfully fetched 239 bars from Ashare for 003816.SZ
2026-03-05 00:17:04,371 - quanttool.infrastructure.cache.local_cache - INFO - Cached 239 rows for 003816.SZ (13187 bytes)
2026-03-05 00:17:04,371 - quanttool.infrastructure.data_providers.data_fetcher - INFO - Fetching 300413.SZ from Ashare (primary source)
2026-03-05 00:17:04,592 - quanttool.infrastructure.data_providers.data_fetcher - INFO - Successfully fetched 239 bars from Ashare for 300014.SZ
2026-03-05 00:17:04,596 - quanttool.infrastructure.cache.local_cache - INFO - Cached 239 rows for 300014.SZ (16796 bytes)
2026-03-05 00:17:04,596 - quanttool.infrastructure.data_providers.data_fetcher - INFO - Progress: 20/30 symbols fetched
2026-03-05 00:17:04,597 - quanttool.infrastructure.data_providers.data_fetcher - INFO - Fetching 300418.SZ from Ashare (primary source)
2026-03-05 00:17:04,984 - quanttool.infrastructure.data_providers.data_fetcher - INFO - Successfully fetched 239 bars from Ashare for 300124.SZ
2026-03-05 00:17:04,987 - quanttool.infrastructure.cache.local_cache - INFO - Cached 239 rows for 300124.SZ (16616 bytes)
2026-03-05 00:17:05,054 - quanttool.infrastructure.data_providers.data_fetcher - INFO - Successfully fetched 239 bars from Ashare for 300394.SZ
2026-03-05 00:17:05,058 - quanttool.infrastructure.cache.local_cache - INFO - Cached 239 rows for 300394.SZ (17030 bytes)
2026-03-05 00:17:05,141 - quanttool.infrastructure.data_providers.data_fetcher - INFO - Successfully fetched 239 bars from Ashare for 300316.SZ
2026-03-05 00:17:05,144 - quanttool.infrastructure.cache.local_cache - INFO - Cached 239 rows for 300316.SZ (16666 bytes)
2026-03-05 00:17:05,712 - quanttool.infrastructure.data_providers.data_fetcher - INFO - Successfully fetched 239 bars from Ashare for 300347.SZ
2026-03-05 00:17:05,718 - quanttool.infrastructure.cache.local_cache - INFO - Cached 239 rows for 300347.SZ (16724 bytes)
2026-03-05 00:17:05,795 - quanttool.infrastructure.data_providers.data_fetcher - INFO - Successfully fetched 239 bars from Ashare for 300274.SZ
2026-03-05 00:17:05,799 - quanttool.infrastructure.cache.local_cache - INFO - Cached 239 rows for 300274.SZ (16977 bytes)
2026-03-05 00:17:06,008 - quanttool.infrastructure.data_providers.data_fetcher - INFO - Successfully fetched 239 bars from Ashare for 300251.SZ
2026-03-05 00:17:06,011 - quanttool.infrastructure.cache.local_cache - INFO - Cached 239 rows for 300251.SZ (16111 bytes)
2026-03-05 00:17:06,090 - quanttool.infrastructure.data_providers.data_fetcher - INFO - Successfully fetched 239 bars from Ashare for 300308.SZ
2026-03-05 00:17:06,094 - quanttool.infrastructure.cache.local_cache - INFO - Cached 239 rows for 300308.SZ (17065 bytes)
2026-03-05 00:17:06,291 - quanttool.infrastructure.data_providers.data_fetcher - INFO - Successfully fetched 239 bars from Ashare for 300413.SZ
2026-03-05 00:17:06,295 - quanttool.infrastructure.cache.local_cache - INFO - Cached 239 rows for 300413.SZ (16294 bytes)
2026-03-05 00:17:06,478 - quanttool.infrastructure.data_providers.data_fetcher - INFO - Successfully fetched 239 bars from Ashare for 300418.SZ
2026-03-05 00:17:06,481 - quanttool.infrastructure.cache.local_cache - INFO - Cached 239 rows for 300418.SZ (16748 bytes)
2026-03-05 00:17:06,497 - quanttool.infrastructure.data_providers.data_fetcher - INFO - Successfully fetched 239 bars from Ashare for 300408.SZ
2026-03-05 00:17:06,499 - quanttool.infrastructure.cache.local_cache - INFO - Cached 239 rows for 300408.SZ (16664 bytes)
2026-03-05 00:17:06,500 - quanttool.infrastructure.data_providers.data_fetcher - INFO - Progress: 30/30 symbols fetched
2026-03-05 00:17:06,500 - quanttool.infrastructure.data_providers.data_fetcher - INFO - Parallel fetch completed: 30/30 symbols successful
2026-03-05 00:17:06,500 - quanttool.infrastructure.data_providers.data_fetcher - INFO - Cache hit: 0/30 symbols
2026-03-05 00:17:06,501 - quanttool.infrastructure.data_providers.data_fetcher - INFO - Fetching 300433.SZ from Ashare (primary source)
2026-03-05 00:17:06,502 - quanttool.infrastructure.data_providers.data_fetcher - INFO - Fetching 300442.SZ from Ashare (primary source)
2026-03-05 00:17:06,502 - quanttool.infrastructure.data_providers.data_fetcher - INFO - Fetching 300476.SZ from Ashare (primary source)
2026-03-05 00:17:06,502 - quanttool.infrastructure.data_providers.data_fetcher - INFO - Fetching 300498.SZ from Ashare (primary source)
2026-03-05 00:17:06,503 - quanttool.infrastructure.data_providers.data_fetcher - INFO - Fetching 300502.SZ from Ashare (primary source)
2026-03-05 00:17:06,503 - quanttool.infrastructure.data_providers.data_fetcher - INFO - Fetching 300628.SZ from Ashare (primary source)
2026-03-05 00:17:06,503 - quanttool.infrastructure.data_providers.data_fetcher - INFO - Fetching 300661.SZ from Ashare (primary source)
2026-03-05 00:17:06,504 - quanttool.infrastructure.data_providers.data_fetcher - INFO - Fetching 300750.SZ from Ashare (primary source)
2026-03-05 00:17:06,504 - quanttool.infrastructure.data_providers.data_fetcher - INFO - Fetching 300759.SZ from Ashare (primary source)
2026-03-05 00:17:06,505 - quanttool.infrastructure.data_providers.data_fetcher - INFO - Fetching 300760.SZ from Ashare (primary source)
2026-03-05 00:17:07,644 - quanttool.infrastructure.data_providers.data_fetcher - INFO - Successfully fetched 233 bars from Ashare for 300442.SZ
2026-03-05 00:17:07,648 - quanttool.infrastructure.cache.local_cache - INFO - Cached 233 rows for 300442.SZ (16449 bytes)
2026-03-05 00:17:07,648 - quanttool.infrastructure.data_providers.data_fetcher - INFO - Fetching 300782.SZ from Ashare (primary source)
2026-03-05 00:17:07,747 - quanttool.infrastructure.data_providers.data_fetcher - INFO - Successfully fetched 239 bars from Ashare for 300628.SZ
2026-03-05 00:17:07,750 - quanttool.infrastructure.cache.local_cache - INFO - Cached 239 rows for 300628.SZ (15978 bytes)
2026-03-05 00:17:07,750 - quanttool.infrastructure.data_providers.data_fetcher - INFO - Fetching 300803.SZ from Ashare (primary source)
2026-03-05 00:17:07,787 - quanttool.infrastructure.data_providers.data_fetcher - INFO - Successfully fetched 239 bars from Ashare for 300502.SZ
2026-03-05 00:17:07,790 - quanttool.infrastructure.cache.local_cache - INFO - Cached 239 rows for 300502.SZ (17037 bytes)
2026-03-05 00:17:07,790 - quanttool.infrastructure.data_providers.data_fetcher - INFO - Fetching 300832.SZ from Ashare (primary source)
2026-03-05 00:17:07,840 - quanttool.infrastructure.data_providers.data_fetcher - INFO - Successfully fetched 239 bars from Ashare for 300661.SZ
2026-03-05 00:17:07,843 - quanttool.infrastructure.cache.local_cache - INFO - Cached 239 rows for 300661.SZ (16668 bytes)
2026-03-05 00:17:07,843 - quanttool.infrastructure.data_providers.data_fetcher - INFO - Fetching 300866.SZ from Ashare (primary source)
2026-03-05 00:17:07,977 - quanttool.infrastructure.data_providers.data_fetcher - INFO - Successfully fetched 239 bars from Ashare for 300433.SZ
2026-03-05 00:17:07,981 - quanttool.infrastructure.cache.local_cache - INFO - Cached 239 rows for 300433.SZ (16632 bytes)
2026-03-05 00:17:07,981 - quanttool.infrastructure.data_providers.data_fetcher - INFO - Fetching 300896.SZ from Ashare (primary source)
2026-03-05 00:17:08,301 - quanttool.infrastructure.data_providers.data_fetcher - INFO - Successfully fetched 239 bars from Ashare for 300750.SZ
2026-03-05 00:17:08,304 - quanttool.infrastructure.cache.local_cache - INFO - Cached 239 rows for 300750.SZ (16809 bytes)
2026-03-05 00:17:08,305 - quanttool.infrastructure.data_providers.data_fetcher - INFO - Fetching 300979.SZ from Ashare (primary source)
2026-03-05 00:17:08,588 - quanttool.infrastructure.data_providers.data_fetcher - INFO - Successfully fetched 239 bars from Ashare for 300760.SZ
2026-03-05 00:17:08,591 - quanttool.infrastructure.cache.local_cache - INFO - Cached 239 rows for 300760.SZ (16637 bytes)
2026-03-05 00:17:08,591 - quanttool.infrastructure.data_providers.data_fetcher - INFO - Fetching 300999.SZ from Ashare (primary source)
2026-03-05 00:17:08,882 - quanttool.infrastructure.data_providers.data_fetcher - INFO - Successfully fetched 239 bars from Ashare for 300782.SZ
2026-03-05 00:17:08,885 - quanttool.infrastructure.cache.local_cache - INFO - Cached 239 rows for 300782.SZ (16242 bytes)
2026-03-05 00:17:08,885 - quanttool.infrastructure.data_providers.data_fetcher - INFO - Fetching 301236.SZ from Ashare (primary source)
2026-03-05 00:17:08,956 - quanttool.infrastructure.data_providers.data_fetcher - INFO - Successfully fetched 239 bars from Ashare for 300476.SZ
2026-03-05 00:17:08,959 - quanttool.infrastructure.cache.local_cache - INFO - Cached 239 rows for 300476.SZ (16956 bytes)
2026-03-05 00:17:08,959 - quanttool.infrastructure.data_providers.data_fetcher - INFO - Fetching 301269.SZ from Ashare (primary source)
2026-03-05 00:17:08,985 - quanttool.infrastructure.data_providers.data_fetcher - INFO - Successfully fetched 239 bars from Ashare for 300498.SZ
2026-03-05 00:17:08,988 - quanttool.infrastructure.cache.local_cache - INFO - Cached 239 rows for 300498.SZ (15460 bytes)
2026-03-05 00:17:08,988 - quanttool.infrastructure.data_providers.data_fetcher - INFO - Progress: 10/30 symbols fetched
2026-03-05 00:17:08,988 - quanttool.infrastructure.data_providers.data_fetcher - INFO - Fetching 302132.SZ from Ashare (primary source)
2026-03-05 00:17:09,085 - quanttool.infrastructure.data_providers.data_fetcher - INFO - Successfully fetched 239 bars from Ashare for 300759.SZ
2026-03-05 00:17:09,088 - quanttool.infrastructure.cache.local_cache - INFO - Cached 239 rows for 300759.SZ (16324 bytes)
2026-03-05 00:17:09,089 - quanttool.infrastructure.data_providers.data_fetcher - INFO - Fetching 600000.SH from Ashare (primary source)
2026-03-05 00:17:09,112 - quanttool.infrastructure.data_providers.data_fetcher - INFO - Successfully fetched 239 bars from Ashare for 300803.SZ
2026-03-05 00:17:09,115 - quanttool.infrastructure.cache.local_cache - INFO - Cached 239 rows for 300803.SZ (16988 bytes)
2026-03-05 00:17:09,115 - quanttool.infrastructure.data_providers.data_fetcher - INFO - Fetching 600009.SH from Ashare (primary source)
2026-03-05 00:17:09,502 - quanttool.infrastructure.data_providers.data_fetcher - INFO - Successfully fetched 239 bars from Ashare for 300832.SZ
2026-03-05 00:17:09,506 - quanttool.infrastructure.cache.local_cache - INFO - Cached 239 rows for 300832.SZ (16300 bytes)
2026-03-05 00:17:09,507 - quanttool.infrastructure.data_providers.data_fetcher - INFO - Fetching 600010.SH from Ashare (primary source)
2026-03-05 00:17:10,028 - quanttool.infrastructure.data_providers.data_fetcher - INFO - Successfully fetched 239 bars from Ashare for 300866.SZ
2026-03-05 00:17:10,034 - quanttool.infrastructure.cache.local_cache - INFO - Cached 239 rows for 300866.SZ (16649 bytes)
2026-03-05 00:17:10,035 - quanttool.infrastructure.data_providers.data_fetcher - INFO - Fetching 600011.SH from Ashare (primary source)
2026-03-05 00:17:10,292 - quanttool.infrastructure.data_providers.data_fetcher - INFO - Successfully fetched 239 bars from Ashare for 300999.SZ
2026-03-05 00:17:10,298 - quanttool.infrastructure.cache.local_cache - INFO - Cached 239 rows for 300999.SZ (15727 bytes)
2026-03-05 00:17:10,298 - quanttool.infrastructure.data_providers.data_fetcher - INFO - Fetching 600015.SH from Ashare (primary source)
2026-03-05 00:17:10,370 - quanttool.infrastructure.data_providers.data_fetcher - INFO - Successfully fetched 239 bars from Ashare for 302132.SZ
2026-03-05 00:17:10,373 - quanttool.infrastructure.cache.local_cache - INFO - Cached 239 rows for 302132.SZ (16519 bytes)
2026-03-05 00:17:10,374 - quanttool.infrastructure.data_providers.data_fetcher - INFO - Fetching 600016.SH from Ashare (primary source)
2026-03-05 00:17:10,450 - quanttool.infrastructure.data_providers.data_fetcher - INFO - Successfully fetched 239 bars from Ashare for 300979.SZ
2026-03-05 00:17:10,454 - quanttool.infrastructure.cache.local_cache - INFO - Cached 239 rows for 300979.SZ (16276 bytes)
2026-03-05 00:17:10,454 - quanttool.infrastructure.data_providers.data_fetcher - INFO - Fetching 600018.SH from Ashare (primary source)
2026-03-05 00:17:10,605 - quanttool.infrastructure.data_providers.data_fetcher - INFO - Successfully fetched 239 bars from Ashare for 300896.SZ
2026-03-05 00:17:10,613 - quanttool.infrastructure.data_providers.data_fetcher - INFO - Successfully fetched 239 bars from Ashare for 301236.SZ
2026-03-05 00:17:10,617 - quanttool.infrastructure.cache.local_cache - INFO - Cached 239 rows for 300896.SZ (16572 bytes)
2026-03-05 00:17:10,617 - quanttool.infrastructure.cache.local_cache - INFO - Cached 239 rows for 301236.SZ (16466 bytes)
2026-03-05 00:17:10,618 - quanttool.infrastructure.data_providers.data_fetcher - INFO - Fetching 600019.SH from Ashare (primary source)
2026-03-05 00:17:10,618 - quanttool.infrastructure.data_providers.data_fetcher - INFO - Fetching 600023.SH from Ashare (primary source)
2026-03-05 00:17:11,379 - quanttool.infrastructure.data_providers.data_fetcher - INFO - Successfully fetched 239 bars from Ashare for 600009.SH
2026-03-05 00:17:11,382 - quanttool.infrastructure.cache.local_cache - INFO - Cached 239 rows for 600009.SH (15105 bytes)
2026-03-05 00:17:11,382 - quanttool.infrastructure.data_providers.data_fetcher - INFO - Progress: 20/30 symbols fetched
2026-03-05 00:17:11,383 - quanttool.infrastructure.data_providers.data_fetcher - INFO - Fetching 600025.SH from Ashare (primary source)
2026-03-05 00:17:11,594 - quanttool.infrastructure.data_providers.data_fetcher - INFO - Successfully fetched 229 bars from Ashare for 301269.SZ
2026-03-05 00:17:11,597 - quanttool.infrastructure.cache.local_cache - INFO - Cached 229 rows for 301269.SZ (16095 bytes)
2026-03-05 00:17:11,746 - quanttool.infrastructure.data_providers.data_fetcher - INFO - Successfully fetched 239 bars from Ashare for 600010.SH
2026-03-05 00:17:11,749 - quanttool.infrastructure.cache.local_cache - INFO - Cached 239 rows for 600010.SH (14092 bytes)
2026-03-05 00:17:11,980 - quanttool.infrastructure.data_providers.data_fetcher - INFO - Successfully fetched 239 bars from Ashare for 600019.SH
2026-03-05 00:17:11,983 - quanttool.infrastructure.cache.local_cache - INFO - Cached 239 rows for 600019.SH (13965 bytes)
2026-03-05 00:17:12,003 - quanttool.infrastructure.data_providers.data_fetcher - WARNING - 新浪数据获取失败: Expecting value: line 1 column 1 (char 0)
2026-03-05 00:17:12,046 - quanttool.infrastructure.data_providers.data_fetcher - INFO - Successfully fetched 239 bars from Ashare for 600023.SH
2026-03-05 00:17:12,050 - quanttool.infrastructure.cache.local_cache - INFO - Cached 239 rows for 600023.SH (13570 bytes)
2026-03-05 00:17:12,102 - quanttool.infrastructure.data_providers.data_fetcher - INFO - Successfully fetched 239 bars from Ashare for 600000.SH
2026-03-05 00:17:12,105 - quanttool.infrastructure.cache.local_cache - INFO - Cached 239 rows for 600000.SH (15622 bytes)
2026-03-05 00:17:12,386 - quanttool.infrastructure.data_providers.data_fetcher - WARNING - 新浪数据获取失败: Expecting value: line 1 column 1 (char 0)
2026-03-05 00:17:12,534 - quanttool.infrastructure.data_providers.data_fetcher - INFO - Successfully fetched 239 bars from Ashare for 600011.SH
2026-03-05 00:17:12,536 - quanttool.infrastructure.cache.local_cache - INFO - Cached 239 rows for 600011.SH (14072 bytes)
2026-03-05 00:17:12,588 - quanttool.infrastructure.data_providers.data_fetcher - WARNING - 新浪数据获取失败: Expecting value: line 1 column 1 (char 0)
2026-03-05 00:17:13,176 - quanttool.infrastructure.data_providers.data_fetcher - WARNING - 腾讯数据获取失败: 6 columns passed, passed data had 7 columns
2026-03-05 00:17:13,177 - quanttool.infrastructure.data_providers.data_fetcher - WARNING - Ashare returned no data for 600016.SH
2026-03-05 00:17:14,302 - quanttool.infrastructure.data_providers.data_fetcher - WARNING - 腾讯数据获取失败: 6 columns passed, passed data had 7 columns
2026-03-05 00:17:14,304 - quanttool.infrastructure.data_providers.data_fetcher - WARNING - Ashare returned no data for 600015.SH
2026-03-05 00:17:14,358 - quanttool.infrastructure.data_providers.data_fetcher - WARNING - 新浪数据获取失败: Expecting value: line 1 column 1 (char 0)
2026-03-05 00:17:15,286 - quanttool.infrastructure.data_providers.data_fetcher - WARNING - 腾讯数据获取失败: 6 columns passed, passed data had 7 columns
2026-03-05 00:17:15,288 - quanttool.infrastructure.data_providers.data_fetcher - WARNING - Ashare returned no data for 600018.SH
2026-03-05 00:17:16,142 - quanttool.infrastructure.data_providers.data_fetcher - ERROR - Error fetching EastMoney data for 600016.SH: ('Connection aborted.', RemoteDisconnected('Remote end closed connection without response'))
2026-03-05 00:17:16,143 - quanttool.infrastructure.data_providers.data_fetcher - INFO - Fetching 600016.SH from AkShare using base symbol 600016
2026-03-05 00:17:16,164 - quanttool.infrastructure.data_providers.data_fetcher - WARNING - 腾讯数据获取失败: 6 columns passed, passed data had 7 columns
2026-03-05 00:17:16,166 - quanttool.infrastructure.data_providers.data_fetcher - WARNING - Ashare returned no data for 600025.SH
2026-03-05 00:17:16,197 - quanttool.infrastructure.data_providers.data_fetcher - WARNING - AkShare attempt 1 failed: ('Connection aborted.', RemoteDisconnected('Remote end closed connection without response'))
2026-03-05 00:17:17,240 - quanttool.infrastructure.data_providers.data_fetcher - WARNING - AkShare attempt 2 failed: ('Connection aborted.', RemoteDisconnected('Remote end closed connection without response'))
2026-03-05 00:17:17,295 - quanttool.infrastructure.data_providers.data_fetcher - ERROR - Error fetching EastMoney data for 600015.SH: ('Connection aborted.', RemoteDisconnected('Remote end closed connection without response'))
2026-03-05 00:17:17,295 - quanttool.infrastructure.data_providers.data_fetcher - INFO - Fetching 600015.SH from AkShare using base symbol 600015
2026-03-05 00:17:17,327 - quanttool.infrastructure.data_providers.data_fetcher - ERROR - Error fetching EastMoney data for 600025.SH: ('Connection aborted.', RemoteDisconnected('Remote end closed connection without response'))
2026-03-05 00:17:17,327 - quanttool.infrastructure.data_providers.data_fetcher - INFO - Fetching 600025.SH from AkShare using base symbol 600025
2026-03-05 00:17:17,341 - quanttool.infrastructure.data_providers.data_fetcher - WARNING - AkShare attempt 1 failed: ('Connection aborted.', RemoteDisconnected('Remote end closed connection without response'))
2026-03-05 00:17:17,378 - quanttool.infrastructure.data_providers.data_fetcher - WARNING - AkShare attempt 1 failed: ('Connection aborted.', RemoteDisconnected('Remote end closed connection without response'))
2026-03-05 00:17:17,850 - quanttool.infrastructure.data_providers.data_fetcher - ERROR - Error fetching EastMoney data for 600018.SH: ('Connection aborted.', RemoteDisconnected('Remote end closed connection without response'))
2026-03-05 00:17:17,852 - quanttool.infrastructure.data_providers.data_fetcher - INFO - Fetching 600018.SH from AkShare using base symbol 600018
2026-03-05 00:17:17,917 - quanttool.infrastructure.data_providers.data_fetcher - WARNING - AkShare attempt 1 failed: ('Connection aborted.', RemoteDisconnected('Remote end closed connection without response'))
2026-03-05 00:17:18,296 - quanttool.infrastructure.data_providers.data_fetcher - WARNING - AkShare attempt 3 failed: ('Connection aborted.', RemoteDisconnected('Remote end closed connection without response'))
2026-03-05 00:17:18,296 - quanttool.infrastructure.data_providers.data_fetcher - WARNING - No AkShare data found for 600016.SH: ('Connection aborted.', RemoteDisconnected('Remote end closed connection without response'))
2026-03-05 00:17:18,296 - quanttool.infrastructure.data_providers.data_fetcher - INFO - Fetching 600016.SH from BaoStock using sh.600016
2026-03-05 00:17:18,392 - quanttool.infrastructure.data_providers.data_fetcher - WARNING - AkShare attempt 2 failed: ('Connection aborted.', RemoteDisconnected('Remote end closed connection without response'))
2026-03-05 00:17:18,423 - quanttool.infrastructure.data_providers.data_fetcher - WARNING - AkShare attempt 2 failed: ('Connection aborted.', RemoteDisconnected('Remote end closed connection without response'))
2026-03-05 00:17:18,666 - quanttool.infrastructure.data_providers.data_fetcher - INFO - BaoStock logged in successfully
2026-03-05 00:17:18,959 - quanttool.infrastructure.data_providers.data_fetcher - WARNING - AkShare attempt 2 failed: ('Connection aborted.', RemoteDisconnected('Remote end closed connection without response'))
2026-03-05 00:17:19,168 - quanttool.infrastructure.data_providers.data_fetcher - INFO - Successfully fetched 239 bars from BaoStock for 600016.SH
2026-03-05 00:17:19,172 - quanttool.infrastructure.cache.local_cache - INFO - Cached 239 rows for 600016.SH (14057 bytes)
2026-03-05 00:17:19,449 - quanttool.infrastructure.data_providers.data_fetcher - WARNING - AkShare attempt 3 failed: ('Connection aborted.', RemoteDisconnected('Remote end closed connection without response'))
2026-03-05 00:17:19,449 - quanttool.infrastructure.data_providers.data_fetcher - WARNING - No AkShare data found for 600015.SH: ('Connection aborted.', RemoteDisconnected('Remote end closed connection without response'))
2026-03-05 00:17:19,450 - quanttool.infrastructure.data_providers.data_fetcher - INFO - Fetching 600015.SH from BaoStock using sh.600015
2026-03-05 00:17:19,474 - quanttool.infrastructure.data_providers.data_fetcher - WARNING - AkShare attempt 3 failed: ('Connection aborted.', RemoteDisconnected('Remote end closed connection without response'))
2026-03-05 00:17:19,474 - quanttool.infrastructure.data_providers.data_fetcher - WARNING - No AkShare data found for 600025.SH: ('Connection aborted.', RemoteDisconnected('Remote end closed connection without response'))
2026-03-05 00:17:19,476 - quanttool.infrastructure.data_providers.data_fetcher - INFO - Fetching 600025.SH from BaoStock using sh.600025
2026-03-05 00:17:19,910 - quanttool.infrastructure.data_providers.data_fetcher - WARNING - No BaoStock data found for 600025.SH
2026-03-05 00:17:19,953 - quanttool.infrastructure.data_providers.data_fetcher - WARNING - No BaoStock data found for 600015.SH
2026-03-05 00:17:20,007 - quanttool.infrastructure.data_providers.data_fetcher - WARNING - AkShare attempt 3 failed: ('Connection aborted.', RemoteDisconnected('Remote end closed connection without response'))
2026-03-05 00:17:20,007 - quanttool.infrastructure.data_providers.data_fetcher - WARNING - No AkShare data found for 600018.SH: ('Connection aborted.', RemoteDisconnected('Remote end closed connection without response'))
2026-03-05 00:17:20,008 - quanttool.infrastructure.data_providers.data_fetcher - INFO - Fetching 600018.SH from BaoStock using sh.600018
2026-03-05 00:17:20,256 - quanttool.infrastructure.data_providers.data_fetcher - INFO - Successfully fetched 239 bars from BaoStock for 600018.SH
2026-03-05 00:17:20,261 - quanttool.infrastructure.cache.local_cache - INFO - Cached 239 rows for 600018.SH (13457 bytes)
2026-03-05 00:17:20,261 - quanttool.infrastructure.data_providers.data_fetcher - INFO - Progress: 30/30 symbols fetched
2026-03-05 00:17:20,261 - quanttool.infrastructure.data_providers.data_fetcher - INFO - Parallel fetch completed: 28/30 symbols successful
2026-03-05 00:17:20,262 - quanttool.infrastructure.data_providers.data_fetcher - INFO - Cache hit: 0/30 symbols
2026-03-05 00:17:20,263 - quanttool.infrastructure.data_providers.data_fetcher - INFO - Fetching 600026.SH from Ashare (primary source)
2026-03-05 00:17:20,264 - quanttool.infrastructure.data_providers.data_fetcher - INFO - Fetching 600027.SH from Ashare (primary source)
2026-03-05 00:17:20,265 - quanttool.infrastructure.data_providers.data_fetcher - INFO - Fetching 600028.SH from Ashare (primary source)
2026-03-05 00:17:20,266 - quanttool.infrastructure.data_providers.data_fetcher - INFO - Fetching 600029.SH from Ashare (primary source)
2026-03-05 00:17:20,267 - quanttool.infrastructure.data_providers.data_fetcher - INFO - Fetching 600030.SH from Ashare (primary source)
2026-03-05 00:17:20,268 - quanttool.infrastructure.data_providers.data_fetcher - INFO - Fetching 600031.SH from Ashare (primary source)
2026-03-05 00:17:20,268 - quanttool.infrastructure.data_providers.data_fetcher - INFO - Fetching 600036.SH from Ashare (primary source)
2026-03-05 00:17:20,269 - quanttool.infrastructure.data_providers.data_fetcher - INFO - Fetching 600039.SH from Ashare (primary source)
2026-03-05 00:17:20,269 - quanttool.infrastructure.data_providers.data_fetcher - INFO - Fetching 600048.SH from Ashare (primary source)
2026-03-05 00:17:20,270 - quanttool.infrastructure.data_providers.data_fetcher - INFO - Fetching 600050.SH from Ashare (primary source)
2026-03-05 00:17:21,455 - quanttool.infrastructure.data_providers.data_fetcher - WARNING - 新浪数据获取失败: Expecting value: line 1 column 1 (char 0)
2026-03-05 00:17:21,556 - quanttool.infrastructure.data_providers.data_fetcher - WARNING - 新浪数据获取失败: Expecting value: line 1 column 1 (char 0)
2026-03-05 00:17:21,875 - quanttool.infrastructure.data_providers.data_fetcher - WARNING - 新浪数据获取失败: Expecting value: line 1 column 1 (char 0)
2026-03-05 00:17:21,896 - quanttool.infrastructure.data_providers.data_fetcher - WARNING - 新浪数据获取失败: Expecting value: line 1 column 1 (char 0)
2026-03-05 00:17:22,497 - quanttool.infrastructure.data_providers.data_fetcher - WARNING - 新浪数据获取失败: Expecting value: line 1 column 1 (char 0)
2026-03-05 00:17:22,566 - quanttool.infrastructure.data_providers.data_fetcher - WARNING - 新浪数据获取失败: Expecting value: line 1 column 1 (char 0)
2026-03-05 00:17:22,700 - quanttool.infrastructure.data_providers.data_fetcher - WARNING - 新浪数据获取失败: Expecting value: line 1 column 1 (char 0)
2026-03-05 00:17:22,933 - quanttool.infrastructure.data_providers.data_fetcher - WARNING - 新浪数据获取失败: Expecting value: line 1 column 1 (char 0)
2026-03-05 00:17:22,965 - quanttool.infrastructure.data_providers.data_fetcher - WARNING - 新浪数据获取失败: Expecting value: line 1 column 1 (char 0)
2026-03-05 00:17:23,174 - quanttool.infrastructure.data_providers.data_fetcher - WARNING - 新浪数据获取失败: Expecting value: line 1 column 1 (char 0)
2026-03-05 00:17:23,320 - quanttool.infrastructure.data_providers.data_fetcher - WARNING - 腾讯数据获取失败: 6 columns passed, passed data had 7 columns
2026-03-05 00:17:23,321 - quanttool.infrastructure.data_providers.data_fetcher - WARNING - Ashare returned no data for 600030.SH
2026-03-05 00:17:23,413 - quanttool.infrastructure.data_providers.data_fetcher - WARNING - 腾讯数据获取失败: 6 columns passed, passed data had 7 columns
2026-03-05 00:17:23,414 - quanttool.infrastructure.data_providers.data_fetcher - WARNING - Ashare returned no data for 600026.SH
2026-03-05 00:17:23,871 - quanttool.infrastructure.data_providers.data_fetcher - WARNING - 腾讯数据获取失败: 6 columns passed, passed data had 7 columns
2026-03-05 00:17:23,873 - quanttool.infrastructure.data_providers.data_fetcher - WARNING - Ashare returned no data for 600028.SH
2026-03-05 00:17:24,406 - quanttool.infrastructure.data_providers.data_fetcher - WARNING - 腾讯数据获取失败: could not convert string to float: '2024-07-19'
2026-03-05 00:17:24,407 - quanttool.infrastructure.data_providers.data_fetcher - WARNING - Ashare returned no data for 600029.SH
2026-03-05 00:17:24,510 - quanttool.infrastructure.data_providers.data_fetcher - WARNING - 腾讯数据获取失败: 6 columns passed, passed data had 7 columns
2026-03-05 00:17:24,512 - quanttool.infrastructure.data_providers.data_fetcher - WARNING - Ashare returned no data for 600031.SH
2026-03-05 00:17:24,542 - quanttool.infrastructure.data_providers.data_fetcher - WARNING - 腾讯数据获取失败: 6 columns passed, passed data had 7 columns
2026-03-05 00:17:24,543 - quanttool.infrastructure.data_providers.data_fetcher - WARNING - Ashare returned no data for 600027.SH
2026-03-05 00:17:24,867 - quanttool.infrastructure.data_providers.data_fetcher - WARNING - 腾讯数据获取失败: 6 columns passed, passed data had 7 columns
2026-03-05 00:17:24,869 - quanttool.infrastructure.data_providers.data_fetcher - WARNING - Ashare returned no data for 600036.SH
2026-03-05 00:17:25,239 - quanttool.infrastructure.data_providers.data_fetcher - ERROR - Error fetching EastMoney data for 600026.SH: ('Connection aborted.', RemoteDisconnected('Remote end closed connection without response'))
2026-03-05 00:17:25,240 - quanttool.infrastructure.data_providers.data_fetcher - INFO - Fetching 600026.SH from AkShare using base symbol 600026
2026-03-05 00:17:25,290 - quanttool.infrastructure.data_providers.data_fetcher - WARNING - AkShare attempt 1 failed: ('Connection aborted.', RemoteDisconnected('Remote end closed connection without response'))
2026-03-05 00:17:25,473 - quanttool.infrastructure.data_providers.data_fetcher - WARNING - 腾讯数据获取失败: 6 columns passed, passed data had 7 columns
2026-03-05 00:17:25,475 - quanttool.infrastructure.data_providers.data_fetcher - WARNING - Ashare returned no data for 600039.SH
2026-03-05 00:17:25,559 - quanttool.infrastructure.data_providers.data_fetcher - WARNING - 腾讯数据获取失败: 6 columns passed, passed data had 7 columns
2026-03-05 00:17:25,561 - quanttool.infrastructure.data_providers.data_fetcher - WARNING - Ashare returned no data for 600050.SH
2026-03-05 00:17:25,619 - quanttool.infrastructure.data_providers.data_fetcher - WARNING - 腾讯数据获取失败: 6 columns passed, passed data had 7 columns
2026-03-05 00:17:25,620 - quanttool.infrastructure.data_providers.data_fetcher - WARNING - Ashare returned no data for 600048.SH
2026-03-05 00:17:25,849 - quanttool.infrastructure.data_providers.data_fetcher - ERROR - Error fetching EastMoney data for 600027.SH: ('Connection aborted.', RemoteDisconnected('Remote end closed connection without response'))
2026-03-05 00:17:25,850 - quanttool.infrastructure.data_providers.data_fetcher - INFO - Fetching 600027.SH from AkShare using base symbol 600027
2026-03-05 00:17:25,913 - quanttool.infrastructure.data_providers.data_fetcher - WARNING - AkShare attempt 1 failed: ('Connection aborted.', RemoteDisconnected('Remote end closed connection without response'))
2026-03-05 00:17:25,964 - quanttool.infrastructure.data_providers.data_fetcher - ERROR - Error fetching EastMoney data for 600029.SH: ('Connection aborted.', RemoteDisconnected('Remote end closed connection without response'))
2026-03-05 00:17:25,964 - quanttool.infrastructure.data_providers.data_fetcher - INFO - Fetching 600029.SH from AkShare using base symbol 600029
2026-03-05 00:17:26,007 - quanttool.infrastructure.data_providers.data_fetcher - WARNING - AkShare attempt 1 failed: ('Connection aborted.', RemoteDisconnected('Remote end closed connection without response'))
2026-03-05 00:17:26,257 - quanttool.infrastructure.data_providers.data_fetcher - ERROR - Error fetching EastMoney data for 600036.SH: ('Connection aborted.', RemoteDisconnected('Remote end closed connection without response'))
2026-03-05 00:17:26,258 - quanttool.infrastructure.data_providers.data_fetcher - INFO - Fetching 600036.SH from AkShare using base symbol 600036
2026-03-05 00:17:26,272 - quanttool.infrastructure.data_providers.data_fetcher - ERROR - Error fetching EastMoney data for 600030.SH: ('Connection aborted.', RemoteDisconnected('Remote end closed connection without response'))
2026-03-05 00:17:26,273 - quanttool.infrastructure.data_providers.data_fetcher - INFO - Fetching 600030.SH from AkShare using base symbol 600030
2026-03-05 00:17:26,308 - quanttool.infrastructure.data_providers.data_fetcher - WARNING - AkShare attempt 1 failed: ('Connection aborted.', RemoteDisconnected('Remote end closed connection without response'))
2026-03-05 00:17:26,322 - quanttool.infrastructure.data_providers.data_fetcher - WARNING - AkShare attempt 1 failed: ('Connection aborted.', RemoteDisconnected('Remote end closed connection without response'))
2026-03-05 00:17:26,337 - quanttool.infrastructure.data_providers.data_fetcher - WARNING - AkShare attempt 2 failed: ('Connection aborted.', RemoteDisconnected('Remote end closed connection without response'))
2026-03-05 00:17:26,426 - quanttool.infrastructure.data_providers.data_fetcher - ERROR - Error fetching EastMoney data for 600028.SH: ('Connection aborted.', RemoteDisconnected('Remote end closed connection without response'))
2026-03-05 00:17:26,426 - quanttool.infrastructure.data_providers.data_fetcher - INFO - Fetching 600028.SH from AkShare using base symbol 600028
2026-03-05 00:17:26,490 - quanttool.infrastructure.data_providers.data_fetcher - WARNING - AkShare attempt 1 failed: ('Connection aborted.', RemoteDisconnected('Remote end closed connection without response'))
2026-03-05 00:17:26,720 - quanttool.infrastructure.data_providers.data_fetcher - ERROR - Error fetching EastMoney data for 600031.SH: ('Connection aborted.', RemoteDisconnected('Remote end closed connection without response'))
2026-03-05 00:17:26,720 - quanttool.infrastructure.data_providers.data_fetcher - INFO - Fetching 600031.SH from AkShare using base symbol 600031
2026-03-05 00:17:26,765 - quanttool.infrastructure.data_providers.data_fetcher - WARNING - AkShare attempt 1 failed: ('Connection aborted.', RemoteDisconnected('Remote end closed connection without response'))
2026-03-05 00:17:26,806 - quanttool.infrastructure.data_providers.data_fetcher - ERROR - Error fetching EastMoney data for 600048.SH: ('Connection aborted.', RemoteDisconnected('Remote end closed connection without response'))
2026-03-05 00:17:26,806 - quanttool.infrastructure.data_providers.data_fetcher - INFO - Fetching 600048.SH from AkShare using base symbol 600048
2026-03-05 00:17:26,849 - quanttool.infrastructure.data_providers.data_fetcher - WARNING - AkShare attempt 1 failed: ('Connection aborted.', RemoteDisconnected('Remote end closed connection without response'))
2026-03-05 00:17:26,958 - quanttool.infrastructure.data_providers.data_fetcher - WARNING - AkShare attempt 2 failed: ('Connection aborted.', RemoteDisconnected('Remote end closed connection without response'))
2026-03-05 00:17:27,059 - quanttool.infrastructure.data_providers.data_fetcher - WARNING - AkShare attempt 2 failed: ('Connection aborted.', RemoteDisconnected('Remote end closed connection without response'))
2026-03-05 00:17:27,365 - quanttool.infrastructure.data_providers.data_fetcher - WARNING - AkShare attempt 2 failed: ('Connection aborted.', RemoteDisconnected('Remote end closed connection without response'))
2026-03-05 00:17:27,377 - quanttool.infrastructure.data_providers.data_fetcher - WARNING - AkShare attempt 2 failed: ('Connection aborted.', RemoteDisconnected('Remote end closed connection without response'))
2026-03-05 00:17:27,390 - quanttool.infrastructure.data_providers.data_fetcher - WARNING - AkShare attempt 3 failed: ('Connection aborted.', RemoteDisconnected('Remote end closed connection without response'))
2026-03-05 00:17:27,390 - quanttool.infrastructure.data_providers.data_fetcher - WARNING - No AkShare data found for 600026.SH: ('Connection aborted.', RemoteDisconnected('Remote end closed connection without response'))
2026-03-05 00:17:27,390 - quanttool.infrastructure.data_providers.data_fetcher - INFO - Fetching 600026.SH from BaoStock using sh.600026
2026-03-05 00:17:27,539 - quanttool.infrastructure.data_providers.data_fetcher - WARNING - AkShare attempt 2 failed: ('Connection aborted.', RemoteDisconnected('Remote end closed connection without response'))
2026-03-05 00:17:27,818 - quanttool.infrastructure.data_providers.data_fetcher - WARNING - AkShare attempt 2 failed: ('Connection aborted.', RemoteDisconnected('Remote end closed connection without response'))
2026-03-05 00:17:27,900 - quanttool.infrastructure.data_providers.data_fetcher - WARNING - AkShare attempt 2 failed: ('Connection aborted.', RemoteDisconnected('Remote end closed connection without response'))
2026-03-05 00:17:27,939 - quanttool.infrastructure.data_providers.data_fetcher - ERROR - Error fetching EastMoney data for 600050.SH: ('Connection aborted.', RemoteDisconnected('Remote end closed connection without response'))
2026-03-05 00:17:27,940 - quanttool.infrastructure.data_providers.data_fetcher - INFO - Fetching 600050.SH from AkShare using base symbol 600050
2026-03-05 00:17:27,985 - quanttool.infrastructure.data_providers.data_fetcher - WARNING - AkShare attempt 1 failed: ('Connection aborted.', RemoteDisconnected('Remote end closed connection without response'))
2026-03-05 00:17:28,007 - quanttool.infrastructure.data_providers.data_fetcher - WARNING - AkShare attempt 3 failed: ('Connection aborted.', RemoteDisconnected('Remote end closed connection without response'))
2026-03-05 00:17:28,007 - quanttool.infrastructure.data_providers.data_fetcher - WARNING - No AkShare data found for 600027.SH: ('Connection aborted.', RemoteDisconnected('Remote end closed connection without response'))
2026-03-05 00:17:28,008 - quanttool.infrastructure.data_providers.data_fetcher - INFO - Fetching 600027.SH from BaoStock using sh.600027
2026-03-05 00:17:28,060 - quanttool.infrastructure.data_providers.data_fetcher - ERROR - Error fetching EastMoney data for 600039.SH: ('Connection aborted.', RemoteDisconnected('Remote end closed connection without response'))
2026-03-05 00:17:28,060 - quanttool.infrastructure.data_providers.data_fetcher - INFO - Fetching 600039.SH from AkShare using base symbol 600039
2026-03-05 00:17:28,104 - quanttool.infrastructure.data_providers.data_fetcher - WARNING - AkShare attempt 3 failed: ('Connection aborted.', RemoteDisconnected('Remote end closed connection without response'))
2026-03-05 00:17:28,104 - quanttool.infrastructure.data_providers.data_fetcher - WARNING - No AkShare data found for 600029.SH: ('Connection aborted.', RemoteDisconnected('Remote end closed connection without response'))
2026-03-05 00:17:28,105 - quanttool.infrastructure.data_providers.data_fetcher - INFO - Fetching 600029.SH from BaoStock using sh.600029
2026-03-05 00:17:28,106 - quanttool.infrastructure.data_providers.data_fetcher - WARNING - AkShare attempt 1 failed: ('Connection aborted.', RemoteDisconnected('Remote end closed connection without response'))
2026-03-05 00:17:28,206 - quanttool.infrastructure.data_providers.data_fetcher - WARNING - No BaoStock data found for 600026.SH
2026-03-05 00:17:28,207 - quanttool.infrastructure.data_providers.data_fetcher - INFO - Fetching 600061.SH from Ashare (primary source)
2026-03-05 00:17:28,416 - quanttool.infrastructure.data_providers.data_fetcher - WARNING - AkShare attempt 3 failed: ('Connection aborted.', RemoteDisconnected('Remote end closed connection without response'))
2026-03-05 00:17:28,417 - quanttool.infrastructure.data_providers.data_fetcher - WARNING - No AkShare data found for 600036.SH: ('Connection aborted.', RemoteDisconnected('Remote end closed connection without response'))
2026-03-05 00:17:28,417 - quanttool.infrastructure.data_providers.data_fetcher - INFO - Fetching 600036.SH from BaoStock using sh.600036
2026-03-05 00:17:28,435 - quanttool.infrastructure.data_providers.data_fetcher - WARNING - AkShare attempt 3 failed: ('Connection aborted.', RemoteDisconnected('Remote end closed connection without response'))
2026-03-05 00:17:28,435 - quanttool.infrastructure.data_providers.data_fetcher - WARNING - No AkShare data found for 600030.SH: ('Connection aborted.', RemoteDisconnected('Remote end closed connection without response'))
2026-03-05 00:17:28,435 - quanttool.infrastructure.data_providers.data_fetcher - INFO - Fetching 600030.SH from BaoStock using sh.600030
2026-03-05 00:17:28,593 - quanttool.infrastructure.data_providers.data_fetcher - WARNING - AkShare attempt 3 failed: ('Connection aborted.', RemoteDisconnected('Remote end closed connection without response'))
2026-03-05 00:17:28,594 - quanttool.infrastructure.data_providers.data_fetcher - WARNING - No AkShare data found for 600028.SH: ('Connection aborted.', RemoteDisconnected('Remote end closed connection without response'))
2026-03-05 00:17:28,594 - quanttool.infrastructure.data_providers.data_fetcher - INFO - Fetching 600028.SH from BaoStock using sh.600028
2026-03-05 00:17:28,880 - quanttool.infrastructure.data_providers.data_fetcher - WARNING - AkShare attempt 3 failed: ('Connection aborted.', RemoteDisconnected('Remote end closed connection without response'))
2026-03-05 00:17:28,880 - quanttool.infrastructure.data_providers.data_fetcher - WARNING - No AkShare data found for 600031.SH: ('Connection aborted.', RemoteDisconnected('Remote end closed connection without response'))
2026-03-05 00:17:28,881 - quanttool.infrastructure.data_providers.data_fetcher - INFO - Fetching 600031.SH from BaoStock using sh.600031
2026-03-05 00:17:28,948 - quanttool.infrastructure.data_providers.data_fetcher - WARNING - AkShare attempt 3 failed: ('Connection aborted.', RemoteDisconnected('Remote end closed connection without response'))
2026-03-05 00:17:28,948 - quanttool.infrastructure.data_providers.data_fetcher - WARNING - No AkShare data found for 600048.SH: ('Connection aborted.', RemoteDisconnected('Remote end closed connection without response'))
2026-03-05 00:17:28,949 - quanttool.infrastructure.data_providers.data_fetcher - INFO - Fetching 600048.SH from BaoStock using sh.600048
2026-03-05 00:17:29,036 - quanttool.infrastructure.data_providers.data_fetcher - WARNING - AkShare attempt 2 failed: ('Connection aborted.', RemoteDisconnected('Remote end closed connection without response'))
2026-03-05 00:17:29,163 - quanttool.infrastructure.data_providers.data_fetcher - WARNING - AkShare attempt 2 failed: ('Connection aborted.', RemoteDisconnected('Remote end closed connection without response'))
2026-03-05 00:17:29,971 - quanttool.infrastructure.data_providers.data_fetcher - WARNING - 新浪数据获取失败: Expecting value: line 1 column 1 (char 0)
2026-03-05 00:17:30,086 - quanttool.infrastructure.data_providers.data_fetcher - WARNING - AkShare attempt 3 failed: ('Connection aborted.', RemoteDisconnected('Remote end closed connection without response'))
2026-03-05 00:17:30,086 - quanttool.infrastructure.data_providers.data_fetcher - WARNING - No AkShare data found for 600050.SH: ('Connection aborted.', RemoteDisconnected('Remote end closed connection without response'))
2026-03-05 00:17:30,086 - quanttool.infrastructure.data_providers.data_fetcher - INFO - Fetching 600050.SH from BaoStock using sh.600050
2026-03-05 00:17:30,217 - quanttool.infrastructure.data_providers.data_fetcher - WARNING - AkShare attempt 3 failed: ('Connection aborted.', RemoteDisconnected('Remote end closed connection without response'))
2026-03-05 00:17:30,217 - quanttool.infrastructure.data_providers.data_fetcher - WARNING - No AkShare data found for 600039.SH: ('Connection aborted.', RemoteDisconnected('Remote end closed connection without response'))
2026-03-05 00:17:30,217 - quanttool.infrastructure.data_providers.data_fetcher - INFO - Fetching 600039.SH from BaoStock using sh.600039
2026-03-05 00:17:30,735 - quanttool.infrastructure.data_providers.data_fetcher - WARNING - No BaoStock data found for 600030.SH
2026-03-05 00:17:30,736 - quanttool.infrastructure.data_providers.data_fetcher - INFO - Fetching 600066.SH from Ashare (primary source)
2026-03-05 00:17:33,022 - quanttool.infrastructure.data_providers.data_fetcher - WARNING - 腾讯数据获取失败: 6 columns passed, passed data had 7 columns
2026-03-05 00:17:33,024 - quanttool.infrastructure.data_providers.data_fetcher - WARNING - Ashare returned no data for 600061.SH
2026-03-05 00:17:33,595 - quanttool.infrastructure.data_providers.data_fetcher - WARNING - 新浪数据获取失败: Expecting value: line 1 column 1 (char 0)
2026-03-05 00:17:34,946 - quanttool.infrastructure.data_providers.data_fetcher - WARNING - 腾讯数据获取失败: 6 columns passed, passed data had 7 columns
2026-03-05 00:17:34,947 - quanttool.infrastructure.data_providers.data_fetcher - WARNING - Ashare returned no data for 600066.SH
2026-03-05 00:17:35,111 - quanttool.infrastructure.data_providers.data_fetcher - ERROR - Error fetching EastMoney data for 600061.SH: ('Connection aborted.', RemoteDisconnected('Remote end closed connection without response'))
2026-03-05 00:17:35,111 - quanttool.infrastructure.data_providers.data_fetcher - INFO - Fetching 600061.SH from AkShare using base symbol 600061
2026-03-05 00:17:35,159 - quanttool.infrastructure.data_providers.data_fetcher - WARNING - AkShare attempt 1 failed: ('Connection aborted.', RemoteDisconnected('Remote end closed connection without response'))
2026-03-05 00:17:36,213 - quanttool.infrastructure.data_providers.data_fetcher - WARNING - AkShare attempt 2 failed: ('Connection aborted.', RemoteDisconnected('Remote end closed connection without response'))
2026-03-05 00:17:37,111 - quanttool.infrastructure.data_providers.data_fetcher - ERROR - Error fetching EastMoney data for 600066.SH: ('Connection aborted.', RemoteDisconnected('Remote end closed connection without response'))
2026-03-05 00:17:37,112 - quanttool.infrastructure.data_providers.data_fetcher - INFO - Fetching 600066.SH from AkShare using base symbol 600066
2026-03-05 00:17:37,179 - quanttool.infrastructure.data_providers.data_fetcher - WARNING - AkShare attempt 1 failed: ('Connection aborted.', RemoteDisconnected('Remote end closed connection without response'))
2026-03-05 00:17:37,288 - quanttool.infrastructure.data_providers.data_fetcher - WARNING - AkShare attempt 3 failed: ('Connection aborted.', RemoteDisconnected('Remote end closed connection without response'))
2026-03-05 00:17:37,288 - quanttool.infrastructure.data_providers.data_fetcher - WARNING - No AkShare data found for 600061.SH: ('Connection aborted.', RemoteDisconnected('Remote end closed connection without response'))
2026-03-05 00:17:37,289 - quanttool.infrastructure.data_providers.data_fetcher - INFO - Fetching 600061.SH from BaoStock using sh.600061
2026-03-05 00:17:37,312 - quanttool.infrastructure.data_providers.data_fetcher - WARNING - No BaoStock data found for 600027.SH
2026-03-05 00:17:37,313 - quanttool.infrastructure.data_providers.data_fetcher - INFO - Fetching 600085.SH from Ashare (primary source)
2026-03-05 00:17:38,237 - quanttool.infrastructure.data_providers.data_fetcher - WARNING - AkShare attempt 2 failed: ('Connection aborted.', RemoteDisconnected('Remote end closed connection without response'))
2026-03-05 00:17:39,297 - quanttool.infrastructure.data_providers.data_fetcher - WARNING - AkShare attempt 3 failed: ('Connection aborted.', RemoteDisconnected('Remote end closed connection without response'))
2026-03-05 00:17:39,297 - quanttool.infrastructure.data_providers.data_fetcher - WARNING - No AkShare data found for 600066.SH: ('Connection aborted.', RemoteDisconnected('Remote end closed connection without response'))
2026-03-05 00:17:39,297 - quanttool.infrastructure.data_providers.data_fetcher - INFO - Fetching 600066.SH from BaoStock using sh.600066
2026-03-05 00:17:39,620 - quanttool.infrastructure.data_providers.data_fetcher - WARNING - No BaoStock data found for 600028.SH
2026-03-05 00:17:39,621 - quanttool.infrastructure.data_providers.data_fetcher - INFO - Fetching 600089.SH from Ashare (primary source)
2026-03-05 00:17:39,676 - quanttool.infrastructure.data_providers.data_fetcher - WARNING - 新浪数据获取失败: Expecting value: line 1 column 1 (char 0)
2026-03-05 00:17:41,414 - quanttool.infrastructure.data_providers.data_fetcher - WARNING - 新浪数据获取失败: Expecting value: line 1 column 1 (char 0)
2026-03-05 00:17:42,747 - quanttool.infrastructure.data_providers.data_fetcher - WARNING - 腾讯数据获取失败: 6 columns passed, passed data had 7 columns
2026-03-05 00:17:42,749 - quanttool.infrastructure.data_providers.data_fetcher - WARNING - Ashare returned no data for 600085.SH
2026-03-05 00:17:42,800 - quanttool.infrastructure.data_providers.data_fetcher - WARNING - 腾讯数据获取失败: 6 columns passed, passed data had 7 columns
2026-03-05 00:17:42,801 - quanttool.infrastructure.data_providers.data_fetcher - WARNING - Ashare returned no data for 600089.SH
2026-03-05 00:17:44,399 - quanttool.infrastructure.data_providers.data_fetcher - ERROR - Error fetching EastMoney data for 600085.SH: ('Connection aborted.', RemoteDisconnected('Remote end closed connection without response'))
2026-03-05 00:17:44,399 - quanttool.infrastructure.data_providers.data_fetcher - INFO - Fetching 600085.SH from AkShare using base symbol 600085
2026-03-05 00:17:44,442 - quanttool.infrastructure.data_providers.data_fetcher - WARNING - AkShare attempt 1 failed: ('Connection aborted.', RemoteDisconnected('Remote end closed connection without response'))
2026-03-05 00:17:45,155 - quanttool.infrastructure.data_providers.data_fetcher - ERROR - Error fetching EastMoney data for 600089.SH: ('Connection aborted.', RemoteDisconnected('Remote end closed connection without response'))
2026-03-05 00:17:45,156 - quanttool.infrastructure.data_providers.data_fetcher - INFO - Fetching 600089.SH from AkShare using base symbol 600089
2026-03-05 00:17:45,199 - quanttool.infrastructure.data_providers.data_fetcher - WARNING - AkShare attempt 1 failed: ('Connection aborted.', RemoteDisconnected('Remote end closed connection without response'))
2026-03-05 00:17:45,492 - quanttool.infrastructure.data_providers.data_fetcher - WARNING - AkShare attempt 2 failed: ('Connection aborted.', RemoteDisconnected('Remote end closed connection without response'))
2026-03-05 00:17:46,254 - quanttool.infrastructure.data_providers.data_fetcher - WARNING - AkShare attempt 2 failed: ('Connection aborted.', RemoteDisconnected('Remote end closed connection without response'))
2026-03-05 00:17:46,542 - quanttool.infrastructure.data_providers.data_fetcher - WARNING - AkShare attempt 3 failed: ('Connection aborted.', RemoteDisconnected('Remote end closed connection without response'))
2026-03-05 00:17:46,542 - quanttool.infrastructure.data_providers.data_fetcher - WARNING - No AkShare data found for 600085.SH: ('Connection aborted.', RemoteDisconnected('Remote end closed connection without response'))
2026-03-05 00:17:46,543 - quanttool.infrastructure.data_providers.data_fetcher - INFO - Fetching 600085.SH from BaoStock using sh.600085
2026-03-05 00:17:46,569 - quanttool.infrastructure.data_providers.data_fetcher - WARNING - No BaoStock data found for 600050.SH
2026-03-05 00:17:46,570 - quanttool.infrastructure.data_providers.data_fetcher - INFO - Fetching 600104.SH from Ashare (primary source)
2026-03-05 00:17:47,298 - quanttool.infrastructure.data_providers.data_fetcher - WARNING - AkShare attempt 3 failed: ('Connection aborted.', RemoteDisconnected('Remote end closed connection without response'))
2026-03-05 00:17:47,299 - quanttool.infrastructure.data_providers.data_fetcher - WARNING - No AkShare data found for 600089.SH: ('Connection aborted.', RemoteDisconnected('Remote end closed connection without response'))
2026-03-05 00:17:47,299 - quanttool.infrastructure.data_providers.data_fetcher - INFO - Fetching 600089.SH from BaoStock using sh.600089
2026-03-05 00:17:47,348 - quanttool.infrastructure.data_providers.data_fetcher - WARNING - No BaoStock data found for 600031.SH
2026-03-05 00:17:47,349 - quanttool.infrastructure.data_providers.data_fetcher - INFO - Fetching 600111.SH from Ashare (primary source)
2026-03-05 00:17:48,823 - quanttool.infrastructure.data_providers.data_fetcher - WARNING - 新浪数据获取失败: Expecting value: line 1 column 1 (char 0)
2026-03-05 00:17:48,853 - quanttool.infrastructure.data_providers.data_fetcher - WARNING - 新浪数据获取失败: Expecting value: line 1 column 1 (char 0)
2026-03-05 00:17:50,211 - quanttool.infrastructure.data_providers.data_fetcher - WARNING - 腾讯数据获取失败: 6 columns passed, passed data had 7 columns
2026-03-05 00:17:50,212 - quanttool.infrastructure.data_providers.data_fetcher - WARNING - Ashare returned no data for 600111.SH
2026-03-05 00:17:50,795 - quanttool.infrastructure.data_providers.data_fetcher - WARNING - 腾讯数据获取失败: 6 columns passed, passed data had 7 columns
2026-03-05 00:17:50,797 - quanttool.infrastructure.data_providers.data_fetcher - WARNING - Ashare returned no data for 600104.SH
2026-03-05 00:17:52,195 - quanttool.infrastructure.data_providers.data_fetcher - ERROR - Error fetching EastMoney data for 600104.SH: ('Connection aborted.', RemoteDisconnected('Remote end closed connection without response'))
2026-03-05 00:17:52,196 - quanttool.infrastructure.data_providers.data_fetcher - INFO - Fetching 600104.SH from AkShare using base symbol 600104
2026-03-05 00:17:52,247 - quanttool.infrastructure.data_providers.data_fetcher - WARNING - AkShare attempt 1 failed: ('Connection aborted.', RemoteDisconnected('Remote end closed connection without response'))
2026-03-05 00:17:52,671 - quanttool.infrastructure.data_providers.data_fetcher - ERROR - Error fetching EastMoney data for 600111.SH: ('Connection aborted.', RemoteDisconnected('Remote end closed connection without response'))
2026-03-05 00:17:52,672 - quanttool.infrastructure.data_providers.data_fetcher - INFO - Fetching 600111.SH from AkShare using base symbol 600111
2026-03-05 00:17:52,724 - quanttool.infrastructure.data_providers.data_fetcher - WARNING - AkShare attempt 1 failed: ('Connection aborted.', RemoteDisconnected('Remote end closed connection without response'))
2026-03-05 00:17:53,302 - quanttool.infrastructure.data_providers.data_fetcher - WARNING - AkShare attempt 2 failed: ('Connection aborted.', RemoteDisconnected('Remote end closed connection without response'))
2026-03-05 00:17:53,778 - quanttool.infrastructure.data_providers.data_fetcher - WARNING - AkShare attempt 2 failed: ('Connection aborted.', RemoteDisconnected('Remote end closed connection without response'))
2026-03-05 00:17:54,367 - quanttool.infrastructure.data_providers.data_fetcher - WARNING - AkShare attempt 3 failed: ('Connection aborted.', RemoteDisconnected('Remote end closed connection without response'))
2026-03-05 00:17:54,367 - quanttool.infrastructure.data_providers.data_fetcher - WARNING - No AkShare data found for 600104.SH: ('Connection aborted.', RemoteDisconnected('Remote end closed connection without response'))
2026-03-05 00:17:54,368 - quanttool.infrastructure.data_providers.data_fetcher - INFO - Fetching 600104.SH from BaoStock using sh.600104
2026-03-05 00:17:54,427 - quanttool.infrastructure.data_providers.data_fetcher - WARNING - No BaoStock data found for 600089.SH
2026-03-05 00:17:54,429 - quanttool.infrastructure.data_providers.data_fetcher - INFO - Fetching 600115.SH from Ashare (primary source)
2026-03-05 00:17:54,835 - quanttool.infrastructure.data_providers.data_fetcher - WARNING - AkShare attempt 3 failed: ('Connection aborted.', RemoteDisconnected('Remote end closed connection without response'))
2026-03-05 00:17:54,836 - quanttool.infrastructure.data_providers.data_fetcher - WARNING - No AkShare data found for 600111.SH: ('Connection aborted.', RemoteDisconnected('Remote end closed connection without response'))
2026-03-05 00:17:54,836 - quanttool.infrastructure.data_providers.data_fetcher - INFO - Fetching 600111.SH from BaoStock using sh.600111
2026-03-05 00:17:55,645 - quanttool.infrastructure.data_providers.data_fetcher - WARNING - 新浪数据获取失败: Expecting value: line 1 column 1 (char 0)
2026-03-05 00:17:55,695 - quanttool.infrastructure.data_providers.data_fetcher - WARNING - No BaoStock data found for 600111.SH
2026-03-05 00:17:55,696 - quanttool.infrastructure.data_providers.data_fetcher - INFO - Fetching 600150.SH from Ashare (primary source)
2026-03-05 00:17:57,427 - quanttool.infrastructure.data_providers.data_fetcher - WARNING - 新浪数据获取失败: Expecting value: line 1 column 1 (char 0)
2026-03-05 00:17:57,573 - quanttool.infrastructure.data_providers.data_fetcher - WARNING - 腾讯数据获取失败: could not convert string to float: '2024-07-19'
2026-03-05 00:17:57,575 - quanttool.infrastructure.data_providers.data_fetcher - WARNING - Ashare returned no data for 600115.SH
2026-03-05 00:17:59,143 - quanttool.infrastructure.data_providers.data_fetcher - WARNING - 腾讯数据获取失败: 6 columns passed, passed data had 7 columns
2026-03-05 00:17:59,144 - quanttool.infrastructure.data_providers.data_fetcher - WARNING - Ashare returned no data for 600150.SH
2026-03-05 00:17:59,463 - quanttool.infrastructure.data_providers.data_fetcher - ERROR - Error fetching EastMoney data for 600115.SH: ('Connection aborted.', RemoteDisconnected('Remote end closed connection without response'))
2026-03-05 00:17:59,464 - quanttool.infrastructure.data_providers.data_fetcher - INFO - Fetching 600115.SH from AkShare using base symbol 600115
2026-03-05 00:17:59,512 - quanttool.infrastructure.data_providers.data_fetcher - WARNING - AkShare attempt 1 failed: ('Connection aborted.', RemoteDisconnected('Remote end closed connection without response'))
2026-03-05 00:18:00,578 - quanttool.infrastructure.data_providers.data_fetcher - WARNING - AkShare attempt 2 failed: ('Connection aborted.', RemoteDisconnected('Remote end closed connection without response'))
2026-03-05 00:18:00,915 - quanttool.infrastructure.data_providers.data_fetcher - ERROR - Error fetching EastMoney data for 600150.SH: ('Connection aborted.', RemoteDisconnected('Remote end closed connection without response'))
2026-03-05 00:18:00,916 - quanttool.infrastructure.data_providers.data_fetcher - INFO - Fetching 600150.SH from AkShare using base symbol 600150
2026-03-05 00:18:00,961 - quanttool.infrastructure.data_providers.data_fetcher - WARNING - AkShare attempt 1 failed: ('Connection aborted.', RemoteDisconnected('Remote end closed connection without response'))
2026-03-05 00:18:01,633 - quanttool.infrastructure.data_providers.data_fetcher - WARNING - AkShare attempt 3 failed: ('Connection aborted.', RemoteDisconnected('Remote end closed connection without response'))
2026-03-05 00:18:01,633 - quanttool.infrastructure.data_providers.data_fetcher - WARNING - No AkShare data found for 600115.SH: ('Connection aborted.', RemoteDisconnected('Remote end closed connection without response'))
2026-03-05 00:18:01,633 - quanttool.infrastructure.data_providers.data_fetcher - INFO - Fetching 600115.SH from BaoStock using sh.600115
2026-03-05 00:18:01,688 - quanttool.infrastructure.data_providers.data_fetcher - WARNING - No BaoStock data found for 600066.SH
2026-03-05 00:18:01,689 - quanttool.infrastructure.data_providers.data_fetcher - INFO - Fetching 600160.SH from Ashare (primary source)
2026-03-05 00:18:02,018 - quanttool.infrastructure.data_providers.data_fetcher - WARNING - AkShare attempt 2 failed: ('Connection aborted.', RemoteDisconnected('Remote end closed connection without response'))
2026-03-05 00:18:03,081 - quanttool.infrastructure.data_providers.data_fetcher - WARNING - AkShare attempt 3 failed: ('Connection aborted.', RemoteDisconnected('Remote end closed connection without response'))
2026-03-05 00:18:03,081 - quanttool.infrastructure.data_providers.data_fetcher - WARNING - No AkShare data found for 600150.SH: ('Connection aborted.', RemoteDisconnected('Remote end closed connection without response'))
2026-03-05 00:18:03,082 - quanttool.infrastructure.data_providers.data_fetcher - INFO - Fetching 600150.SH from BaoStock using sh.600150
2026-03-05 00:18:03,179 - quanttool.infrastructure.data_providers.data_fetcher - WARNING - No BaoStock data found for 600061.SH
2026-03-05 00:18:03,180 - quanttool.infrastructure.data_providers.data_fetcher - INFO - Progress: 10/30 symbols fetched
2026-03-05 00:18:03,180 - quanttool.infrastructure.data_providers.data_fetcher - INFO - Fetching 600161.SH from Ashare (primary source)
2026-03-05 00:18:04,349 - quanttool.infrastructure.data_providers.data_fetcher - WARNING - 新浪数据获取失败: Expecting value: line 1 column 1 (char 0)
2026-03-05 00:18:04,632 - quanttool.infrastructure.data_providers.data_fetcher - WARNING - 新浪数据获取失败: Expecting value: line 1 column 1 (char 0)
2026-03-05 00:18:06,175 - quanttool.infrastructure.data_providers.data_fetcher - WARNING - 腾讯数据获取失败: 6 columns passed, passed data had 7 columns
2026-03-05 00:18:06,176 - quanttool.infrastructure.data_providers.data_fetcher - WARNING - Ashare returned no data for 600160.SH
2026-03-05 00:18:07,412 - quanttool.infrastructure.data_providers.data_fetcher - ERROR - Error fetching EastMoney data for 600160.SH: ('Connection aborted.', RemoteDisconnected('Remote end closed connection without response'))
2026-03-05 00:18:07,412 - quanttool.infrastructure.data_providers.data_fetcher - INFO - Fetching 600160.SH from AkShare using base symbol 600160
2026-03-05 00:18:07,417 - quanttool.infrastructure.data_providers.data_fetcher - WARNING - 腾讯数据获取失败: 6 columns passed, passed data had 7 columns
2026-03-05 00:18:07,418 - quanttool.infrastructure.data_providers.data_fetcher - WARNING - Ashare returned no data for 600161.SH
2026-03-05 00:18:07,462 - quanttool.infrastructure.data_providers.data_fetcher - WARNING - AkShare attempt 1 failed: ('Connection aborted.', RemoteDisconnected('Remote end closed connection without response'))
2026-03-05 00:18:08,521 - quanttool.infrastructure.data_providers.data_fetcher - WARNING - AkShare attempt 2 failed: ('Connection aborted.', RemoteDisconnected('Remote end closed connection without response'))
2026-03-05 00:18:09,568 - quanttool.infrastructure.data_providers.data_fetcher - WARNING - AkShare attempt 3 failed: ('Connection aborted.', RemoteDisconnected('Remote end closed connection without response'))
2026-03-05 00:18:09,568 - quanttool.infrastructure.data_providers.data_fetcher - WARNING - No AkShare data found for 600160.SH: ('Connection aborted.', RemoteDisconnected('Remote end closed connection without response'))
2026-03-05 00:18:09,568 - quanttool.infrastructure.data_providers.data_fetcher - INFO - Fetching 600160.SH from BaoStock using sh.600160
2026-03-05 00:18:10,051 - quanttool.infrastructure.data_providers.data_fetcher - ERROR - Error fetching EastMoney data for 600161.SH: ('Connection aborted.', RemoteDisconnected('Remote end closed connection without response'))
2026-03-05 00:18:10,051 - quanttool.infrastructure.data_providers.data_fetcher - INFO - Fetching 600161.SH from AkShare using base symbol 600161
2026-03-05 00:18:10,095 - quanttool.infrastructure.data_providers.data_fetcher - WARNING - AkShare attempt 1 failed: ('Connection aborted.', RemoteDisconnected('Remote end closed connection without response'))
2026-03-05 00:18:11,150 - quanttool.infrastructure.data_providers.data_fetcher - WARNING - AkShare attempt 2 failed: ('Connection aborted.', RemoteDisconnected('Remote end closed connection without response'))
2026-03-05 00:18:12,208 - quanttool.infrastructure.data_providers.data_fetcher - WARNING - AkShare attempt 3 failed: ('Connection aborted.', RemoteDisconnected('Remote end closed connection without response'))
2026-03-05 00:18:12,208 - quanttool.infrastructure.data_providers.data_fetcher - WARNING - No AkShare data found for 600161.SH: ('Connection aborted.', RemoteDisconnected('Remote end closed connection without response'))
2026-03-05 00:18:12,208 - quanttool.infrastructure.data_providers.data_fetcher - INFO - Fetching 600161.SH from BaoStock using sh.600161
2026-03-05 00:18:13,215 - quanttool.infrastructure.data_providers.data_fetcher - WARNING - No BaoStock data found for 600160.SH
2026-03-05 00:18:13,217 - quanttool.infrastructure.data_providers.data_fetcher - INFO - Fetching 600176.SH from Ashare (primary source)
2026-03-05 00:18:15,816 - quanttool.infrastructure.data_providers.data_fetcher - WARNING - 新浪数据获取失败: Expecting value: line 1 column 1 (char 0)
2026-03-05 00:18:17,319 - quanttool.infrastructure.data_providers.data_fetcher - WARNING - 腾讯数据获取失败: 6 columns passed, passed data had 7 columns
2026-03-05 00:18:17,321 - quanttool.infrastructure.data_providers.data_fetcher - WARNING - Ashare returned no data for 600176.SH
2026-03-05 00:18:18,601 - quanttool.infrastructure.data_providers.data_fetcher - ERROR - Error fetching EastMoney data for 600176.SH: ('Connection aborted.', RemoteDisconnected('Remote end closed connection without response'))
2026-03-05 00:18:18,602 - quanttool.infrastructure.data_providers.data_fetcher - INFO - Fetching 600176.SH from AkShare using base symbol 600176
2026-03-05 00:18:18,657 - quanttool.infrastructure.data_providers.data_fetcher - WARNING - AkShare attempt 1 failed: ('Connection aborted.', RemoteDisconnected('Remote end closed connection without response'))
2026-03-05 00:18:19,721 - quanttool.infrastructure.data_providers.data_fetcher - WARNING - AkShare attempt 2 failed: ('Connection aborted.', RemoteDisconnected('Remote end closed connection without response'))
2026-03-05 00:18:20,780 - quanttool.infrastructure.data_providers.data_fetcher - WARNING - AkShare attempt 3 failed: ('Connection aborted.', RemoteDisconnected('Remote end closed connection without response'))
2026-03-05 00:18:20,781 - quanttool.infrastructure.data_providers.data_fetcher - WARNING - No AkShare data found for 600176.SH: ('Connection aborted.', RemoteDisconnected('Remote end closed connection without response'))
2026-03-05 00:18:20,781 - quanttool.infrastructure.data_providers.data_fetcher - INFO - Fetching 600176.SH from BaoStock using sh.600176
2026-03-05 00:18:20,820 - quanttool.infrastructure.data_providers.data_fetcher - WARNING - No BaoStock data found for 600085.SH
2026-03-05 00:18:20,820 - quanttool.infrastructure.data_providers.data_fetcher - INFO - Fetching 600183.SH from Ashare (primary source)
2026-03-05 00:18:22,079 - quanttool.infrastructure.data_providers.data_fetcher - WARNING - 新浪数据获取失败: Expecting value: line 1 column 1 (char 0)
2026-03-05 00:18:25,139 - quanttool.infrastructure.data_providers.data_fetcher - WARNING - 腾讯数据获取失败: 6 columns passed, passed data had 7 columns
2026-03-05 00:18:25,141 - quanttool.infrastructure.data_providers.data_fetcher - WARNING - Ashare returned no data for 600183.SH
2026-03-05 00:18:26,991 - quanttool.infrastructure.data_providers.data_fetcher - ERROR - Error fetching EastMoney data for 600183.SH: ('Connection aborted.', RemoteDisconnected('Remote end closed connection without response'))
2026-03-05 00:18:26,992 - quanttool.infrastructure.data_providers.data_fetcher - INFO - Fetching 600183.SH from AkShare using base symbol 600183
2026-03-05 00:18:27,045 - quanttool.infrastructure.data_providers.data_fetcher - WARNING - AkShare attempt 1 failed: ('Connection aborted.', RemoteDisconnected('Remote end closed connection without response'))
2026-03-05 00:18:28,102 - quanttool.infrastructure.data_providers.data_fetcher - WARNING - AkShare attempt 2 failed: ('Connection aborted.', RemoteDisconnected('Remote end closed connection without response'))
2026-03-05 00:18:29,155 - quanttool.infrastructure.data_providers.data_fetcher - WARNING - AkShare attempt 3 failed: ('Connection aborted.', RemoteDisconnected('Remote end closed connection without response'))
2026-03-05 00:18:29,156 - quanttool.infrastructure.data_providers.data_fetcher - WARNING - No AkShare data found for 600183.SH: ('Connection aborted.', RemoteDisconnected('Remote end closed connection without response'))
2026-03-05 00:18:29,156 - quanttool.infrastructure.data_providers.data_fetcher - INFO - Fetching 600183.SH from BaoStock using sh.600183
2026-03-05 00:18:31,687 - quanttool.infrastructure.data_providers.data_fetcher - WARNING - No BaoStock data found for 600176.SH
2026-03-05 00:18:31,687 - quanttool.infrastructure.data_providers.data_fetcher - INFO - Fetching 600188.SH from Ashare (primary source)
2026-03-05 00:18:33,159 - quanttool.infrastructure.data_providers.data_fetcher - WARNING - 新浪数据获取失败: Expecting value: line 1 column 1 (char 0)
2026-03-05 00:18:36,123 - quanttool.infrastructure.data_providers.data_fetcher - WARNING - 腾讯数据获取失败: 6 columns passed, passed data had 7 columns
2026-03-05 00:18:36,124 - quanttool.infrastructure.data_providers.data_fetcher - WARNING - Ashare returned no data for 600188.SH
2026-03-05 00:18:38,810 - quanttool.infrastructure.data_providers.data_fetcher - ERROR - Error fetching EastMoney data for 600188.SH: ('Connection aborted.', RemoteDisconnected('Remote end closed connection without response'))
2026-03-05 00:18:38,810 - quanttool.infrastructure.data_providers.data_fetcher - INFO - Fetching 600188.SH from AkShare using base symbol 600188
2026-03-05 00:18:38,859 - quanttool.infrastructure.data_providers.data_fetcher - WARNING - AkShare attempt 1 failed: ('Connection aborted.', RemoteDisconnected('Remote end closed connection without response'))
2026-03-05 00:18:39,925 - quanttool.infrastructure.data_providers.data_fetcher - WARNING - AkShare attempt 2 failed: ('Connection aborted.', RemoteDisconnected('Remote end closed connection without response'))
2026-03-05 00:18:41,004 - quanttool.infrastructure.data_providers.data_fetcher - WARNING - AkShare attempt 3 failed: ('Connection aborted.', RemoteDisconnected('Remote end closed connection without response'))
2026-03-05 00:18:41,005 - quanttool.infrastructure.data_providers.data_fetcher - WARNING - No AkShare data found for 600188.SH: ('Connection aborted.', RemoteDisconnected('Remote end closed connection without response'))
2026-03-05 00:18:41,006 - quanttool.infrastructure.data_providers.data_fetcher - INFO - Fetching 600188.SH from BaoStock using sh.600188
2026-03-05 00:18:41,318 - quanttool.infrastructure.data_providers.data_fetcher - WARNING - No BaoStock data found for 600029.SH
2026-03-05 00:18:41,325 - quanttool.infrastructure.data_providers.data_fetcher - INFO - Fetching 600196.SH from Ashare (primary source)
2026-03-05 00:18:43,017 - quanttool.infrastructure.data_providers.data_fetcher - WARNING - 新浪数据获取失败: Expecting value: line 1 column 1 (char 0)
2026-03-05 00:18:45,639 - quanttool.infrastructure.data_providers.data_fetcher - WARNING - 腾讯数据获取失败: 6 columns passed, passed data had 7 columns
2026-03-05 00:18:45,641 - quanttool.infrastructure.data_providers.data_fetcher - WARNING - Ashare returned no data for 600196.SH
2026-03-05 00:18:46,936 - quanttool.infrastructure.data_providers.data_fetcher - ERROR - Error fetching EastMoney data for 600196.SH: ('Connection aborted.', RemoteDisconnected('Remote end closed connection without response'))
2026-03-05 00:18:46,937 - quanttool.infrastructure.data_providers.data_fetcher - INFO - Fetching 600196.SH from AkShare using base symbol 600196
2026-03-05 00:18:46,984 - quanttool.infrastructure.data_providers.data_fetcher - WARNING - AkShare attempt 1 failed: ('Connection aborted.', RemoteDisconnected('Remote end closed connection without response'))
2026-03-05 00:18:48,052 - quanttool.infrastructure.data_providers.data_fetcher - WARNING - AkShare attempt 2 failed: ('Connection aborted.', RemoteDisconnected('Remote end closed connection without response'))
2026-03-05 00:18:49,115 - quanttool.infrastructure.data_providers.data_fetcher - WARNING - AkShare attempt 3 failed: ('Connection aborted.', RemoteDisconnected('Remote end closed connection without response'))
2026-03-05 00:18:49,116 - quanttool.infrastructure.data_providers.data_fetcher - WARNING - No AkShare data found for 600196.SH: ('Connection aborted.', RemoteDisconnected('Remote end closed connection without response'))
2026-03-05 00:18:49,116 - quanttool.infrastructure.data_providers.data_fetcher - INFO - Fetching 600196.SH from BaoStock using sh.600196
2026-03-05 00:18:49,585 - quanttool.infrastructure.data_providers.data_fetcher - WARNING - No BaoStock data found for 600150.SH
2026-03-05 00:18:49,586 - quanttool.infrastructure.data_providers.data_fetcher - INFO - Fetching 600219.SH from Ashare (primary source)
2026-03-05 00:18:51,669 - quanttool.infrastructure.data_providers.data_fetcher - WARNING - 新浪数据获取失败: Expecting value: line 1 column 1 (char 0)
2026-03-05 00:18:54,530 - quanttool.infrastructure.data_providers.data_fetcher - WARNING - 腾讯数据获取失败: 6 columns passed, passed data had 7 columns
2026-03-05 00:18:54,532 - quanttool.infrastructure.data_providers.data_fetcher - WARNING - Ashare returned no data for 600219.SH
2026-03-05 00:18:56,294 - quanttool.infrastructure.data_providers.data_fetcher - ERROR - Error fetching EastMoney data for 600219.SH: ('Connection aborted.', RemoteDisconnected('Remote end closed connection without response'))
2026-03-05 00:18:56,295 - quanttool.infrastructure.data_providers.data_fetcher - INFO - Fetching 600219.SH from AkShare using base symbol 600219
2026-03-05 00:18:56,351 - quanttool.infrastructure.data_providers.data_fetcher - WARNING - AkShare attempt 1 failed: ('Connection aborted.', RemoteDisconnected('Remote end closed connection without response'))
2026-03-05 00:18:57,407 - quanttool.infrastructure.data_providers.data_fetcher - WARNING - AkShare attempt 2 failed: ('Connection aborted.', RemoteDisconnected('Remote end closed connection without response'))
2026-03-05 00:18:58,464 - quanttool.infrastructure.data_providers.data_fetcher - WARNING - AkShare attempt 3 failed: ('Connection aborted.', RemoteDisconnected('Remote end closed connection without response'))
2026-03-05 00:18:58,464 - quanttool.infrastructure.data_providers.data_fetcher - WARNING - No AkShare data found for 600219.SH: ('Connection aborted.', RemoteDisconnected('Remote end closed connection without response'))
2026-03-05 00:18:58,464 - quanttool.infrastructure.data_providers.data_fetcher - INFO - Fetching 600219.SH from BaoStock using sh.600219
2026-03-05 00:18:58,509 - quanttool.infrastructure.data_providers.data_fetcher - WARNING - No BaoStock data found for 600115.SH
2026-03-05 00:18:58,510 - quanttool.infrastructure.data_providers.data_fetcher - INFO - Fetching 600233.SH from Ashare (primary source)
2026-03-05 00:19:00,757 - quanttool.infrastructure.data_providers.data_fetcher - WARNING - 新浪数据获取失败: Expecting value: line 1 column 1 (char 0)
2026-03-05 00:19:02,599 - quanttool.infrastructure.data_providers.data_fetcher - WARNING - 腾讯数据获取失败: 6 columns passed, passed data had 7 columns
2026-03-05 00:19:02,602 - quanttool.infrastructure.data_providers.data_fetcher - WARNING - Ashare returned no data for 600233.SH
2026-03-05 00:19:03,719 - quanttool.infrastructure.data_providers.data_fetcher - ERROR - Error fetching EastMoney data for 600233.SH: ('Connection aborted.', RemoteDisconnected('Remote end closed connection without response'))
2026-03-05 00:19:03,720 - quanttool.infrastructure.data_providers.data_fetcher - INFO - Fetching 600233.SH from AkShare using base symbol 600233
2026-03-05 00:19:03,770 - quanttool.infrastructure.data_providers.data_fetcher - WARNING - AkShare attempt 1 failed: ('Connection aborted.', RemoteDisconnected('Remote end closed connection without response'))
2026-03-05 00:19:04,832 - quanttool.infrastructure.data_providers.data_fetcher - WARNING - AkShare attempt 2 failed: ('Connection aborted.', RemoteDisconnected('Remote end closed connection without response'))
2026-03-05 00:19:05,900 - quanttool.infrastructure.data_providers.data_fetcher - WARNING - AkShare attempt 3 failed: ('Connection aborted.', RemoteDisconnected('Remote end closed connection without response'))
2026-03-05 00:19:05,901 - quanttool.infrastructure.data_providers.data_fetcher - WARNING - No AkShare data found for 600233.SH: ('Connection aborted.', RemoteDisconnected('Remote end closed connection without response'))
2026-03-05 00:19:05,901 - quanttool.infrastructure.data_providers.data_fetcher - INFO - Fetching 600233.SH from BaoStock using sh.600233
2026-03-05 00:19:05,931 - quanttool.infrastructure.data_providers.data_fetcher - WARNING - No BaoStock data found for 600039.SH
2026-03-05 00:19:05,932 - quanttool.infrastructure.data_providers.data_fetcher - INFO - Fetching 600276.SH from Ashare (primary source)
2026-03-05 00:19:08,934 - quanttool.infrastructure.data_providers.data_fetcher - WARNING - 新浪数据获取失败: Expecting value: line 1 column 1 (char 0)
2026-03-05 00:19:10,202 - quanttool.infrastructure.data_providers.data_fetcher - WARNING - 腾讯数据获取失败: 6 columns passed, passed data had 7 columns
2026-03-05 00:19:10,204 - quanttool.infrastructure.data_providers.data_fetcher - WARNING - Ashare returned no data for 600276.SH
2026-03-05 00:38:08,021 - quanttool.infrastructure.cache.local_cache - INFO - LocalDataCache initialized at .cache/stock_data
2026-03-05 00:38:08,021 - quanttool.infrastructure.data_providers.data_fetcher - INFO - Local cache enabled at .cache/stock_data
2026-03-05 00:38:08,021 - quanttool.infrastructure.data_providers.data_fetcher - INFO - AkShare is available and will be used as fallback
2026-03-05 00:38:08,021 - quanttool.infrastructure.data_providers.data_fetcher - INFO - Skipping Tushare connection test (unreliable)
2026-03-05 00:38:08,192 - quanttool.infrastructure.data_providers.data_fetcher - INFO - EastMoney connection verified
2026-03-05 00:38:08,192 - quanttool.infrastructure.data_providers.data_fetcher - INFO - EnhancedDataFetcher initialized successfully (Ashare as primary)
2026-03-05 00:38:08,377 - quanttool.infrastructure.data_providers.data_fetcher - WARNING - Failed to get CSI 300 constituents from Tushare: 抱歉，您没有接口访问权限，权限的具体详情访问：https://tushare.pro/document/1?doc_id=108。
2026-03-05 00:38:08,377 - quanttool.infrastructure.data_providers.data_fetcher - INFO - Trying to get CSI 300 constituents from AkShare...
2026-03-05 00:38:08,476 - quanttool.infrastructure.data_providers.data_fetcher - INFO - Successfully got 300 CSI 300 constituents from AkShare
2026-03-05 00:38:08,478 - quanttool.infrastructure.cache.local_cache - INFO - LocalDataCache initialized at .cache/stock_data
2026-03-05 00:38:08,478 - quanttool.infrastructure.data_providers.data_fetcher - INFO - Local cache enabled at .cache/stock_data
2026-03-05 00:38:08,478 - quanttool.infrastructure.data_providers.data_fetcher - INFO - AkShare is available and will be used as fallback
2026-03-05 00:38:08,478 - quanttool.infrastructure.data_providers.data_fetcher - INFO - Skipping Tushare connection test (unreliable)
2026-03-05 00:38:08,634 - quanttool.infrastructure.data_providers.data_fetcher - INFO - EastMoney connection verified
2026-03-05 00:38:08,634 - quanttool.infrastructure.data_providers.data_fetcher - INFO - EnhancedDataFetcher initialized successfully (Ashare as primary)
2026-03-05 00:38:08,726 - quanttool.infrastructure.cache.local_cache - INFO - Cache hit for 000001.SZ: 239 rows
2026-03-05 00:38:08,727 - quanttool.infrastructure.cache.local_cache - INFO - Cache hit for 000002.SZ: 239 rows
2026-03-05 00:38:08,729 - quanttool.infrastructure.cache.local_cache - INFO - Cache hit for 000063.SZ: 239 rows
2026-03-05 00:38:08,730 - quanttool.infrastructure.cache.local_cache - INFO - Cache hit for 000100.SZ: 239 rows
2026-03-05 00:38:08,732 - quanttool.infrastructure.cache.local_cache - INFO - Cache hit for 000157.SZ: 239 rows
2026-03-05 00:38:08,733 - quanttool.infrastructure.cache.local_cache - INFO - Cache hit for 000166.SZ: 239 rows
2026-03-05 00:38:08,734 - quanttool.infrastructure.cache.local_cache - INFO - Cache hit for 000301.SZ: 239 rows
2026-03-05 00:38:08,735 - quanttool.infrastructure.cache.local_cache - INFO - Cache hit for 000333.SZ: 239 rows
2026-03-05 00:38:08,736 - quanttool.infrastructure.cache.local_cache - INFO - Cache hit for 000338.SZ: 239 rows
2026-03-05 00:38:08,738 - quanttool.infrastructure.cache.local_cache - INFO - Cache hit for 000408.SZ: 239 rows
2026-03-05 00:38:08,739 - quanttool.infrastructure.cache.local_cache - INFO - Cache hit for 000425.SZ: 239 rows
2026-03-05 00:38:08,740 - quanttool.infrastructure.cache.local_cache - INFO - Cache hit for 000538.SZ: 239 rows
2026-03-05 00:38:08,741 - quanttool.infrastructure.cache.local_cache - INFO - Cache hit for 000568.SZ: 239 rows
2026-03-05 00:38:08,742 - quanttool.infrastructure.cache.local_cache - INFO - Cache hit for 000596.SZ: 239 rows
2026-03-05 00:38:08,744 - quanttool.infrastructure.cache.local_cache - INFO - Cache hit for 000617.SZ: 239 rows
2026-03-05 00:38:08,745 - quanttool.infrastructure.cache.local_cache - INFO - Cache hit for 000625.SZ: 239 rows
2026-03-05 00:38:08,746 - quanttool.infrastructure.cache.local_cache - INFO - Cache hit for 000630.SZ: 239 rows
2026-03-05 00:38:08,747 - quanttool.infrastructure.cache.local_cache - INFO - Cache hit for 000651.SZ: 239 rows
2026-03-05 00:38:08,748 - quanttool.infrastructure.cache.local_cache - INFO - Cache hit for 000661.SZ: 239 rows
2026-03-05 00:38:08,749 - quanttool.infrastructure.cache.local_cache - INFO - Cache hit for 000708.SZ: 239 rows
2026-03-05 00:38:08,750 - quanttool.infrastructure.cache.local_cache - INFO - Cache hit for 000725.SZ: 239 rows
2026-03-05 00:38:08,751 - quanttool.infrastructure.cache.local_cache - INFO - Cache hit for 000768.SZ: 239 rows
2026-03-05 00:38:08,752 - quanttool.infrastructure.cache.local_cache - INFO - Cache hit for 000776.SZ: 239 rows
2026-03-05 00:38:08,753 - quanttool.infrastructure.cache.local_cache - INFO - Cache hit for 000786.SZ: 239 rows
2026-03-05 00:38:08,755 - quanttool.infrastructure.cache.local_cache - INFO - Cache hit for 000792.SZ: 239 rows
2026-03-05 00:38:08,756 - quanttool.infrastructure.cache.local_cache - INFO - Cache hit for 000807.SZ: 239 rows
2026-03-05 00:38:08,757 - quanttool.infrastructure.cache.local_cache - INFO - Cache hit for 000858.SZ: 239 rows
2026-03-05 00:38:08,758 - quanttool.infrastructure.cache.local_cache - INFO - Cache hit for 000876.SZ: 239 rows
2026-03-05 00:38:08,759 - quanttool.infrastructure.cache.local_cache - INFO - Cache hit for 000895.SZ: 239 rows
2026-03-05 00:38:08,760 - quanttool.infrastructure.cache.local_cache - INFO - Cache hit for 000938.SZ: 239 rows
2026-03-05 00:38:08,760 - quanttool.infrastructure.data_providers.data_fetcher - INFO - Cache hit: 30/30 symbols
2026-03-05 00:38:08,761 - quanttool.infrastructure.cache.local_cache - INFO - Cache hit for 000963.SZ: 239 rows
2026-03-05 00:38:08,762 - quanttool.infrastructure.cache.local_cache - INFO - Cache hit for 000975.SZ: 239 rows
2026-03-05 00:38:08,763 - quanttool.infrastructure.cache.local_cache - INFO - Cache hit for 000977.SZ: 239 rows
2026-03-05 00:38:08,764 - quanttool.infrastructure.cache.local_cache - INFO - Cache hit for 000983.SZ: 239 rows
2026-03-05 00:38:08,765 - quanttool.infrastructure.cache.local_cache - INFO - Cache hit for 000999.SZ: 239 rows
2026-03-05 00:38:08,766 - quanttool.infrastructure.cache.local_cache - INFO - Cache hit for 001391.SZ: 239 rows
2026-03-05 00:38:08,767 - quanttool.infrastructure.cache.local_cache - INFO - Cache hit for 001965.SZ: 239 rows
2026-03-05 00:38:08,769 - quanttool.infrastructure.cache.local_cache - INFO - Cache hit for 001979.SZ: 239 rows
2026-03-05 00:38:08,770 - quanttool.infrastructure.cache.local_cache - INFO - Cache hit for 002001.SZ: 239 rows
2026-03-05 00:38:08,771 - quanttool.infrastructure.cache.local_cache - INFO - Cache hit for 002027.SZ: 239 rows
2026-03-05 00:38:08,772 - quanttool.infrastructure.cache.local_cache - INFO - Cache hit for 002028.SZ: 239 rows
2026-03-05 00:38:08,774 - quanttool.infrastructure.cache.local_cache - INFO - Cache hit for 002049.SZ: 229 rows
2026-03-05 00:38:08,775 - quanttool.infrastructure.cache.local_cache - INFO - Cache hit for 002050.SZ: 239 rows
2026-03-05 00:38:08,776 - quanttool.infrastructure.cache.local_cache - INFO - Cache hit for 002074.SZ: 239 rows
2026-03-05 00:38:08,777 - quanttool.infrastructure.cache.local_cache - INFO - Cache hit for 002142.SZ: 239 rows
2026-03-05 00:38:08,777 - quanttool.infrastructure.cache.local_cache - INFO - Cache hit for 002179.SZ: 239 rows
2026-03-05 00:38:08,778 - quanttool.infrastructure.cache.local_cache - INFO - Cache hit for 002230.SZ: 239 rows
2026-03-05 00:38:08,779 - quanttool.infrastructure.cache.local_cache - INFO - Cache hit for 002236.SZ: 239 rows
2026-03-05 00:38:08,780 - quanttool.infrastructure.cache.local_cache - INFO - Cache hit for 002241.SZ: 239 rows
2026-03-05 00:38:08,781 - quanttool.infrastructure.cache.local_cache - INFO - Cache hit for 002252.SZ: 239 rows
2026-03-05 00:38:08,782 - quanttool.infrastructure.cache.local_cache - INFO - Cache hit for 002304.SZ: 239 rows
2026-03-05 00:38:08,783 - quanttool.infrastructure.cache.local_cache - INFO - Cache hit for 002311.SZ: 239 rows
2026-03-05 00:38:08,784 - quanttool.infrastructure.cache.local_cache - INFO - Cache hit for 002352.SZ: 239 rows
2026-03-05 00:38:08,784 - quanttool.infrastructure.cache.local_cache - INFO - Cache hit for 002371.SZ: 239 rows
2026-03-05 00:38:08,785 - quanttool.infrastructure.cache.local_cache - INFO - Cache hit for 002384.SZ: 239 rows
2026-03-05 00:38:08,786 - quanttool.infrastructure.cache.local_cache - INFO - Cache hit for 002415.SZ: 239 rows
2026-03-05 00:38:08,787 - quanttool.infrastructure.cache.local_cache - INFO - Cache hit for 002422.SZ: 239 rows
2026-03-05 00:38:08,789 - quanttool.infrastructure.cache.local_cache - INFO - Cache hit for 002459.SZ: 239 rows
2026-03-05 00:38:08,790 - quanttool.infrastructure.cache.local_cache - INFO - Cache hit for 002460.SZ: 239 rows
2026-03-05 00:38:08,791 - quanttool.infrastructure.cache.local_cache - INFO - Cache hit for 002463.SZ: 239 rows
2026-03-05 00:38:08,791 - quanttool.infrastructure.data_providers.data_fetcher - INFO - Cache hit: 30/30 symbols
2026-03-05 00:38:08,792 - quanttool.infrastructure.cache.local_cache - INFO - Cache hit for 002466.SZ: 239 rows
2026-03-05 00:38:08,793 - quanttool.infrastructure.cache.local_cache - INFO - Cache hit for 002475.SZ: 239 rows
2026-03-05 00:38:08,794 - quanttool.infrastructure.cache.local_cache - INFO - Cache hit for 002493.SZ: 239 rows
2026-03-05 00:38:08,795 - quanttool.infrastructure.cache.local_cache - INFO - Cache hit for 002594.SZ: 239 rows
2026-03-05 00:38:08,796 - quanttool.infrastructure.cache.local_cache - INFO - Cache hit for 002600.SZ: 239 rows
2026-03-05 00:38:08,797 - quanttool.infrastructure.cache.local_cache - INFO - Cache hit for 002601.SZ: 239 rows
2026-03-05 00:38:08,798 - quanttool.infrastructure.cache.local_cache - INFO - Cache hit for 002625.SZ: 239 rows
2026-03-05 00:38:08,799 - quanttool.infrastructure.cache.local_cache - INFO - Cache hit for 002648.SZ: 239 rows
2026-03-05 00:38:08,800 - quanttool.infrastructure.cache.local_cache - INFO - Cache hit for 002709.SZ: 239 rows
2026-03-05 00:38:08,802 - quanttool.infrastructure.cache.local_cache - INFO - Cache hit for 002714.SZ: 239 rows
2026-03-05 00:38:08,803 - quanttool.infrastructure.cache.local_cache - INFO - Cache hit for 002736.SZ: 239 rows
2026-03-05 00:38:08,804 - quanttool.infrastructure.cache.local_cache - INFO - Cache hit for 002916.SZ: 239 rows
2026-03-05 00:38:08,805 - quanttool.infrastructure.cache.local_cache - INFO - Cache hit for 002920.SZ: 239 rows
2026-03-05 00:38:08,807 - quanttool.infrastructure.cache.local_cache - INFO - Cache hit for 002938.SZ: 239 rows
2026-03-05 00:38:08,808 - quanttool.infrastructure.cache.local_cache - INFO - Cache hit for 003816.SZ: 239 rows
2026-03-05 00:38:08,809 - quanttool.infrastructure.cache.local_cache - INFO - Cache hit for 300014.SZ: 239 rows
2026-03-05 00:38:08,810 - quanttool.infrastructure.cache.local_cache - INFO - Cache hit for 300015.SZ: 239 rows
2026-03-05 00:38:08,811 - quanttool.infrastructure.cache.local_cache - INFO - Cache hit for 300033.SZ: 239 rows
2026-03-05 00:38:08,812 - quanttool.infrastructure.cache.local_cache - INFO - Cache hit for 300059.SZ: 239 rows
2026-03-05 00:38:08,813 - quanttool.infrastructure.cache.local_cache - INFO - Cache hit for 300122.SZ: 239 rows
2026-03-05 00:38:08,814 - quanttool.infrastructure.cache.local_cache - INFO - Cache hit for 300124.SZ: 239 rows
2026-03-05 00:38:08,815 - quanttool.infrastructure.cache.local_cache - INFO - Cache hit for 300251.SZ: 239 rows
2026-03-05 00:38:08,816 - quanttool.infrastructure.cache.local_cache - INFO - Cache hit for 300274.SZ: 239 rows
2026-03-05 00:38:08,817 - quanttool.infrastructure.cache.local_cache - INFO - Cache hit for 300308.SZ: 239 rows
2026-03-05 00:38:08,818 - quanttool.infrastructure.cache.local_cache - INFO - Cache hit for 300316.SZ: 239 rows
2026-03-05 00:38:08,819 - quanttool.infrastructure.cache.local_cache - INFO - Cache hit for 300347.SZ: 239 rows
2026-03-05 00:38:08,820 - quanttool.infrastructure.cache.local_cache - INFO - Cache hit for 300394.SZ: 239 rows
2026-03-05 00:38:08,822 - quanttool.infrastructure.cache.local_cache - INFO - Cache hit for 300408.SZ: 239 rows
2026-03-05 00:38:08,823 - quanttool.infrastructure.cache.local_cache - INFO - Cache hit for 300413.SZ: 239 rows
2026-03-05 00:38:08,824 - quanttool.infrastructure.cache.local_cache - INFO - Cache hit for 300418.SZ: 239 rows
2026-03-05 00:38:08,824 - quanttool.infrastructure.data_providers.data_fetcher - INFO - Cache hit: 30/30 symbols
2026-03-05 00:38:08,825 - quanttool.infrastructure.cache.local_cache - INFO - Cache hit for 300433.SZ: 239 rows
2026-03-05 00:38:08,826 - quanttool.infrastructure.cache.local_cache - INFO - Cache hit for 300442.SZ: 233 rows
2026-03-05 00:38:08,827 - quanttool.infrastructure.cache.local_cache - INFO - Cache hit for 300476.SZ: 239 rows
2026-03-05 00:38:08,828 - quanttool.infrastructure.cache.local_cache - INFO - Cache hit for 300498.SZ: 239 rows
2026-03-05 00:38:08,829 - quanttool.infrastructure.cache.local_cache - INFO - Cache hit for 300502.SZ: 239 rows
2026-03-05 00:38:08,830 - quanttool.infrastructure.cache.local_cache - INFO - Cache hit for 300628.SZ: 239 rows
2026-03-05 00:38:08,831 - quanttool.infrastructure.cache.local_cache - INFO - Cache hit for 300661.SZ: 239 rows
2026-03-05 00:38:08,832 - quanttool.infrastructure.cache.local_cache - INFO - Cache hit for 300750.SZ: 239 rows
2026-03-05 00:38:08,833 - quanttool.infrastructure.cache.local_cache - INFO - Cache hit for 300759.SZ: 239 rows
2026-03-05 00:38:08,834 - quanttool.infrastructure.cache.local_cache - INFO - Cache hit for 300760.SZ: 239 rows
2026-03-05 00:38:08,835 - quanttool.infrastructure.cache.local_cache - INFO - Cache hit for 300782.SZ: 239 rows
2026-03-05 00:38:08,836 - quanttool.infrastructure.cache.local_cache - INFO - Cache hit for 300803.SZ: 239 rows
2026-03-05 00:38:08,837 - quanttool.infrastructure.cache.local_cache - INFO - Cache hit for 300832.SZ: 239 rows
2026-03-05 00:38:08,838 - quanttool.infrastructure.cache.local_cache - INFO - Cache hit for 300866.SZ: 239 rows
2026-03-05 00:38:08,840 - quanttool.infrastructure.cache.local_cache - INFO - Cache hit for 300896.SZ: 239 rows
2026-03-05 00:38:08,841 - quanttool.infrastructure.cache.local_cache - INFO - Cache hit for 300979.SZ: 239 rows
2026-03-05 00:38:08,842 - quanttool.infrastructure.cache.local_cache - INFO - Cache hit for 300999.SZ: 239 rows
2026-03-05 00:38:08,843 - quanttool.infrastructure.cache.local_cache - INFO - Cache hit for 301236.SZ: 239 rows
2026-03-05 00:38:08,844 - quanttool.infrastructure.cache.local_cache - INFO - Cache hit for 301269.SZ: 229 rows
2026-03-05 00:38:08,844 - quanttool.infrastructure.cache.local_cache - INFO - Cache hit for 302132.SZ: 239 rows
2026-03-05 00:38:08,845 - quanttool.infrastructure.cache.local_cache - INFO - Cache hit for 600000.SH: 239 rows
2026-03-05 00:38:08,846 - quanttool.infrastructure.cache.local_cache - INFO - Cache hit for 600009.SH: 239 rows
2026-03-05 00:38:08,847 - quanttool.infrastructure.cache.local_cache - INFO - Cache hit for 600010.SH: 239 rows
2026-03-05 00:38:08,848 - quanttool.infrastructure.cache.local_cache - INFO - Cache hit for 600011.SH: 239 rows
2026-03-05 00:38:08,849 - quanttool.infrastructure.cache.local_cache - INFO - Cache hit for 600016.SH: 239 rows
2026-03-05 00:38:08,851 - quanttool.infrastructure.cache.local_cache - INFO - Cache hit for 600018.SH: 239 rows
2026-03-05 00:38:08,852 - quanttool.infrastructure.cache.local_cache - INFO - Cache hit for 600019.SH: 239 rows
2026-03-05 00:38:08,853 - quanttool.infrastructure.cache.local_cache - INFO - Cache hit for 600023.SH: 239 rows
2026-03-05 00:38:08,853 - quanttool.infrastructure.data_providers.data_fetcher - INFO - Cache hit: 28/30 symbols
2026-03-05 00:38:08,854 - quanttool.infrastructure.data_providers.data_fetcher - INFO - Fetching 600015.SH from Ashare (primary source)
2026-03-05 00:38:08,855 - quanttool.infrastructure.data_providers.data_fetcher - INFO - Fetching 600025.SH from Ashare (primary source)
2026-03-05 00:38:10,561 - quanttool.infrastructure.data_providers.data_fetcher - INFO - Successfully fetched 239 bars from Ashare for 600015.SH
2026-03-05 00:38:10,564 - quanttool.infrastructure.cache.local_cache - INFO - Cached 239 rows for 600015.SH (14602 bytes)
2026-03-05 00:38:10,969 - quanttool.infrastructure.data_providers.data_fetcher - INFO - Successfully fetched 239 bars from Ashare for 600025.SH
2026-03-05 00:38:10,972 - quanttool.infrastructure.cache.local_cache - INFO - Cached 239 rows for 600025.SH (14239 bytes)
2026-03-05 00:38:10,972 - quanttool.infrastructure.data_providers.data_fetcher - INFO - Parallel fetch completed: 2/2 symbols successful
2026-03-05 00:38:10,973 - quanttool.infrastructure.data_providers.data_fetcher - INFO - Cache hit: 0/30 symbols
2026-03-05 00:38:10,973 - quanttool.infrastructure.data_providers.data_fetcher - INFO - Fetching 600026.SH from Ashare (primary source)
2026-03-05 00:38:10,973 - quanttool.infrastructure.data_providers.data_fetcher - INFO - Fetching 600027.SH from Ashare (primary source)
2026-03-05 00:38:10,974 - quanttool.infrastructure.data_providers.data_fetcher - INFO - Fetching 600028.SH from Ashare (primary source)
2026-03-05 00:38:10,975 - quanttool.infrastructure.data_providers.data_fetcher - INFO - Fetching 600029.SH from Ashare (primary source)
2026-03-05 00:38:10,975 - quanttool.infrastructure.data_providers.data_fetcher - INFO - Fetching 600030.SH from Ashare (primary source)
2026-03-05 00:38:10,976 - quanttool.infrastructure.data_providers.data_fetcher - INFO - Fetching 600031.SH from Ashare (primary source)
2026-03-05 00:38:10,976 - quanttool.infrastructure.data_providers.data_fetcher - INFO - Fetching 600036.SH from Ashare (primary source)
2026-03-05 00:38:10,977 - quanttool.infrastructure.data_providers.data_fetcher - INFO - Fetching 600039.SH from Ashare (primary source)
2026-03-05 00:38:10,977 - quanttool.infrastructure.data_providers.data_fetcher - INFO - Fetching 600048.SH from Ashare (primary source)
2026-03-05 00:38:10,977 - quanttool.infrastructure.data_providers.data_fetcher - INFO - Fetching 600050.SH from Ashare (primary source)
2026-03-05 00:38:12,373 - quanttool.infrastructure.data_providers.data_fetcher - INFO - Successfully fetched 239 bars from Ashare for 600036.SH
2026-03-05 00:38:12,376 - quanttool.infrastructure.cache.local_cache - INFO - Cached 239 rows for 600036.SH (16161 bytes)
2026-03-05 00:38:12,376 - quanttool.infrastructure.data_providers.data_fetcher - INFO - Fetching 600061.SH from Ashare (primary source)
2026-03-05 00:38:12,623 - quanttool.infrastructure.data_providers.data_fetcher - INFO - Successfully fetched 239 bars from Ashare for 600048.SH
2026-03-05 00:38:12,626 - quanttool.infrastructure.cache.local_cache - INFO - Cached 239 rows for 600048.SH (15043 bytes)
2026-03-05 00:38:12,626 - quanttool.infrastructure.data_providers.data_fetcher - INFO - Fetching 600066.SH from Ashare (primary source)
2026-03-05 00:38:12,943 - quanttool.infrastructure.data_providers.data_fetcher - INFO - Successfully fetched 239 bars from Ashare for 600028.SH
2026-03-05 00:38:12,947 - quanttool.infrastructure.cache.local_cache - INFO - Cached 239 rows for 600028.SH (13800 bytes)
2026-03-05 00:38:12,947 - quanttool.infrastructure.data_providers.data_fetcher - INFO - Fetching 600085.SH from Ashare (primary source)
2026-03-05 00:38:13,087 - quanttool.infrastructure.data_providers.data_fetcher - INFO - Successfully fetched 239 bars from Ashare for 600050.SH
2026-03-05 00:38:13,096 - quanttool.infrastructure.cache.local_cache - INFO - Cached 239 rows for 600050.SH (13696 bytes)
2026-03-05 00:38:13,097 - quanttool.infrastructure.data_providers.data_fetcher - INFO - Fetching 600089.SH from Ashare (primary source)
2026-03-05 00:38:13,259 - quanttool.infrastructure.data_providers.data_fetcher - INFO - Successfully fetched 239 bars from Ashare for 600026.SH
2026-03-05 00:38:13,262 - quanttool.infrastructure.cache.local_cache - INFO - Cached 239 rows for 600026.SH (15624 bytes)
2026-03-05 00:38:13,262 - quanttool.infrastructure.data_providers.data_fetcher - INFO - Fetching 600104.SH from Ashare (primary source)
2026-03-05 00:38:13,427 - quanttool.infrastructure.data_providers.data_fetcher - INFO - Successfully fetched 239 bars from Ashare for 600031.SH
2026-03-05 00:38:13,430 - quanttool.infrastructure.cache.local_cache - INFO - Cached 239 rows for 600031.SH (16027 bytes)
2026-03-05 00:38:13,430 - quanttool.infrastructure.data_providers.data_fetcher - INFO - Fetching 600111.SH from Ashare (primary source)
2026-03-05 00:38:13,658 - quanttool.infrastructure.data_providers.data_fetcher - INFO - Successfully fetched 239 bars from Ashare for 600029.SH
2026-03-05 00:38:13,664 - quanttool.infrastructure.cache.local_cache - INFO - Cached 239 rows for 600029.SH (14401 bytes)
2026-03-05 00:38:13,664 - quanttool.infrastructure.data_providers.data_fetcher - INFO - Fetching 600115.SH from Ashare (primary source)
2026-03-05 00:38:13,771 - quanttool.infrastructure.data_providers.data_fetcher - INFO - Successfully fetched 239 bars from Ashare for 600027.SH
2026-03-05 00:38:13,774 - quanttool.infrastructure.cache.local_cache - INFO - Cached 239 rows for 600027.SH (13909 bytes)
2026-03-05 00:38:13,775 - quanttool.infrastructure.data_providers.data_fetcher - INFO - Fetching 600150.SH from Ashare (primary source)
2026-03-05 00:38:13,973 - quanttool.infrastructure.data_providers.data_fetcher - INFO - Successfully fetched 239 bars from Ashare for 600030.SH
2026-03-05 00:38:13,976 - quanttool.infrastructure.cache.local_cache - INFO - Cached 239 rows for 600030.SH (16001 bytes)
2026-03-05 00:38:13,976 - quanttool.infrastructure.data_providers.data_fetcher - INFO - Fetching 600160.SH from Ashare (primary source)
2026-03-05 00:38:13,985 - quanttool.infrastructure.data_providers.data_fetcher - INFO - Successfully fetched 239 bars from Ashare for 600061.SH
2026-03-05 00:38:13,988 - quanttool.infrastructure.cache.local_cache - INFO - Cached 239 rows for 600061.SH (14184 bytes)
2026-03-05 00:38:13,988 - quanttool.infrastructure.data_providers.data_fetcher - INFO - Progress: 10/30 symbols fetched
2026-03-05 00:38:13,988 - quanttool.infrastructure.data_providers.data_fetcher - INFO - Fetching 600161.SH from Ashare (primary source)
2026-03-05 00:38:14,066 - quanttool.infrastructure.data_providers.data_fetcher - INFO - Successfully fetched 239 bars from Ashare for 600039.SH
2026-03-05 00:38:14,070 - quanttool.infrastructure.cache.local_cache - INFO - Cached 239 rows for 600039.SH (15002 bytes)
2026-03-05 00:38:14,070 - quanttool.infrastructure.data_providers.data_fetcher - INFO - Fetching 600176.SH from Ashare (primary source)
2026-03-05 00:38:14,524 - quanttool.infrastructure.data_providers.data_fetcher - INFO - Successfully fetched 239 bars from Ashare for 600089.SH
2026-03-05 00:38:14,527 - quanttool.infrastructure.cache.local_cache - INFO - Cached 239 rows for 600089.SH (16300 bytes)
2026-03-05 00:38:14,527 - quanttool.infrastructure.data_providers.data_fetcher - INFO - Fetching 600183.SH from Ashare (primary source)
2026-03-05 00:38:14,980 - quanttool.infrastructure.data_providers.data_fetcher - INFO - Successfully fetched 239 bars from Ashare for 600085.SH
2026-03-05 00:38:14,983 - quanttool.infrastructure.cache.local_cache - INFO - Cached 239 rows for 600085.SH (15917 bytes)
2026-03-05 00:38:14,983 - quanttool.infrastructure.data_providers.data_fetcher - INFO - Fetching 600188.SH from Ashare (primary source)
2026-03-05 00:38:15,327 - quanttool.infrastructure.data_providers.data_fetcher - INFO - Successfully fetched 239 bars from Ashare for 600066.SH
2026-03-05 00:38:15,329 - quanttool.infrastructure.cache.local_cache - INFO - Cached 239 rows for 600066.SH (16233 bytes)
2026-03-05 00:38:15,330 - quanttool.infrastructure.data_providers.data_fetcher - INFO - Fetching 600196.SH from Ashare (primary source)
2026-03-05 00:38:15,928 - quanttool.infrastructure.data_providers.data_fetcher - INFO - Successfully fetched 239 bars from Ashare for 600104.SH
2026-03-05 00:38:15,931 - quanttool.infrastructure.cache.local_cache - INFO - Cached 239 rows for 600104.SH (15686 bytes)
2026-03-05 00:38:15,932 - quanttool.infrastructure.data_providers.data_fetcher - INFO - Fetching 600219.SH from Ashare (primary source)
2026-03-05 00:38:15,971 - quanttool.infrastructure.data_providers.data_fetcher - INFO - Successfully fetched 235 bars from Ashare for 600150.SH
2026-03-05 00:38:15,976 - quanttool.infrastructure.data_providers.data_fetcher - INFO - Successfully fetched 239 bars from Ashare for 600160.SH
2026-03-05 00:38:15,980 - quanttool.infrastructure.cache.local_cache - INFO - Cached 235 rows for 600150.SH (16172 bytes)
2026-03-05 00:38:15,981 - quanttool.infrastructure.cache.local_cache - INFO - Cached 239 rows for 600160.SH (16473 bytes)
2026-03-05 00:38:15,981 - quanttool.infrastructure.data_providers.data_fetcher - INFO - Fetching 600233.SH from Ashare (primary source)
2026-03-05 00:38:15,982 - quanttool.infrastructure.data_providers.data_fetcher - INFO - Fetching 600276.SH from Ashare (primary source)
2026-03-05 00:38:16,069 - quanttool.infrastructure.data_providers.data_fetcher - INFO - Successfully fetched 239 bars from Ashare for 600115.SH
2026-03-05 00:38:16,072 - quanttool.infrastructure.cache.local_cache - INFO - Cached 239 rows for 600115.SH (14391 bytes)
2026-03-05 00:38:16,073 - quanttool.infrastructure.data_providers.data_fetcher - INFO - Fetching 600309.SH from Ashare (primary source)
2026-03-05 00:38:16,160 - quanttool.infrastructure.data_providers.data_fetcher - INFO - Successfully fetched 239 bars from Ashare for 600183.SH
2026-03-05 00:38:16,163 - quanttool.infrastructure.cache.local_cache - INFO - Cached 239 rows for 600183.SH (16865 bytes)
2026-03-05 00:38:16,163 - quanttool.infrastructure.data_providers.data_fetcher - INFO - Fetching 600346.SH from Ashare (primary source)
2026-03-05 00:38:16,374 - quanttool.infrastructure.data_providers.data_fetcher - INFO - Successfully fetched 239 bars from Ashare for 600176.SH
2026-03-05 00:38:16,377 - quanttool.infrastructure.cache.local_cache - INFO - Cached 239 rows for 600176.SH (16033 bytes)
2026-03-05 00:38:16,377 - quanttool.infrastructure.data_providers.data_fetcher - INFO - Progress: 20/30 symbols fetched
2026-03-05 00:38:16,378 - quanttool.infrastructure.data_providers.data_fetcher - INFO - Fetching 600362.SH from Ashare (primary source)
2026-03-05 00:38:16,578 - quanttool.infrastructure.data_providers.data_fetcher - INFO - Successfully fetched 239 bars from Ashare for 600111.SH
2026-03-05 00:38:16,592 - quanttool.infrastructure.cache.local_cache - INFO - Cached 239 rows for 600111.SH (16670 bytes)
2026-03-05 00:38:16,711 - quanttool.infrastructure.data_providers.data_fetcher - INFO - Successfully fetched 239 bars from Ashare for 600161.SH
2026-03-05 00:38:16,722 - quanttool.infrastructure.cache.local_cache - INFO - Cached 239 rows for 600161.SH (15638 bytes)
2026-03-05 00:38:17,307 - quanttool.infrastructure.data_providers.data_fetcher - INFO - Successfully fetched 239 bars from Ashare for 600309.SH
2026-03-05 00:38:17,309 - quanttool.infrastructure.cache.local_cache - INFO - Cached 239 rows for 600309.SH (16580 bytes)
2026-03-05 00:38:17,366 - quanttool.infrastructure.data_providers.data_fetcher - INFO - Successfully fetched 239 bars from Ashare for 600346.SH
2026-03-05 00:38:17,370 - quanttool.infrastructure.cache.local_cache - INFO - Cached 239 rows for 600346.SH (16105 bytes)
2026-03-05 00:38:17,688 - quanttool.infrastructure.data_providers.data_fetcher - INFO - Successfully fetched 239 bars from Ashare for 600233.SH
2026-03-05 00:38:17,691 - quanttool.infrastructure.cache.local_cache - INFO - Cached 239 rows for 600233.SH (15712 bytes)
2026-03-05 00:38:17,792 - quanttool.infrastructure.data_providers.data_fetcher - INFO - Successfully fetched 239 bars from Ashare for 600188.SH
2026-03-05 00:38:17,795 - quanttool.infrastructure.cache.local_cache - INFO - Cached 239 rows for 600188.SH (15391 bytes)
2026-03-05 00:38:17,925 - quanttool.infrastructure.data_providers.data_fetcher - INFO - Successfully fetched 239 bars from Ashare for 600276.SH
2026-03-05 00:38:17,928 - quanttool.infrastructure.cache.local_cache - INFO - Cached 239 rows for 600276.SH (16699 bytes)
2026-03-05 00:38:18,086 - quanttool.infrastructure.data_providers.data_fetcher - INFO - Successfully fetched 239 bars from Ashare for 600362.SH
2026-03-05 00:38:18,089 - quanttool.infrastructure.cache.local_cache - INFO - Cached 239 rows for 600362.SH (16678 bytes)
2026-03-05 00:38:18,231 - quanttool.infrastructure.data_providers.data_fetcher - INFO - Successfully fetched 239 bars from Ashare for 600219.SH
2026-03-05 00:38:18,233 - quanttool.infrastructure.cache.local_cache - INFO - Cached 239 rows for 600219.SH (14691 bytes)
2026-03-05 00:38:18,453 - quanttool.infrastructure.data_providers.data_fetcher - INFO - Successfully fetched 239 bars from Ashare for 600196.SH
2026-03-05 00:38:18,456 - quanttool.infrastructure.cache.local_cache - INFO - Cached 239 rows for 600196.SH (16085 bytes)
2026-03-05 00:38:18,456 - quanttool.infrastructure.data_providers.data_fetcher - INFO - Progress: 30/30 symbols fetched
2026-03-05 00:38:18,456 - quanttool.infrastructure.data_providers.data_fetcher - INFO - Parallel fetch completed: 30/30 symbols successful
2026-03-05 00:38:18,457 - quanttool.infrastructure.data_providers.data_fetcher - INFO - Cache hit: 0/30 symbols
2026-03-05 00:38:18,458 - quanttool.infrastructure.data_providers.data_fetcher - INFO - Fetching 600372.SH from Ashare (primary source)
2026-03-05 00:38:18,458 - quanttool.infrastructure.data_providers.data_fetcher - INFO - Fetching 600377.SH from Ashare (primary source)
2026-03-05 00:38:18,459 - quanttool.infrastructure.data_providers.data_fetcher - INFO - Fetching 600406.SH from Ashare (primary source)
2026-03-05 00:38:18,459 - quanttool.infrastructure.data_providers.data_fetcher - INFO - Fetching 600415.SH from Ashare (primary source)
2026-03-05 00:38:18,459 - quanttool.infrastructure.data_providers.data_fetcher - INFO - Fetching 600426.SH from Ashare (primary source)
2026-03-05 00:38:18,460 - quanttool.infrastructure.data_providers.data_fetcher - INFO - Fetching 600436.SH from Ashare (primary source)
2026-03-05 00:38:18,461 - quanttool.infrastructure.data_providers.data_fetcher - INFO - Fetching 600438.SH from Ashare (primary source)
2026-03-05 00:38:18,461 - quanttool.infrastructure.data_providers.data_fetcher - INFO - Fetching 600460.SH from Ashare (primary source)
2026-03-05 00:38:18,462 - quanttool.infrastructure.data_providers.data_fetcher - INFO - Fetching 600482.SH from Ashare (primary source)
2026-03-05 00:38:18,462 - quanttool.infrastructure.data_providers.data_fetcher - INFO - Fetching 600489.SH from Ashare (primary source)
2026-03-05 00:38:19,937 - quanttool.infrastructure.data_providers.data_fetcher - INFO - Successfully fetched 239 bars from Ashare for 600377.SH
2026-03-05 00:38:19,939 - quanttool.infrastructure.cache.local_cache - INFO - Cached 239 rows for 600377.SH (15534 bytes)
2026-03-05 00:38:19,940 - quanttool.infrastructure.data_providers.data_fetcher - INFO - Fetching 600515.SH from Ashare (primary source)
2026-03-05 00:38:20,379 - quanttool.infrastructure.data_providers.data_fetcher - INFO - Successfully fetched 239 bars from Ashare for 600489.SH
2026-03-05 00:38:20,382 - quanttool.infrastructure.cache.local_cache - INFO - Cached 239 rows for 600489.SH (16231 bytes)
2026-03-05 00:38:20,383 - quanttool.infrastructure.data_providers.data_fetcher - INFO - Fetching 600519.SH from Ashare (primary source)
2026-03-05 00:38:20,547 - quanttool.infrastructure.data_providers.data_fetcher - INFO - Successfully fetched 233 bars from Ashare for 600438.SH
2026-03-05 00:38:20,550 - quanttool.infrastructure.cache.local_cache - INFO - Cached 233 rows for 600438.SH (16127 bytes)
2026-03-05 00:38:20,550 - quanttool.infrastructure.data_providers.data_fetcher - INFO - Fetching 600522.SH from Ashare (primary source)
2026-03-05 00:38:20,657 - quanttool.infrastructure.data_providers.data_fetcher - INFO - Successfully fetched 239 bars from Ashare for 600372.SH
2026-03-05 00:38:20,660 - quanttool.infrastructure.cache.local_cache - INFO - Cached 239 rows for 600372.SH (15242 bytes)
2026-03-05 00:38:20,660 - quanttool.infrastructure.data_providers.data_fetcher - INFO - Fetching 600547.SH from Ashare (primary source)
2026-03-05 00:38:20,809 - quanttool.infrastructure.data_providers.data_fetcher - INFO - Successfully fetched 239 bars from Ashare for 600460.SH
2026-03-05 00:38:20,811 - quanttool.infrastructure.cache.local_cache - INFO - Cached 239 rows for 600460.SH (16255 bytes)
2026-03-05 00:38:20,812 - quanttool.infrastructure.data_providers.data_fetcher - INFO - Fetching 600570.SH from Ashare (primary source)
2026-03-05 00:38:20,944 - quanttool.infrastructure.data_providers.data_fetcher - INFO - Successfully fetched 239 bars from Ashare for 600406.SH
2026-03-05 00:38:20,948 - quanttool.infrastructure.cache.local_cache - INFO - Cached 239 rows for 600406.SH (15448 bytes)
2026-03-05 00:38:20,948 - quanttool.infrastructure.data_providers.data_fetcher - INFO - Fetching 600584.SH from Ashare (primary source)
2026-03-05 00:38:20,999 - quanttool.infrastructure.data_providers.data_fetcher - INFO - Successfully fetched 239 bars from Ashare for 600482.SH
2026-03-05 00:38:21,002 - quanttool.infrastructure.cache.local_cache - INFO - Cached 239 rows for 600482.SH (15953 bytes)
2026-03-05 00:38:21,002 - quanttool.infrastructure.data_providers.data_fetcher - INFO - Fetching 600585.SH from Ashare (primary source)
2026-03-05 00:38:21,149 - quanttool.infrastructure.data_providers.data_fetcher - INFO - Successfully fetched 239 bars from Ashare for 600436.SH
2026-03-05 00:38:21,152 - quanttool.infrastructure.cache.local_cache - INFO - Cached 239 rows for 600436.SH (16338 bytes)
2026-03-05 00:38:21,152 - quanttool.infrastructure.data_providers.data_fetcher - INFO - Fetching 600588.SH from Ashare (primary source)
2026-03-05 00:38:21,309 - quanttool.infrastructure.data_providers.data_fetcher - INFO - Successfully fetched 239 bars from Ashare for 600426.SH
2026-03-05 00:38:21,313 - quanttool.infrastructure.cache.local_cache - INFO - Cached 239 rows for 600426.SH (16331 bytes)
2026-03-05 00:38:21,314 - quanttool.infrastructure.data_providers.data_fetcher - INFO - Fetching 600600.SH from Ashare (primary source)
2026-03-05 00:38:21,419 - quanttool.infrastructure.data_providers.data_fetcher - INFO - Successfully fetched 239 bars from Ashare for 600415.SH
2026-03-05 00:38:21,422 - quanttool.infrastructure.cache.local_cache - INFO - Cached 239 rows for 600415.SH (16171 bytes)
2026-03-05 00:38:21,422 - quanttool.infrastructure.data_providers.data_fetcher - INFO - Progress: 10/30 symbols fetched
2026-03-05 00:38:21,423 - quanttool.infrastructure.data_providers.data_fetcher - INFO - Fetching 600660.SH from Ashare (primary source)
2026-03-05 00:38:21,681 - quanttool.infrastructure.data_providers.data_fetcher - INFO - Successfully fetched 239 bars from Ashare for 600519.SH
2026-03-05 00:38:21,685 - quanttool.infrastructure.cache.local_cache - INFO - Cached 239 rows for 600519.SH (16344 bytes)
2026-03-05 00:38:21,685 - quanttool.infrastructure.data_providers.data_fetcher - INFO - Fetching 600674.SH from Ashare (primary source)
2026-03-05 00:38:22,112 - quanttool.infrastructure.data_providers.data_fetcher - INFO - Successfully fetched 239 bars from Ashare for 600570.SH
2026-03-05 00:38:22,114 - quanttool.infrastructure.cache.local_cache - INFO - Cached 239 rows for 600570.SH (16480 bytes)
2026-03-05 00:38:22,115 - quanttool.infrastructure.data_providers.data_fetcher - INFO - Fetching 600690.SH from Ashare (primary source)
2026-03-05 00:38:22,506 - quanttool.infrastructure.data_providers.data_fetcher - INFO - Successfully fetched 239 bars from Ashare for 600584.SH
2026-03-05 00:38:22,509 - quanttool.infrastructure.cache.local_cache - INFO - Cached 239 rows for 600584.SH (16459 bytes)
2026-03-05 00:38:22,509 - quanttool.infrastructure.data_providers.data_fetcher - INFO - Fetching 600741.SH from Ashare (primary source)
2026-03-05 00:38:22,583 - quanttool.infrastructure.data_providers.data_fetcher - INFO - Successfully fetched 239 bars from Ashare for 600588.SH
2026-03-05 00:38:22,586 - quanttool.infrastructure.cache.local_cache - INFO - Cached 239 rows for 600588.SH (15664 bytes)
2026-03-05 00:38:22,587 - quanttool.infrastructure.data_providers.data_fetcher - INFO - Fetching 600760.SH from Ashare (primary source)
2026-03-05 00:38:22,601 - quanttool.infrastructure.data_providers.data_fetcher - INFO - Successfully fetched 239 bars from Ashare for 600515.SH
2026-03-05 00:38:22,604 - quanttool.infrastructure.cache.local_cache - INFO - Cached 239 rows for 600515.SH (14765 bytes)
2026-03-05 00:38:22,605 - quanttool.infrastructure.data_providers.data_fetcher - INFO - Fetching 600795.SH from Ashare (primary source)
2026-03-05 00:38:22,730 - quanttool.infrastructure.data_providers.data_fetcher - INFO - Successfully fetched 239 bars from Ashare for 600522.SH
2026-03-05 00:38:22,735 - quanttool.infrastructure.cache.local_cache - INFO - Cached 239 rows for 600522.SH (16175 bytes)
2026-03-05 00:38:22,736 - quanttool.infrastructure.data_providers.data_fetcher - INFO - Fetching 600803.SH from Ashare (primary source)
2026-03-05 00:38:22,942 - quanttool.infrastructure.data_providers.data_fetcher - INFO - Successfully fetched 239 bars from Ashare for 600585.SH
2026-03-05 00:38:22,945 - quanttool.infrastructure.cache.local_cache - INFO - Cached 239 rows for 600585.SH (15694 bytes)
2026-03-05 00:38:22,946 - quanttool.infrastructure.data_providers.data_fetcher - INFO - Fetching 600809.SH from Ashare (primary source)
2026-03-05 00:38:23,353 - quanttool.infrastructure.data_providers.data_fetcher - INFO - Successfully fetched 239 bars from Ashare for 600674.SH
2026-03-05 00:38:23,356 - quanttool.infrastructure.cache.local_cache - INFO - Cached 239 rows for 600674.SH (15397 bytes)
2026-03-05 00:38:23,356 - quanttool.infrastructure.data_providers.data_fetcher - INFO - Fetching 600845.SH from Ashare (primary source)
2026-03-05 00:38:23,373 - quanttool.infrastructure.data_providers.data_fetcher - INFO - Successfully fetched 239 bars from Ashare for 600547.SH
2026-03-05 00:38:23,376 - quanttool.infrastructure.cache.local_cache - INFO - Cached 239 rows for 600547.SH (16592 bytes)
2026-03-05 00:38:23,376 - quanttool.infrastructure.data_providers.data_fetcher - INFO - Fetching 600875.SH from Ashare (primary source)
2026-03-05 00:38:23,758 - quanttool.infrastructure.data_providers.data_fetcher - INFO - Successfully fetched 239 bars from Ashare for 600600.SH
2026-03-05 00:38:23,761 - quanttool.infrastructure.cache.local_cache - INFO - Cached 239 rows for 600600.SH (16285 bytes)
2026-03-05 00:38:23,761 - quanttool.infrastructure.data_providers.data_fetcher - INFO - Progress: 20/30 symbols fetched
2026-03-05 00:38:23,761 - quanttool.infrastructure.data_providers.data_fetcher - INFO - Fetching 600886.SH from Ashare (primary source)
2026-03-05 00:38:23,933 - quanttool.infrastructure.data_providers.data_fetcher - INFO - Successfully fetched 239 bars from Ashare for 600660.SH
2026-03-05 00:38:23,936 - quanttool.infrastructure.cache.local_cache - INFO - Cached 239 rows for 600660.SH (16441 bytes)
2026-03-05 00:38:24,026 - quanttool.infrastructure.data_providers.data_fetcher - INFO - Successfully fetched 239 bars from Ashare for 600690.SH
2026-03-05 00:38:24,029 - quanttool.infrastructure.cache.local_cache - INFO - Cached 239 rows for 600690.SH (15481 bytes)
2026-03-05 00:38:24,091 - quanttool.infrastructure.data_providers.data_fetcher - INFO - Successfully fetched 239 bars from Ashare for 600795.SH
2026-03-05 00:38:24,093 - quanttool.infrastructure.cache.local_cache - INFO - Cached 239 rows for 600795.SH (14178 bytes)
2026-03-05 00:38:24,524 - quanttool.infrastructure.data_providers.data_fetcher - INFO - Successfully fetched 233 bars from Ashare for 600803.SH
2026-03-05 00:38:24,529 - quanttool.infrastructure.cache.local_cache - INFO - Cached 233 rows for 600803.SH (15214 bytes)
2026-03-05 00:38:24,542 - quanttool.infrastructure.data_providers.data_fetcher - INFO - Successfully fetched 239 bars from Ashare for 600845.SH
2026-03-05 00:38:24,545 - quanttool.infrastructure.cache.local_cache - INFO - Cached 239 rows for 600845.SH (16148 bytes)
2026-03-05 00:38:24,678 - quanttool.infrastructure.data_providers.data_fetcher - INFO - Successfully fetched 239 bars from Ashare for 600875.SH
2026-03-05 00:38:24,681 - quanttool.infrastructure.cache.local_cache - INFO - Cached 239 rows for 600875.SH (16378 bytes)
2026-03-05 00:38:25,017 - quanttool.infrastructure.data_providers.data_fetcher - INFO - Successfully fetched 239 bars from Ashare for 600760.SH
2026-03-05 00:38:25,020 - quanttool.infrastructure.cache.local_cache - INFO - Cached 239 rows for 600760.SH (16640 bytes)
2026-03-05 00:38:25,354 - quanttool.infrastructure.data_providers.data_fetcher - INFO - Successfully fetched 239 bars from Ashare for 600809.SH
2026-03-05 00:38:25,357 - quanttool.infrastructure.cache.local_cache - INFO - Cached 239 rows for 600809.SH (16583 bytes)
2026-03-05 00:38:25,395 - quanttool.infrastructure.data_providers.data_fetcher - INFO - Successfully fetched 239 bars from Ashare for 600741.SH
2026-03-05 00:38:25,398 - quanttool.infrastructure.cache.local_cache - INFO - Cached 239 rows for 600741.SH (15492 bytes)
2026-03-05 00:38:26,077 - quanttool.infrastructure.data_providers.data_fetcher - INFO - Successfully fetched 239 bars from Ashare for 600886.SH
2026-03-05 00:38:26,080 - quanttool.infrastructure.cache.local_cache - INFO - Cached 239 rows for 600886.SH (15301 bytes)
2026-03-05 00:38:26,080 - quanttool.infrastructure.data_providers.data_fetcher - INFO - Progress: 30/30 symbols fetched
2026-03-05 00:38:26,081 - quanttool.infrastructure.data_providers.data_fetcher - INFO - Parallel fetch completed: 30/30 symbols successful
2026-03-05 00:38:26,081 - quanttool.infrastructure.data_providers.data_fetcher - INFO - Cache hit: 0/30 symbols
2026-03-05 00:38:26,082 - quanttool.infrastructure.data_providers.data_fetcher - INFO - Fetching 600887.SH from Ashare (primary source)
2026-03-05 00:38:26,082 - quanttool.infrastructure.data_providers.data_fetcher - INFO - Fetching 600893.SH from Ashare (primary source)
2026-03-05 00:38:26,082 - quanttool.infrastructure.data_providers.data_fetcher - INFO - Fetching 600900.SH from Ashare (primary source)
2026-03-05 00:38:26,083 - quanttool.infrastructure.data_providers.data_fetcher - INFO - Fetching 600905.SH from Ashare (primary source)
2026-03-05 00:38:26,083 - quanttool.infrastructure.data_providers.data_fetcher - INFO - Fetching 600918.SH from Ashare (primary source)
2026-03-05 00:38:26,084 - quanttool.infrastructure.data_providers.data_fetcher - INFO - Fetching 600919.SH from Ashare (primary source)
2026-03-05 00:38:26,084 - quanttool.infrastructure.data_providers.data_fetcher - INFO - Fetching 600926.SH from Ashare (primary source)
2026-03-05 00:38:26,084 - quanttool.infrastructure.data_providers.data_fetcher - INFO - Fetching 600930.SH from Ashare (primary source)
2026-03-05 00:38:26,084 - quanttool.infrastructure.data_providers.data_fetcher - INFO - Fetching 600938.SH from Ashare (primary source)
2026-03-05 00:38:26,085 - quanttool.infrastructure.data_providers.data_fetcher - INFO - Fetching 600941.SH from Ashare (primary source)
2026-03-05 00:38:27,254 - quanttool.infrastructure.data_providers.data_fetcher - INFO - Successfully fetched 239 bars from Ashare for 600918.SH
2026-03-05 00:38:27,258 - quanttool.infrastructure.cache.local_cache - INFO - Cached 239 rows for 600918.SH (13996 bytes)
2026-03-05 00:38:27,258 - quanttool.infrastructure.data_providers.data_fetcher - INFO - Fetching 600958.SH from Ashare (primary source)
2026-03-05 00:38:27,376 - quanttool.infrastructure.data_providers.data_fetcher - INFO - Successfully fetched 239 bars from Ashare for 600919.SH
2026-03-05 00:38:27,379 - quanttool.infrastructure.cache.local_cache - INFO - Cached 239 rows for 600919.SH (15300 bytes)
2026-03-05 00:38:27,379 - quanttool.infrastructure.data_providers.data_fetcher - INFO - Fetching 600989.SH from Ashare (primary source)
2026-03-05 00:38:27,530 - quanttool.infrastructure.data_providers.data_fetcher - INFO - Successfully fetched 152 bars from Ashare for 600930.SH
2026-03-05 00:38:27,533 - quanttool.infrastructure.cache.local_cache - INFO - Cached 152 rows for 600930.SH (11021 bytes)
2026-03-05 00:38:27,534 - quanttool.infrastructure.data_providers.data_fetcher - INFO - Fetching 600999.SH from Ashare (primary source)
2026-03-05 00:38:27,937 - quanttool.infrastructure.data_providers.data_fetcher - INFO - Successfully fetched 239 bars from Ashare for 600887.SH
2026-03-05 00:38:27,940 - quanttool.infrastructure.cache.local_cache - INFO - Cached 239 rows for 600887.SH (15532 bytes)
2026-03-05 00:38:27,941 - quanttool.infrastructure.data_providers.data_fetcher - INFO - Fetching 601006.SH from Ashare (primary source)
2026-03-05 00:38:27,968 - quanttool.infrastructure.data_providers.data_fetcher - INFO - Successfully fetched 239 bars from Ashare for 600893.SH
2026-03-05 00:38:27,971 - quanttool.infrastructure.cache.local_cache - INFO - Cached 239 rows for 600893.SH (16389 bytes)
2026-03-05 00:38:27,971 - quanttool.infrastructure.data_providers.data_fetcher - INFO - Fetching 601009.SH from Ashare (primary source)
2026-03-05 00:38:28,126 - quanttool.infrastructure.data_providers.data_fetcher - INFO - Successfully fetched 239 bars from Ashare for 600941.SH
2026-03-05 00:38:28,129 - quanttool.infrastructure.cache.local_cache - INFO - Cached 239 rows for 600941.SH (16351 bytes)
2026-03-05 00:38:28,129 - quanttool.infrastructure.data_providers.data_fetcher - INFO - Fetching 601012.SH from Ashare (primary source)
2026-03-05 00:38:28,573 - quanttool.infrastructure.data_providers.data_fetcher - INFO - Successfully fetched 239 bars from Ashare for 600938.SH
2026-03-05 00:38:28,576 - quanttool.infrastructure.cache.local_cache - INFO - Cached 239 rows for 600938.SH (15789 bytes)
2026-03-05 00:38:28,577 - quanttool.infrastructure.data_providers.data_fetcher - INFO - Fetching 601018.SH from Ashare (primary source)
2026-03-05 00:38:28,626 - quanttool.infrastructure.data_providers.data_fetcher - INFO - Successfully fetched 239 bars from Ashare for 600989.SH
2026-03-05 00:38:28,631 - quanttool.infrastructure.cache.local_cache - INFO - Cached 239 rows for 600989.SH (15970 bytes)
2026-03-05 00:38:28,631 - quanttool.infrastructure.data_providers.data_fetcher - INFO - Fetching 601021.SH from Ashare (primary source)
2026-03-05 00:38:28,653 - quanttool.infrastructure.data_providers.data_fetcher - INFO - Successfully fetched 239 bars from Ashare for 600900.SH
2026-03-05 00:38:28,656 - quanttool.infrastructure.cache.local_cache - INFO - Cached 239 rows for 600900.SH (15693 bytes)
2026-03-05 00:38:28,656 - quanttool.infrastructure.data_providers.data_fetcher - INFO - Fetching 601058.SH from Ashare (primary source)
2026-03-05 00:38:28,806 - quanttool.infrastructure.data_providers.data_fetcher - INFO - Successfully fetched 239 bars from Ashare for 600905.SH
2026-03-05 00:38:28,809 - quanttool.infrastructure.cache.local_cache - INFO - Cached 239 rows for 600905.SH (12805 bytes)
2026-03-05 00:38:28,809 - quanttool.infrastructure.data_providers.data_fetcher - INFO - Progress: 10/30 symbols fetched
2026-03-05 00:38:28,810 - quanttool.infrastructure.data_providers.data_fetcher - INFO - Fetching 601059.SH from Ashare (primary source)
2026-03-05 00:38:29,148 - quanttool.infrastructure.data_providers.data_fetcher - INFO - Successfully fetched 239 bars from Ashare for 600926.SH
2026-03-05 00:38:29,152 - quanttool.infrastructure.data_providers.data_fetcher - INFO - Successfully fetched 239 bars from Ashare for 600999.SH
2026-03-05 00:38:29,156 - quanttool.infrastructure.cache.local_cache - INFO - Cached 239 rows for 600926.SH (15280 bytes)
2026-03-05 00:38:29,157 - quanttool.infrastructure.cache.local_cache - INFO - Cached 239 rows for 600999.SH (15138 bytes)
2026-03-05 00:38:29,157 - quanttool.infrastructure.data_providers.data_fetcher - INFO - Fetching 601066.SH from Ashare (primary source)
2026-03-05 00:38:29,158 - quanttool.infrastructure.data_providers.data_fetcher - INFO - Fetching 601077.SH from Ashare (primary source)
2026-03-05 00:38:29,448 - quanttool.infrastructure.data_providers.data_fetcher - INFO - Successfully fetched 239 bars from Ashare for 601006.SH
2026-03-05 00:38:29,450 - quanttool.infrastructure.cache.local_cache - INFO - Cached 239 rows for 601006.SH (14177 bytes)
2026-03-05 00:38:29,451 - quanttool.infrastructure.data_providers.data_fetcher - INFO - Fetching 601088.SH from Ashare (primary source)
2026-03-05 00:38:29,929 - quanttool.infrastructure.data_providers.data_fetcher - INFO - Successfully fetched 239 bars from Ashare for 600958.SH
2026-03-05 00:38:29,932 - quanttool.infrastructure.cache.local_cache - INFO - Cached 239 rows for 600958.SH (15343 bytes)
2026-03-05 00:38:29,932 - quanttool.infrastructure.data_providers.data_fetcher - INFO - Fetching 601100.SH from Ashare (primary source)
2026-03-05 00:38:30,053 - quanttool.infrastructure.data_providers.data_fetcher - INFO - Successfully fetched 239 bars from Ashare for 601009.SH
2026-03-05 00:38:30,059 - quanttool.infrastructure.cache.local_cache - INFO - Cached 239 rows for 601009.SH (14758 bytes)
2026-03-05 00:38:30,059 - quanttool.infrastructure.data_providers.data_fetcher - INFO - Fetching 601111.SH from Ashare (primary source)
2026-03-05 00:38:30,160 - quanttool.infrastructure.data_providers.data_fetcher - INFO - Successfully fetched 239 bars from Ashare for 601012.SH
2026-03-05 00:38:30,163 - quanttool.infrastructure.cache.local_cache - INFO - Cached 239 rows for 601012.SH (16027 bytes)
2026-03-05 00:38:30,164 - quanttool.infrastructure.data_providers.data_fetcher - INFO - Fetching 601117.SH from Ashare (primary source)
2026-03-05 00:38:30,813 - quanttool.infrastructure.data_providers.data_fetcher - INFO - Successfully fetched 239 bars from Ashare for 601018.SH
2026-03-05 00:38:30,816 - quanttool.infrastructure.cache.local_cache - INFO - Cached 239 rows for 601018.SH (13204 bytes)
2026-03-05 00:38:30,816 - quanttool.infrastructure.data_providers.data_fetcher - INFO - Fetching 601127.SH from Ashare (primary source)
2026-03-05 00:38:30,866 - quanttool.infrastructure.data_providers.data_fetcher - INFO - Successfully fetched 239 bars from Ashare for 601021.SH
2026-03-05 00:38:30,868 - quanttool.infrastructure.cache.local_cache - INFO - Cached 239 rows for 601021.SH (15967 bytes)
2026-03-05 00:38:30,869 - quanttool.infrastructure.data_providers.data_fetcher - INFO - Fetching 601136.SH from Ashare (primary source)
2026-03-05 00:38:31,088 - quanttool.infrastructure.data_providers.data_fetcher - INFO - Successfully fetched 239 bars from Ashare for 601058.SH
2026-03-05 00:38:31,090 - quanttool.infrastructure.cache.local_cache - INFO - Cached 239 rows for 601058.SH (15796 bytes)
2026-03-05 00:38:31,091 - quanttool.infrastructure.data_providers.data_fetcher - INFO - Fetching 601138.SH from Ashare (primary source)
2026-03-05 00:38:31,177 - quanttool.infrastructure.data_providers.data_fetcher - INFO - Successfully fetched 239 bars from Ashare for 601066.SH
2026-03-05 00:38:31,179 - quanttool.infrastructure.cache.local_cache - INFO - Cached 239 rows for 601066.SH (15738 bytes)
2026-03-05 00:38:31,180 - quanttool.infrastructure.data_providers.data_fetcher - INFO - Fetching 601166.SH from Ashare (primary source)
2026-03-05 00:38:31,180 - quanttool.infrastructure.data_providers.data_fetcher - INFO - Progress: 20/30 symbols fetched
2026-03-05 00:38:31,233 - quanttool.infrastructure.data_providers.data_fetcher - INFO - Successfully fetched 219 bars from Ashare for 601059.SH
2026-03-05 00:38:31,237 - quanttool.infrastructure.cache.local_cache - INFO - Cached 219 rows for 601059.SH (15079 bytes)
2026-03-05 00:38:31,610 - quanttool.infrastructure.data_providers.data_fetcher - INFO - Successfully fetched 239 bars from Ashare for 601077.SH
2026-03-05 00:38:31,613 - quanttool.infrastructure.cache.local_cache - INFO - Cached 239 rows for 601077.SH (14343 bytes)
2026-03-05 00:38:32,109 - quanttool.infrastructure.data_providers.data_fetcher - INFO - Successfully fetched 229 bars from Ashare for 601088.SH
2026-03-05 00:38:32,112 - quanttool.infrastructure.cache.local_cache - INFO - Cached 229 rows for 601088.SH (15562 bytes)
2026-03-05 00:38:32,470 - quanttool.infrastructure.data_providers.data_fetcher - INFO - Successfully fetched 239 bars from Ashare for 601166.SH
2026-03-05 00:38:32,474 - quanttool.infrastructure.cache.local_cache - INFO - Cached 239 rows for 601166.SH (15914 bytes)
2026-03-05 00:38:32,642 - quanttool.infrastructure.data_providers.data_fetcher - INFO - Successfully fetched 239 bars from Ashare for 601127.SH
2026-03-05 00:38:32,646 - quanttool.infrastructure.cache.local_cache - INFO - Cached 239 rows for 601127.SH (16570 bytes)
2026-03-05 00:38:32,755 - quanttool.infrastructure.data_providers.data_fetcher - INFO - Successfully fetched 239 bars from Ashare for 601100.SH
2026-03-05 00:38:32,763 - quanttool.infrastructure.data_providers.data_fetcher - INFO - Successfully fetched 239 bars from Ashare for 601136.SH
2026-03-05 00:38:32,763 - quanttool.infrastructure.cache.local_cache - INFO - Cached 239 rows for 601100.SH (16745 bytes)
2026-03-05 00:38:32,766 - quanttool.infrastructure.cache.local_cache - INFO - Cached 239 rows for 601136.SH (15710 bytes)
2026-03-05 00:38:32,834 - quanttool.infrastructure.data_providers.data_fetcher - INFO - Successfully fetched 239 bars from Ashare for 601138.SH
2026-03-05 00:38:32,845 - quanttool.infrastructure.cache.local_cache - INFO - Cached 239 rows for 601138.SH (16796 bytes)
2026-03-05 00:38:32,935 - quanttool.infrastructure.data_providers.data_fetcher - INFO - Successfully fetched 239 bars from Ashare for 601117.SH
2026-03-05 00:38:32,938 - quanttool.infrastructure.cache.local_cache - INFO - Cached 239 rows for 601117.SH (14299 bytes)
2026-03-05 00:38:32,967 - quanttool.infrastructure.data_providers.data_fetcher - INFO - Successfully fetched 239 bars from Ashare for 601111.SH
2026-03-05 00:38:32,970 - quanttool.infrastructure.cache.local_cache - INFO - Cached 239 rows for 601111.SH (14711 bytes)
2026-03-05 00:38:32,970 - quanttool.infrastructure.data_providers.data_fetcher - INFO - Progress: 30/30 symbols fetched
2026-03-05 00:38:32,970 - quanttool.infrastructure.data_providers.data_fetcher - INFO - Parallel fetch completed: 30/30 symbols successful
2026-03-05 00:38:32,971 - quanttool.infrastructure.data_providers.data_fetcher - INFO - Cache hit: 0/30 symbols
2026-03-05 00:38:32,971 - quanttool.infrastructure.data_providers.data_fetcher - INFO - Fetching 601169.SH from Ashare (primary source)
2026-03-05 00:38:32,972 - quanttool.infrastructure.data_providers.data_fetcher - INFO - Fetching 601186.SH from Ashare (primary source)
2026-03-05 00:38:32,972 - quanttool.infrastructure.data_providers.data_fetcher - INFO - Fetching 601211.SH from Ashare (primary source)
2026-03-05 00:38:32,973 - quanttool.infrastructure.data_providers.data_fetcher - INFO - Fetching 601225.SH from Ashare (primary source)
2026-03-05 00:38:32,973 - quanttool.infrastructure.data_providers.data_fetcher - INFO - Fetching 601229.SH from Ashare (primary source)
2026-03-05 00:38:32,974 - quanttool.infrastructure.data_providers.data_fetcher - INFO - Fetching 601236.SH from Ashare (primary source)
2026-03-05 00:38:32,974 - quanttool.infrastructure.data_providers.data_fetcher - INFO - Fetching 601238.SH from Ashare (primary source)
2026-03-05 00:38:32,974 - quanttool.infrastructure.data_providers.data_fetcher - INFO - Fetching 601288.SH from Ashare (primary source)
2026-03-05 00:38:32,975 - quanttool.infrastructure.data_providers.data_fetcher - INFO - Fetching 601298.SH from Ashare (primary source)
2026-03-05 00:38:32,975 - quanttool.infrastructure.data_providers.data_fetcher - INFO - Fetching 601318.SH from Ashare (primary source)
2026-03-05 00:38:34,286 - quanttool.infrastructure.data_providers.data_fetcher - INFO - Successfully fetched 239 bars from Ashare for 601229.SH
2026-03-05 00:38:34,289 - quanttool.infrastructure.cache.local_cache - INFO - Cached 239 rows for 601229.SH (14876 bytes)
2026-03-05 00:38:34,290 - quanttool.infrastructure.data_providers.data_fetcher - INFO - Fetching 601319.SH from Ashare (primary source)
2026-03-05 00:38:34,426 - quanttool.infrastructure.data_providers.data_fetcher - INFO - Successfully fetched 239 bars from Ashare for 601288.SH
2026-03-05 00:38:34,429 - quanttool.infrastructure.cache.local_cache - INFO - Cached 239 rows for 601288.SH (15235 bytes)
2026-03-05 00:38:34,430 - quanttool.infrastructure.data_providers.data_fetcher - INFO - Fetching 601328.SH from Ashare (primary source)
2026-03-05 00:38:34,505 - quanttool.infrastructure.data_providers.data_fetcher - INFO - Successfully fetched 239 bars from Ashare for 601169.SH
2026-03-05 00:38:34,508 - quanttool.infrastructure.cache.local_cache - INFO - Cached 239 rows for 601169.SH (14385 bytes)
2026-03-05 00:38:34,508 - quanttool.infrastructure.data_providers.data_fetcher - INFO - Fetching 601336.SH from Ashare (primary source)
2026-03-05 00:38:34,785 - quanttool.infrastructure.data_providers.data_fetcher - INFO - Successfully fetched 239 bars from Ashare for 601186.SH
2026-03-05 00:38:34,790 - quanttool.infrastructure.data_providers.data_fetcher - INFO - Successfully fetched 239 bars from Ashare for 601318.SH
2026-03-05 00:38:34,793 - quanttool.infrastructure.cache.local_cache - INFO - Cached 239 rows for 601186.SH (13932 bytes)
2026-03-05 00:38:34,794 - quanttool.infrastructure.cache.local_cache - INFO - Cached 239 rows for 601318.SH (16580 bytes)
2026-03-05 00:38:34,794 - quanttool.infrastructure.data_providers.data_fetcher - INFO - Fetching 601360.SH from Ashare (primary source)
2026-03-05 00:38:34,794 - quanttool.infrastructure.data_providers.data_fetcher - INFO - Fetching 601377.SH from Ashare (primary source)
2026-03-05 00:38:34,992 - quanttool.infrastructure.data_providers.data_fetcher - INFO - Successfully fetched 239 bars from Ashare for 601236.SH
2026-03-05 00:38:34,995 - quanttool.infrastructure.cache.local_cache - INFO - Cached 239 rows for 601236.SH (14708 bytes)
2026-03-05 00:38:34,995 - quanttool.infrastructure.data_providers.data_fetcher - INFO - Fetching 601390.SH from Ashare (primary source)
2026-03-05 00:38:35,088 - quanttool.infrastructure.data_providers.data_fetcher - INFO - Successfully fetched 239 bars from Ashare for 601225.SH
2026-03-05 00:38:35,092 - quanttool.infrastructure.cache.local_cache - INFO - Cached 239 rows for 601225.SH (15798 bytes)
2026-03-05 00:38:35,092 - quanttool.infrastructure.data_providers.data_fetcher - INFO - Fetching 601398.SH from Ashare (primary source)
2026-03-05 00:38:35,142 - quanttool.infrastructure.data_providers.data_fetcher - INFO - Successfully fetched 239 bars from Ashare for 601211.SH
2026-03-05 00:38:35,145 - quanttool.infrastructure.cache.local_cache - INFO - Cached 239 rows for 601211.SH (15878 bytes)
2026-03-05 00:38:35,145 - quanttool.infrastructure.data_providers.data_fetcher - INFO - Fetching 601456.SH from Ashare (primary source)
2026-03-05 00:38:35,775 - quanttool.infrastructure.data_providers.data_fetcher - INFO - Successfully fetched 239 bars from Ashare for 601238.SH
2026-03-05 00:38:35,777 - quanttool.infrastructure.cache.local_cache - INFO - Cached 239 rows for 601238.SH (14148 bytes)
2026-03-05 00:38:35,778 - quanttool.infrastructure.data_providers.data_fetcher - INFO - Fetching 601600.SH from Ashare (primary source)
2026-03-05 00:38:35,879 - quanttool.infrastructure.data_providers.data_fetcher - INFO - Successfully fetched 239 bars from Ashare for 601298.SH
2026-03-05 00:38:35,882 - quanttool.infrastructure.cache.local_cache - INFO - Cached 239 rows for 601298.SH (14179 bytes)
2026-03-05 00:38:35,882 - quanttool.infrastructure.data_providers.data_fetcher - INFO - Progress: 10/30 symbols fetched
2026-03-05 00:38:35,882 - quanttool.infrastructure.data_providers.data_fetcher - INFO - Fetching 601601.SH from Ashare (primary source)
2026-03-05 00:38:36,225 - quanttool.infrastructure.data_providers.data_fetcher - WARNING - 新浪数据获取失败: Expecting value: line 1 column 1 (char 0)
2026-03-05 00:38:36,254 - quanttool.infrastructure.data_providers.data_fetcher - WARNING - 新浪数据获取失败: Expecting value: line 1 column 1 (char 0)
2026-03-05 00:38:36,399 - quanttool.infrastructure.data_providers.data_fetcher - INFO - Successfully fetched 239 bars from Ashare for 601319.SH
2026-03-05 00:38:36,402 - quanttool.infrastructure.cache.local_cache - INFO - Cached 239 rows for 601319.SH (14938 bytes)
2026-03-05 00:38:36,403 - quanttool.infrastructure.data_providers.data_fetcher - INFO - Fetching 601607.SH from Ashare (primary source)
2026-03-05 00:38:36,693 - quanttool.infrastructure.data_providers.data_fetcher - WARNING - 新浪数据获取失败: Expecting value: line 1 column 1 (char 0)
2026-03-05 00:38:37,126 - quanttool.infrastructure.data_providers.data_fetcher - INFO - Successfully fetched 239 bars from Ashare for 601360.SH
2026-03-05 00:38:37,131 - quanttool.infrastructure.cache.local_cache - INFO - Cached 239 rows for 601360.SH (15419 bytes)
2026-03-05 00:38:37,132 - quanttool.infrastructure.data_providers.data_fetcher - INFO - Fetching 601618.SH from Ashare (primary source)
2026-03-05 00:38:37,201 - quanttool.infrastructure.data_providers.data_fetcher - WARNING - 新浪数据获取失败: Expecting value: line 1 column 1 (char 0)
2026-03-05 00:38:37,403 - quanttool.infrastructure.data_providers.data_fetcher - INFO - Successfully fetched 239 bars from Ashare for 601456.SH
2026-03-05 00:38:37,406 - quanttool.infrastructure.cache.local_cache - INFO - Cached 239 rows for 601456.SH (15023 bytes)
2026-03-05 00:38:37,406 - quanttool.infrastructure.data_providers.data_fetcher - INFO - Fetching 601628.SH from Ashare (primary source)
2026-03-05 00:38:37,637 - quanttool.infrastructure.data_providers.data_fetcher - WARNING - 腾讯数据获取失败: 6 columns passed, passed data had 7 columns
2026-03-05 00:38:37,638 - quanttool.infrastructure.data_providers.data_fetcher - WARNING - Ashare returned no data for 601336.SH
2026-03-05 00:38:37,664 - quanttool.infrastructure.data_providers.data_fetcher - WARNING - 新浪数据获取失败: Expecting value: line 1 column 1 (char 0)
2026-03-05 00:38:37,974 - quanttool.infrastructure.data_providers.data_fetcher - INFO - Successfully fetched 239 bars from Ashare for 601601.SH
2026-03-05 00:38:37,977 - quanttool.infrastructure.cache.local_cache - INFO - Cached 239 rows for 601601.SH (16436 bytes)
2026-03-05 00:38:37,978 - quanttool.infrastructure.data_providers.data_fetcher - INFO - Fetching 601633.SH from Ashare (primary source)
2026-03-05 00:38:37,979 - quanttool.infrastructure.data_providers.data_fetcher - WARNING - 腾讯数据获取失败: 6 columns passed, passed data had 7 columns
2026-03-05 00:38:37,980 - quanttool.infrastructure.data_providers.data_fetcher - WARNING - Ashare returned no data for 601398.SH
2026-03-05 00:38:38,011 - quanttool.infrastructure.data_providers.data_fetcher - WARNING - 新浪数据获取失败: Expecting value: line 1 column 1 (char 0)
2026-03-05 00:38:38,454 - quanttool.infrastructure.data_providers.data_fetcher - INFO - Successfully fetched 239 bars from Ashare for 601618.SH
2026-03-05 00:38:38,457 - quanttool.infrastructure.cache.local_cache - INFO - Cached 239 rows for 601618.SH (13680 bytes)
2026-03-05 00:38:38,458 - quanttool.infrastructure.data_providers.data_fetcher - INFO - Fetching 601658.SH from Ashare (primary source)
2026-03-05 00:38:38,905 - quanttool.infrastructure.data_providers.data_fetcher - WARNING - 腾讯数据获取失败: 6 columns passed, passed data had 7 columns
2026-03-05 00:38:38,906 - quanttool.infrastructure.data_providers.data_fetcher - WARNING - Ashare returned no data for 601328.SH
2026-03-05 00:38:39,235 - quanttool.infrastructure.data_providers.data_fetcher - INFO - Successfully fetched 239 bars from Ashare for 601607.SH
2026-03-05 00:38:39,238 - quanttool.infrastructure.cache.local_cache - INFO - Cached 239 rows for 601607.SH (14842 bytes)
2026-03-05 00:38:39,238 - quanttool.infrastructure.data_providers.data_fetcher - INFO - Fetching 601668.SH from Ashare (primary source)
2026-03-05 00:38:39,257 - quanttool.infrastructure.data_providers.data_fetcher - WARNING - 腾讯数据获取失败: 6 columns passed, passed data had 7 columns
2026-03-05 00:38:39,258 - quanttool.infrastructure.data_providers.data_fetcher - WARNING - Ashare returned no data for 601390.SH
2026-03-05 00:38:39,458 - quanttool.infrastructure.data_providers.data_fetcher - WARNING - 腾讯数据获取失败: 6 columns passed, passed data had 7 columns
2026-03-05 00:38:39,459 - quanttool.infrastructure.data_providers.data_fetcher - WARNING - Ashare returned no data for 601377.SH
2026-03-05 00:38:39,523 - quanttool.infrastructure.data_providers.data_fetcher - WARNING - 新浪数据获取失败: Expecting value: line 1 column 1 (char 0)
2026-03-05 00:38:39,586 - quanttool.infrastructure.data_providers.data_fetcher - ERROR - Error fetching EastMoney data for 601398.SH: HTTPSConnectionPool(host='push2his.eastmoney.com', port=443): Max retries exceeded with url: /api/qt/stock/kline/get?secid=1.601398&ut=fa5fd1943c7b386f172d6893dbfba10b&fields1=f1%2Cf2%2Cf3%2Cf4%2Cf5%2Cf6&fields2=f51%2Cf52%2Cf53%2Cf54%2Cf55%2Cf56%2Cf57%2Cf58%2Cf59%2Cf60%2Cf61&klt=101&fqt=1&beg=20250310&end=20260305 (Caused by ProxyError('Unable to connect to proxy', RemoteDisconnected('Remote end closed connection without response')))
2026-03-05 00:38:39,588 - quanttool.infrastructure.data_providers.data_fetcher - INFO - Fetching 601398.SH from AkShare using base symbol 601398
2026-03-05 00:38:39,650 - quanttool.infrastructure.data_providers.data_fetcher - WARNING - AkShare attempt 1 failed: HTTPSConnectionPool(host='push2his.eastmoney.com', port=443): Max retries exceeded with url: /api/qt/stock/kline/get?fields1=f1%2Cf2%2Cf3%2Cf4%2Cf5%2Cf6&fields2=f51%2Cf52%2Cf53%2Cf54%2Cf55%2Cf56%2Cf57%2Cf58%2Cf59%2Cf60%2Cf61%2Cf116&ut=7eea3edcaed734bea9cbfc24409ed989&klt=101&fqt=1&secid=1.601398&beg=20250310&end=20260305 (Caused by ProxyError('Unable to connect to proxy', RemoteDisconnected('Remote end closed connection without response')))
2026-03-05 00:38:40,161 - quanttool.infrastructure.data_providers.data_fetcher - WARNING - 新浪数据获取失败: Expecting value: line 1 column 1 (char 0)
2026-03-05 00:38:40,182 - quanttool.infrastructure.data_providers.data_fetcher - ERROR - Error fetching EastMoney data for 601328.SH: HTTPSConnectionPool(host='push2his.eastmoney.com', port=443): Max retries exceeded with url: /api/qt/stock/kline/get?secid=1.601328&ut=fa5fd1943c7b386f172d6893dbfba10b&fields1=f1%2Cf2%2Cf3%2Cf4%2Cf5%2Cf6&fields2=f51%2Cf52%2Cf53%2Cf54%2Cf55%2Cf56%2Cf57%2Cf58%2Cf59%2Cf60%2Cf61&klt=101&fqt=1&beg=20250310&end=20260305 (Caused by ProxyError('Unable to connect to proxy', RemoteDisconnected('Remote end closed connection without response')))
2026-03-05 00:38:40,182 - quanttool.infrastructure.data_providers.data_fetcher - INFO - Fetching 601328.SH from AkShare using base symbol 601328
2026-03-05 00:38:40,232 - quanttool.infrastructure.data_providers.data_fetcher - WARNING - AkShare attempt 1 failed: HTTPSConnectionPool(host='push2his.eastmoney.com', port=443): Max retries exceeded with url: /api/qt/stock/kline/get?fields1=f1%2Cf2%2Cf3%2Cf4%2Cf5%2Cf6&fields2=f51%2Cf52%2Cf53%2Cf54%2Cf55%2Cf56%2Cf57%2Cf58%2Cf59%2Cf60%2Cf61%2Cf116&ut=7eea3edcaed734bea9cbfc24409ed989&klt=101&fqt=1&secid=1.601328&beg=20250310&end=20260305 (Caused by ProxyError('Unable to connect to proxy', RemoteDisconnected('Remote end closed connection without response')))
2026-03-05 00:38:40,415 - quanttool.infrastructure.data_providers.data_fetcher - ERROR - Error fetching EastMoney data for 601336.SH: HTTPSConnectionPool(host='push2his.eastmoney.com', port=443): Max retries exceeded with url: /api/qt/stock/kline/get?secid=1.601336&ut=fa5fd1943c7b386f172d6893dbfba10b&fields1=f1%2Cf2%2Cf3%2Cf4%2Cf5%2Cf6&fields2=f51%2Cf52%2Cf53%2Cf54%2Cf55%2Cf56%2Cf57%2Cf58%2Cf59%2Cf60%2Cf61&klt=101&fqt=1&beg=20250310&end=20260305 (Caused by ProxyError('Unable to connect to proxy', RemoteDisconnected('Remote end closed connection without response')))
2026-03-05 00:38:40,415 - quanttool.infrastructure.data_providers.data_fetcher - INFO - Fetching 601336.SH from AkShare using base symbol 601336
2026-03-05 00:38:40,482 - quanttool.infrastructure.data_providers.data_fetcher - WARNING - AkShare attempt 1 failed: HTTPSConnectionPool(host='push2his.eastmoney.com', port=443): Max retries exceeded with url: /api/qt/stock/kline/get?fields1=f1%2Cf2%2Cf3%2Cf4%2Cf5%2Cf6&fields2=f51%2Cf52%2Cf53%2Cf54%2Cf55%2Cf56%2Cf57%2Cf58%2Cf59%2Cf60%2Cf61%2Cf116&ut=7eea3edcaed734bea9cbfc24409ed989&klt=101&fqt=1&secid=1.601336&beg=20250310&end=20260305 (Caused by ProxyError('Unable to connect to proxy', RemoteDisconnected('Remote end closed connection without response')))
2026-03-05 00:38:40,520 - quanttool.infrastructure.data_providers.data_fetcher - WARNING - 新浪数据获取失败: Expecting value: line 1 column 1 (char 0)
2026-03-05 00:38:40,714 - quanttool.infrastructure.data_providers.data_fetcher - WARNING - AkShare attempt 2 failed: HTTPSConnectionPool(host='push2his.eastmoney.com', port=443): Max retries exceeded with url: /api/qt/stock/kline/get?fields1=f1%2Cf2%2Cf3%2Cf4%2Cf5%2Cf6&fields2=f51%2Cf52%2Cf53%2Cf54%2Cf55%2Cf56%2Cf57%2Cf58%2Cf59%2Cf60%2Cf61%2Cf116&ut=7eea3edcaed734bea9cbfc24409ed989&klt=101&fqt=1&secid=1.601398&beg=20250310&end=20260305 (Caused by ProxyError('Unable to connect to proxy', RemoteDisconnected('Remote end closed connection without response')))
2026-03-05 00:38:40,926 - quanttool.infrastructure.data_providers.data_fetcher - WARNING - 腾讯数据获取失败: 6 columns passed, passed data had 7 columns
2026-03-05 00:38:40,929 - quanttool.infrastructure.data_providers.data_fetcher - WARNING - Ashare returned no data for 601600.SH
2026-03-05 00:38:41,290 - quanttool.infrastructure.data_providers.data_fetcher - WARNING - AkShare attempt 2 failed: HTTPSConnectionPool(host='push2his.eastmoney.com', port=443): Max retries exceeded with url: /api/qt/stock/kline/get?fields1=f1%2Cf2%2Cf3%2Cf4%2Cf5%2Cf6&fields2=f51%2Cf52%2Cf53%2Cf54%2Cf55%2Cf56%2Cf57%2Cf58%2Cf59%2Cf60%2Cf61%2Cf116&ut=7eea3edcaed734bea9cbfc24409ed989&klt=101&fqt=1&secid=1.601328&beg=20250310&end=20260305 (Caused by ProxyError('Unable to connect to proxy', RemoteDisconnected('Remote end closed connection without response')))
2026-03-05 00:38:41,491 - quanttool.infrastructure.data_providers.data_fetcher - WARNING - 腾讯数据获取失败: 6 columns passed, passed data had 7 columns
2026-03-05 00:38:41,492 - quanttool.infrastructure.data_providers.data_fetcher - WARNING - Ashare returned no data for 601628.SH
2026-03-05 00:38:41,512 - quanttool.infrastructure.data_providers.data_fetcher - ERROR - Error fetching EastMoney data for 601377.SH: HTTPSConnectionPool(host='push2his.eastmoney.com', port=443): Max retries exceeded with url: /api/qt/stock/kline/get?secid=1.601377&ut=fa5fd1943c7b386f172d6893dbfba10b&fields1=f1%2Cf2%2Cf3%2Cf4%2Cf5%2Cf6&fields2=f51%2Cf52%2Cf53%2Cf54%2Cf55%2Cf56%2Cf57%2Cf58%2Cf59%2Cf60%2Cf61&klt=101&fqt=1&beg=20250310&end=20260305 (Caused by ProxyError('Unable to connect to proxy', RemoteDisconnected('Remote end closed connection without response')))
2026-03-05 00:38:41,512 - quanttool.infrastructure.data_providers.data_fetcher - INFO - Fetching 601377.SH from AkShare using base symbol 601377
2026-03-05 00:38:41,540 - quanttool.infrastructure.data_providers.data_fetcher - WARNING - AkShare attempt 2 failed: HTTPSConnectionPool(host='push2his.eastmoney.com', port=443): Max retries exceeded with url: /api/qt/stock/kline/get?fields1=f1%2Cf2%2Cf3%2Cf4%2Cf5%2Cf6&fields2=f51%2Cf52%2Cf53%2Cf54%2Cf55%2Cf56%2Cf57%2Cf58%2Cf59%2Cf60%2Cf61%2Cf116&ut=7eea3edcaed734bea9cbfc24409ed989&klt=101&fqt=1&secid=1.601336&beg=20250310&end=20260305 (Caused by ProxyError('Unable to connect to proxy', RemoteDisconnected('Remote end closed connection without response')))
2026-03-05 00:38:41,573 - quanttool.infrastructure.data_providers.data_fetcher - WARNING - AkShare attempt 1 failed: HTTPSConnectionPool(host='push2his.eastmoney.com', port=443): Max retries exceeded with url: /api/qt/stock/kline/get?fields1=f1%2Cf2%2Cf3%2Cf4%2Cf5%2Cf6&fields2=f51%2Cf52%2Cf53%2Cf54%2Cf55%2Cf56%2Cf57%2Cf58%2Cf59%2Cf60%2Cf61%2Cf116&ut=7eea3edcaed734bea9cbfc24409ed989&klt=101&fqt=1&secid=1.601377&beg=20250310&end=20260305 (Caused by ProxyError('Unable to connect to proxy', RemoteDisconnected('Remote end closed connection without response')))
2026-03-05 00:38:41,761 - quanttool.infrastructure.data_providers.data_fetcher - WARNING - AkShare attempt 3 failed: HTTPSConnectionPool(host='push2his.eastmoney.com', port=443): Max retries exceeded with url: /api/qt/stock/kline/get?fields1=f1%2Cf2%2Cf3%2Cf4%2Cf5%2Cf6&fields2=f51%2Cf52%2Cf53%2Cf54%2Cf55%2Cf56%2Cf57%2Cf58%2Cf59%2Cf60%2Cf61%2Cf116&ut=7eea3edcaed734bea9cbfc24409ed989&klt=101&fqt=1&secid=1.601398&beg=20250310&end=20260305 (Caused by ProxyError('Unable to connect to proxy', RemoteDisconnected('Remote end closed connection without response')))
2026-03-05 00:38:41,761 - quanttool.infrastructure.data_providers.data_fetcher - WARNING - No AkShare data found for 601398.SH: HTTPSConnectionPool(host='push2his.eastmoney.com', port=443): Max retries exceeded with url: /api/qt/stock/kline/get?fields1=f1%2Cf2%2Cf3%2Cf4%2Cf5%2Cf6&fields2=f51%2Cf52%2Cf53%2Cf54%2Cf55%2Cf56%2Cf57%2Cf58%2Cf59%2Cf60%2Cf61%2Cf116&ut=7eea3edcaed734bea9cbfc24409ed989&klt=101&fqt=1&secid=1.601398&beg=20250310&end=20260305 (Caused by ProxyError('Unable to connect to proxy', RemoteDisconnected('Remote end closed connection without response')))
2026-03-05 00:38:41,762 - quanttool.infrastructure.data_providers.data_fetcher - INFO - Fetching 601398.SH from BaoStock using sh.601398
2026-03-05 00:38:42,132 - quanttool.infrastructure.data_providers.data_fetcher - WARNING - 腾讯数据获取失败: 6 columns passed, passed data had 7 columns
2026-03-05 00:38:42,133 - quanttool.infrastructure.data_providers.data_fetcher - WARNING - Ashare returned no data for 601658.SH
2026-03-05 00:38:42,278 - quanttool.infrastructure.data_providers.data_fetcher - ERROR - Error fetching EastMoney data for 601390.SH: HTTPSConnectionPool(host='push2his.eastmoney.com', port=443): Max retries exceeded with url: /api/qt/stock/kline/get?secid=1.601390&ut=fa5fd1943c7b386f172d6893dbfba10b&fields1=f1%2Cf2%2Cf3%2Cf4%2Cf5%2Cf6&fields2=f51%2Cf52%2Cf53%2Cf54%2Cf55%2Cf56%2Cf57%2Cf58%2Cf59%2Cf60%2Cf61&klt=101&fqt=1&beg=20250310&end=20260305 (Caused by ProxyError('Unable to connect to proxy', RemoteDisconnected('Remote end closed connection without response')))
2026-03-05 00:38:42,278 - quanttool.infrastructure.data_providers.data_fetcher - INFO - Fetching 601390.SH from AkShare using base symbol 601390
2026-03-05 00:38:42,319 - quanttool.infrastructure.data_providers.data_fetcher - INFO - BaoStock logged in successfully
2026-03-05 00:38:42,321 - quanttool.infrastructure.data_providers.data_fetcher - WARNING - 新浪数据获取失败: Expecting value: line 1 column 1 (char 0)
2026-03-05 00:38:42,351 - quanttool.infrastructure.data_providers.data_fetcher - WARNING - AkShare attempt 1 failed: HTTPSConnectionPool(host='push2his.eastmoney.com', port=443): Max retries exceeded with url: /api/qt/stock/kline/get?fields1=f1%2Cf2%2Cf3%2Cf4%2Cf5%2Cf6&fields2=f51%2Cf52%2Cf53%2Cf54%2Cf55%2Cf56%2Cf57%2Cf58%2Cf59%2Cf60%2Cf61%2Cf116&ut=7eea3edcaed734bea9cbfc24409ed989&klt=101&fqt=1&secid=1.601390&beg=20250310&end=20260305 (Caused by ProxyError('Unable to connect to proxy', RemoteDisconnected('Remote end closed connection without response')))
2026-03-05 00:38:42,378 - quanttool.infrastructure.data_providers.data_fetcher - INFO - Successfully fetched 239 bars from BaoStock for 601398.SH
2026-03-05 00:38:42,382 - quanttool.infrastructure.cache.local_cache - INFO - Cached 239 rows for 601398.SH (14416 bytes)
2026-03-05 00:38:42,382 - quanttool.infrastructure.data_providers.data_fetcher - INFO - Fetching 601669.SH from Ashare (primary source)
2026-03-05 00:38:42,389 - quanttool.infrastructure.data_providers.data_fetcher - WARNING - AkShare attempt 3 failed: HTTPSConnectionPool(host='push2his.eastmoney.com', port=443): Max retries exceeded with url: /api/qt/stock/kline/get?fields1=f1%2Cf2%2Cf3%2Cf4%2Cf5%2Cf6&fields2=f51%2Cf52%2Cf53%2Cf54%2Cf55%2Cf56%2Cf57%2Cf58%2Cf59%2Cf60%2Cf61%2Cf116&ut=7eea3edcaed734bea9cbfc24409ed989&klt=101&fqt=1&secid=1.601328&beg=20250310&end=20260305 (Caused by ProxyError('Unable to connect to proxy', RemoteDisconnected('Remote end closed connection without response')))
2026-03-05 00:38:42,389 - quanttool.infrastructure.data_providers.data_fetcher - WARNING - No AkShare data found for 601328.SH: HTTPSConnectionPool(host='push2his.eastmoney.com', port=443): Max retries exceeded with url: /api/qt/stock/kline/get?fields1=f1%2Cf2%2Cf3%2Cf4%2Cf5%2Cf6&fields2=f51%2Cf52%2Cf53%2Cf54%2Cf55%2Cf56%2Cf57%2Cf58%2Cf59%2Cf60%2Cf61%2Cf116&ut=7eea3edcaed734bea9cbfc24409ed989&klt=101&fqt=1&secid=1.601328&beg=20250310&end=20260305 (Caused by ProxyError('Unable to connect to proxy', RemoteDisconnected('Remote end closed connection without response')))
2026-03-05 00:38:42,389 - quanttool.infrastructure.data_providers.data_fetcher - INFO - Fetching 601328.SH from BaoStock using sh.601328
2026-03-05 00:38:42,605 - quanttool.infrastructure.data_providers.data_fetcher - WARNING - AkShare attempt 3 failed: HTTPSConnectionPool(host='push2his.eastmoney.com', port=443): Max retries exceeded with url: /api/qt/stock/kline/get?fields1=f1%2Cf2%2Cf3%2Cf4%2Cf5%2Cf6&fields2=f51%2Cf52%2Cf53%2Cf54%2Cf55%2Cf56%2Cf57%2Cf58%2Cf59%2Cf60%2Cf61%2Cf116&ut=7eea3edcaed734bea9cbfc24409ed989&klt=101&fqt=1&secid=1.601336&beg=20250310&end=20260305 (Caused by ProxyError('Unable to connect to proxy', RemoteDisconnected('Remote end closed connection without response')))
2026-03-05 00:38:42,605 - quanttool.infrastructure.data_providers.data_fetcher - WARNING - No AkShare data found for 601336.SH: HTTPSConnectionPool(host='push2his.eastmoney.com', port=443): Max retries exceeded with url: /api/qt/stock/kline/get?fields1=f1%2Cf2%2Cf3%2Cf4%2Cf5%2Cf6&fields2=f51%2Cf52%2Cf53%2Cf54%2Cf55%2Cf56%2Cf57%2Cf58%2Cf59%2Cf60%2Cf61%2Cf116&ut=7eea3edcaed734bea9cbfc24409ed989&klt=101&fqt=1&secid=1.601336&beg=20250310&end=20260305 (Caused by ProxyError('Unable to connect to proxy', RemoteDisconnected('Remote end closed connection without response')))
2026-03-05 00:38:42,605 - quanttool.infrastructure.data_providers.data_fetcher - INFO - Fetching 601336.SH from BaoStock using sh.601336
2026-03-05 00:38:42,606 - quanttool.infrastructure.data_providers.data_fetcher - ERROR - Error fetching EastMoney data for 601628.SH: HTTPSConnectionPool(host='push2his.eastmoney.com', port=443): Max retries exceeded with url: /api/qt/stock/kline/get?secid=1.601628&ut=fa5fd1943c7b386f172d6893dbfba10b&fields1=f1%2Cf2%2Cf3%2Cf4%2Cf5%2Cf6&fields2=f51%2Cf52%2Cf53%2Cf54%2Cf55%2Cf56%2Cf57%2Cf58%2Cf59%2Cf60%2Cf61&klt=101&fqt=1&beg=20250310&end=20260305 (Caused by ProxyError('Unable to connect to proxy', RemoteDisconnected('Remote end closed connection without response')))
2026-03-05 00:38:42,606 - quanttool.infrastructure.data_providers.data_fetcher - INFO - Fetching 601628.SH from AkShare using base symbol 601628
2026-03-05 00:38:42,619 - quanttool.infrastructure.data_providers.data_fetcher - WARNING - AkShare attempt 2 failed: HTTPSConnectionPool(host='push2his.eastmoney.com', port=443): Max retries exceeded with url: /api/qt/stock/kline/get?fields1=f1%2Cf2%2Cf3%2Cf4%2Cf5%2Cf6&fields2=f51%2Cf52%2Cf53%2Cf54%2Cf55%2Cf56%2Cf57%2Cf58%2Cf59%2Cf60%2Cf61%2Cf116&ut=7eea3edcaed734bea9cbfc24409ed989&klt=101&fqt=1&secid=1.601377&beg=20250310&end=20260305 (Caused by ProxyError('Unable to connect to proxy', RemoteDisconnected('Remote end closed connection without response')))
2026-03-05 00:38:42,662 - quanttool.infrastructure.data_providers.data_fetcher - WARNING - AkShare attempt 1 failed: HTTPSConnectionPool(host='push2his.eastmoney.com', port=443): Max retries exceeded with url: /api/qt/stock/kline/get?fields1=f1%2Cf2%2Cf3%2Cf4%2Cf5%2Cf6&fields2=f51%2Cf52%2Cf53%2Cf54%2Cf55%2Cf56%2Cf57%2Cf58%2Cf59%2Cf60%2Cf61%2Cf116&ut=7eea3edcaed734bea9cbfc24409ed989&klt=101&fqt=1&secid=1.601628&beg=20250310&end=20260305 (Caused by ProxyError('Unable to connect to proxy', RemoteDisconnected('Remote end closed connection without response')))
2026-03-05 00:38:43,402 - quanttool.infrastructure.data_providers.data_fetcher - WARNING - AkShare attempt 2 failed: HTTPSConnectionPool(host='push2his.eastmoney.com', port=443): Max retries exceeded with url: /api/qt/stock/kline/get?fields1=f1%2Cf2%2Cf3%2Cf4%2Cf5%2Cf6&fields2=f51%2Cf52%2Cf53%2Cf54%2Cf55%2Cf56%2Cf57%2Cf58%2Cf59%2Cf60%2Cf61%2Cf116&ut=7eea3edcaed734bea9cbfc24409ed989&klt=101&fqt=1&secid=1.601390&beg=20250310&end=20260305 (Caused by ProxyError('Unable to connect to proxy', RemoteDisconnected('Remote end closed connection without response')))
2026-03-05 00:38:43,434 - quanttool.infrastructure.data_providers.data_fetcher - WARNING - 腾讯数据获取失败: 6 columns passed, passed data had 7 columns
2026-03-05 00:38:43,435 - quanttool.infrastructure.data_providers.data_fetcher - WARNING - Ashare returned no data for 601633.SH
2026-03-05 00:38:43,649 - quanttool.infrastructure.data_providers.data_fetcher - ERROR - Error fetching EastMoney data for 601658.SH: HTTPSConnectionPool(host='push2his.eastmoney.com', port=443): Max retries exceeded with url: /api/qt/stock/kline/get?secid=1.601658&ut=fa5fd1943c7b386f172d6893dbfba10b&fields1=f1%2Cf2%2Cf3%2Cf4%2Cf5%2Cf6&fields2=f51%2Cf52%2Cf53%2Cf54%2Cf55%2Cf56%2Cf57%2Cf58%2Cf59%2Cf60%2Cf61&klt=101&fqt=1&beg=20250310&end=20260305 (Caused by ProxyError('Unable to connect to proxy', RemoteDisconnected('Remote end closed connection without response')))
2026-03-05 00:38:43,649 - quanttool.infrastructure.data_providers.data_fetcher - INFO - Fetching 601658.SH from AkShare using base symbol 601658
2026-03-05 00:38:43,677 - quanttool.infrastructure.data_providers.data_fetcher - WARNING - AkShare attempt 3 failed: HTTPSConnectionPool(host='push2his.eastmoney.com', port=443): Max retries exceeded with url: /api/qt/stock/kline/get?fields1=f1%2Cf2%2Cf3%2Cf4%2Cf5%2Cf6&fields2=f51%2Cf52%2Cf53%2Cf54%2Cf55%2Cf56%2Cf57%2Cf58%2Cf59%2Cf60%2Cf61%2Cf116&ut=7eea3edcaed734bea9cbfc24409ed989&klt=101&fqt=1&secid=1.601377&beg=20250310&end=20260305 (Caused by ProxyError('Unable to connect to proxy', RemoteDisconnected('Remote end closed connection without response')))
2026-03-05 00:38:43,677 - quanttool.infrastructure.data_providers.data_fetcher - WARNING - No AkShare data found for 601377.SH: HTTPSConnectionPool(host='push2his.eastmoney.com', port=443): Max retries exceeded with url: /api/qt/stock/kline/get?fields1=f1%2Cf2%2Cf3%2Cf4%2Cf5%2Cf6&fields2=f51%2Cf52%2Cf53%2Cf54%2Cf55%2Cf56%2Cf57%2Cf58%2Cf59%2Cf60%2Cf61%2Cf116&ut=7eea3edcaed734bea9cbfc24409ed989&klt=101&fqt=1&secid=1.601377&beg=20250310&end=20260305 (Caused by ProxyError('Unable to connect to proxy', RemoteDisconnected('Remote end closed connection without response')))
2026-03-05 00:38:43,677 - quanttool.infrastructure.data_providers.data_fetcher - INFO - Fetching 601377.SH from BaoStock using sh.601377
2026-03-05 00:38:43,696 - quanttool.infrastructure.data_providers.data_fetcher - WARNING - AkShare attempt 1 failed: HTTPSConnectionPool(host='push2his.eastmoney.com', port=443): Max retries exceeded with url: /api/qt/stock/kline/get?fields1=f1%2Cf2%2Cf3%2Cf4%2Cf5%2Cf6&fields2=f51%2Cf52%2Cf53%2Cf54%2Cf55%2Cf56%2Cf57%2Cf58%2Cf59%2Cf60%2Cf61%2Cf116&ut=7eea3edcaed734bea9cbfc24409ed989&klt=101&fqt=1&secid=1.601658&beg=20250310&end=20260305 (Caused by ProxyError('Unable to connect to proxy', RemoteDisconnected('Remote end closed connection without response')))
2026-03-05 00:38:43,710 - quanttool.infrastructure.data_providers.data_fetcher - WARNING - AkShare attempt 2 failed: HTTPSConnectionPool(host='push2his.eastmoney.com', port=443): Max retries exceeded with url: /api/qt/stock/kline/get?fields1=f1%2Cf2%2Cf3%2Cf4%2Cf5%2Cf6&fields2=f51%2Cf52%2Cf53%2Cf54%2Cf55%2Cf56%2Cf57%2Cf58%2Cf59%2Cf60%2Cf61%2Cf116&ut=7eea3edcaed734bea9cbfc24409ed989&klt=101&fqt=1&secid=1.601628&beg=20250310&end=20260305 (Caused by ProxyError('Unable to connect to proxy', RemoteDisconnected('Remote end closed connection without response')))
2026-03-05 00:38:43,747 - quanttool.infrastructure.data_providers.data_fetcher - ERROR - Error fetching EastMoney data for 601600.SH: HTTPSConnectionPool(host='push2his.eastmoney.com', port=443): Max retries exceeded with url: /api/qt/stock/kline/get?secid=1.601600&ut=fa5fd1943c7b386f172d6893dbfba10b&fields1=f1%2Cf2%2Cf3%2Cf4%2Cf5%2Cf6&fields2=f51%2Cf52%2Cf53%2Cf54%2Cf55%2Cf56%2Cf57%2Cf58%2Cf59%2Cf60%2Cf61&klt=101&fqt=1&beg=20250310&end=20260305 (Caused by ProxyError('Unable to connect to proxy', RemoteDisconnected('Remote end closed connection without response')))
2026-03-05 00:38:43,747 - quanttool.infrastructure.data_providers.data_fetcher - INFO - Fetching 601600.SH from AkShare using base symbol 601600
2026-03-05 00:38:43,807 - quanttool.infrastructure.data_providers.data_fetcher - WARNING - AkShare attempt 1 failed: HTTPSConnectionPool(host='push2his.eastmoney.com', port=443): Max retries exceeded with url: /api/qt/stock/kline/get?fields1=f1%2Cf2%2Cf3%2Cf4%2Cf5%2Cf6&fields2=f51%2Cf52%2Cf53%2Cf54%2Cf55%2Cf56%2Cf57%2Cf58%2Cf59%2Cf60%2Cf61%2Cf116&ut=7eea3edcaed734bea9cbfc24409ed989&klt=101&fqt=1&secid=1.601600&beg=20250310&end=20260305 (Caused by ProxyError('Unable to connect to proxy', RemoteDisconnected('Remote end closed connection without response')))
2026-03-05 00:38:43,820 - quanttool.infrastructure.data_providers.data_fetcher - WARNING - 腾讯数据获取失败: 6 columns passed, passed data had 7 columns
2026-03-05 00:38:43,821 - quanttool.infrastructure.data_providers.data_fetcher - WARNING - Ashare returned no data for 601668.SH
2026-03-05 00:38:44,473 - quanttool.infrastructure.data_providers.data_fetcher - WARNING - AkShare attempt 3 failed: HTTPSConnectionPool(host='push2his.eastmoney.com', port=443): Max retries exceeded with url: /api/qt/stock/kline/get?fields1=f1%2Cf2%2Cf3%2Cf4%2Cf5%2Cf6&fields2=f51%2Cf52%2Cf53%2Cf54%2Cf55%2Cf56%2Cf57%2Cf58%2Cf59%2Cf60%2Cf61%2Cf116&ut=7eea3edcaed734bea9cbfc24409ed989&klt=101&fqt=1&secid=1.601390&beg=20250310&end=20260305 (Caused by ProxyError('Unable to connect to proxy', RemoteDisconnected('Remote end closed connection without response')))
2026-03-05 00:38:44,475 - quanttool.infrastructure.data_providers.data_fetcher - WARNING - No AkShare data found for 601390.SH: HTTPSConnectionPool(host='push2his.eastmoney.com', port=443): Max retries exceeded with url: /api/qt/stock/kline/get?fields1=f1%2Cf2%2Cf3%2Cf4%2Cf5%2Cf6&fields2=f51%2Cf52%2Cf53%2Cf54%2Cf55%2Cf56%2Cf57%2Cf58%2Cf59%2Cf60%2Cf61%2Cf116&ut=7eea3edcaed734bea9cbfc24409ed989&klt=101&fqt=1&secid=1.601390&beg=20250310&end=20260305 (Caused by ProxyError('Unable to connect to proxy', RemoteDisconnected('Remote end closed connection without response')))
2026-03-05 00:38:44,475 - quanttool.infrastructure.data_providers.data_fetcher - INFO - Fetching 601390.SH from BaoStock using sh.601390
2026-03-05 00:38:44,484 - quanttool.infrastructure.data_providers.data_fetcher - WARNING - 新浪数据获取失败: Expecting value: line 1 column 1 (char 0)
2026-03-05 00:38:44,753 - quanttool.infrastructure.data_providers.data_fetcher - WARNING - AkShare attempt 2 failed: HTTPSConnectionPool(host='push2his.eastmoney.com', port=443): Max retries exceeded with url: /api/qt/stock/kline/get?fields1=f1%2Cf2%2Cf3%2Cf4%2Cf5%2Cf6&fields2=f51%2Cf52%2Cf53%2Cf54%2Cf55%2Cf56%2Cf57%2Cf58%2Cf59%2Cf60%2Cf61%2Cf116&ut=7eea3edcaed734bea9cbfc24409ed989&klt=101&fqt=1&secid=1.601658&beg=20250310&end=20260305 (Caused by ProxyError('Unable to connect to proxy', RemoteDisconnected('Remote end closed connection without response')))
2026-03-05 00:38:44,761 - quanttool.infrastructure.data_providers.data_fetcher - WARNING - AkShare attempt 3 failed: HTTPSConnectionPool(host='push2his.eastmoney.com', port=443): Max retries exceeded with url: /api/qt/stock/kline/get?fields1=f1%2Cf2%2Cf3%2Cf4%2Cf5%2Cf6&fields2=f51%2Cf52%2Cf53%2Cf54%2Cf55%2Cf56%2Cf57%2Cf58%2Cf59%2Cf60%2Cf61%2Cf116&ut=7eea3edcaed734bea9cbfc24409ed989&klt=101&fqt=1&secid=1.601628&beg=20250310&end=20260305 (Caused by ProxyError('Unable to connect to proxy', RemoteDisconnected('Remote end closed connection without response')))
2026-03-05 00:38:44,761 - quanttool.infrastructure.data_providers.data_fetcher - WARNING - No AkShare data found for 601628.SH: HTTPSConnectionPool(host='push2his.eastmoney.com', port=443): Max retries exceeded with url: /api/qt/stock/kline/get?fields1=f1%2Cf2%2Cf3%2Cf4%2Cf5%2Cf6&fields2=f51%2Cf52%2Cf53%2Cf54%2Cf55%2Cf56%2Cf57%2Cf58%2Cf59%2Cf60%2Cf61%2Cf116&ut=7eea3edcaed734bea9cbfc24409ed989&klt=101&fqt=1&secid=1.601628&beg=20250310&end=20260305 (Caused by ProxyError('Unable to connect to proxy', RemoteDisconnected('Remote end closed connection without response')))
2026-03-05 00:38:44,761 - quanttool.infrastructure.data_providers.data_fetcher - INFO - Fetching 601628.SH from BaoStock using sh.601628
2026-03-05 00:38:44,869 - quanttool.infrastructure.data_providers.data_fetcher - WARNING - AkShare attempt 2 failed: HTTPSConnectionPool(host='push2his.eastmoney.com', port=443): Max retries exceeded with url: /api/qt/stock/kline/get?fields1=f1%2Cf2%2Cf3%2Cf4%2Cf5%2Cf6&fields2=f51%2Cf52%2Cf53%2Cf54%2Cf55%2Cf56%2Cf57%2Cf58%2Cf59%2Cf60%2Cf61%2Cf116&ut=7eea3edcaed734bea9cbfc24409ed989&klt=101&fqt=1&secid=1.601600&beg=20250310&end=20260305 (Caused by ProxyError('Unable to connect to proxy', RemoteDisconnected('Remote end closed connection without response')))
2026-03-05 00:38:44,881 - quanttool.infrastructure.data_providers.data_fetcher - ERROR - Error fetching EastMoney data for 601633.SH: HTTPSConnectionPool(host='push2his.eastmoney.com', port=443): Max retries exceeded with url: /api/qt/stock/kline/get?secid=1.601633&ut=fa5fd1943c7b386f172d6893dbfba10b&fields1=f1%2Cf2%2Cf3%2Cf4%2Cf5%2Cf6&fields2=f51%2Cf52%2Cf53%2Cf54%2Cf55%2Cf56%2Cf57%2Cf58%2Cf59%2Cf60%2Cf61&klt=101&fqt=1&beg=20250310&end=20260305 (Caused by ProxyError('Unable to connect to proxy', RemoteDisconnected('Remote end closed connection without response')))
2026-03-05 00:38:44,882 - quanttool.infrastructure.data_providers.data_fetcher - INFO - Fetching 601633.SH from AkShare using base symbol 601633
2026-03-05 00:38:44,950 - quanttool.infrastructure.data_providers.data_fetcher - WARNING - AkShare attempt 1 failed: HTTPSConnectionPool(host='push2his.eastmoney.com', port=443): Max retries exceeded with url: /api/qt/stock/kline/get?fields1=f1%2Cf2%2Cf3%2Cf4%2Cf5%2Cf6&fields2=f51%2Cf52%2Cf53%2Cf54%2Cf55%2Cf56%2Cf57%2Cf58%2Cf59%2Cf60%2Cf61%2Cf116&ut=7eea3edcaed734bea9cbfc24409ed989&klt=101&fqt=1&secid=1.601633&beg=20250310&end=20260305 (Caused by ProxyError('Unable to connect to proxy', RemoteDisconnected('Remote end closed connection without response')))
2026-03-05 00:38:45,393 - quanttool.infrastructure.data_providers.data_fetcher - ERROR - Error fetching EastMoney data for 601668.SH: HTTPSConnectionPool(host='push2his.eastmoney.com', port=443): Max retries exceeded with url: /api/qt/stock/kline/get?secid=1.601668&ut=fa5fd1943c7b386f172d6893dbfba10b&fields1=f1%2Cf2%2Cf3%2Cf4%2Cf5%2Cf6&fields2=f51%2Cf52%2Cf53%2Cf54%2Cf55%2Cf56%2Cf57%2Cf58%2Cf59%2Cf60%2Cf61&klt=101&fqt=1&beg=20250310&end=20260305 (Caused by ProxyError('Unable to connect to proxy', RemoteDisconnected('Remote end closed connection without response')))
2026-03-05 00:38:45,393 - quanttool.infrastructure.data_providers.data_fetcher - INFO - Fetching 601668.SH from AkShare using base symbol 601668
2026-03-05 00:38:45,454 - quanttool.infrastructure.data_providers.data_fetcher - WARNING - AkShare attempt 1 failed: HTTPSConnectionPool(host='push2his.eastmoney.com', port=443): Max retries exceeded with url: /api/qt/stock/kline/get?fields1=f1%2Cf2%2Cf3%2Cf4%2Cf5%2Cf6&fields2=f51%2Cf52%2Cf53%2Cf54%2Cf55%2Cf56%2Cf57%2Cf58%2Cf59%2Cf60%2Cf61%2Cf116&ut=7eea3edcaed734bea9cbfc24409ed989&klt=101&fqt=1&secid=1.601668&beg=20250310&end=20260305 (Caused by ProxyError('Unable to connect to proxy', RemoteDisconnected('Remote end closed connection without response')))
2026-03-05 00:38:45,820 - quanttool.infrastructure.data_providers.data_fetcher - WARNING - AkShare attempt 3 failed: HTTPSConnectionPool(host='push2his.eastmoney.com', port=443): Max retries exceeded with url: /api/qt/stock/kline/get?fields1=f1%2Cf2%2Cf3%2Cf4%2Cf5%2Cf6&fields2=f51%2Cf52%2Cf53%2Cf54%2Cf55%2Cf56%2Cf57%2Cf58%2Cf59%2Cf60%2Cf61%2Cf116&ut=7eea3edcaed734bea9cbfc24409ed989&klt=101&fqt=1&secid=1.601658&beg=20250310&end=20260305 (Caused by ProxyError('Unable to connect to proxy', RemoteDisconnected('Remote end closed connection without response')))
2026-03-05 00:38:45,820 - quanttool.infrastructure.data_providers.data_fetcher - WARNING - No AkShare data found for 601658.SH: HTTPSConnectionPool(host='push2his.eastmoney.com', port=443): Max retries exceeded with url: /api/qt/stock/kline/get?fields1=f1%2Cf2%2Cf3%2Cf4%2Cf5%2Cf6&fields2=f51%2Cf52%2Cf53%2Cf54%2Cf55%2Cf56%2Cf57%2Cf58%2Cf59%2Cf60%2Cf61%2Cf116&ut=7eea3edcaed734bea9cbfc24409ed989&klt=101&fqt=1&secid=1.601658&beg=20250310&end=20260305 (Caused by ProxyError('Unable to connect to proxy', RemoteDisconnected('Remote end closed connection without response')))
2026-03-05 00:38:45,820 - quanttool.infrastructure.data_providers.data_fetcher - INFO - Fetching 601658.SH from BaoStock using sh.601658
2026-03-05 00:38:45,933 - quanttool.infrastructure.data_providers.data_fetcher - WARNING - AkShare attempt 3 failed: HTTPSConnectionPool(host='push2his.eastmoney.com', port=443): Max retries exceeded with url: /api/qt/stock/kline/get?fields1=f1%2Cf2%2Cf3%2Cf4%2Cf5%2Cf6&fields2=f51%2Cf52%2Cf53%2Cf54%2Cf55%2Cf56%2Cf57%2Cf58%2Cf59%2Cf60%2Cf61%2Cf116&ut=7eea3edcaed734bea9cbfc24409ed989&klt=101&fqt=1&secid=1.601600&beg=20250310&end=20260305 (Caused by ProxyError('Unable to connect to proxy', RemoteDisconnected('Remote end closed connection without response')))
2026-03-05 00:38:45,933 - quanttool.infrastructure.data_providers.data_fetcher - WARNING - No AkShare data found for 601600.SH: HTTPSConnectionPool(host='push2his.eastmoney.com', port=443): Max retries exceeded with url: /api/qt/stock/kline/get?fields1=f1%2Cf2%2Cf3%2Cf4%2Cf5%2Cf6&fields2=f51%2Cf52%2Cf53%2Cf54%2Cf55%2Cf56%2Cf57%2Cf58%2Cf59%2Cf60%2Cf61%2Cf116&ut=7eea3edcaed734bea9cbfc24409ed989&klt=101&fqt=1&secid=1.601600&beg=20250310&end=20260305 (Caused by ProxyError('Unable to connect to proxy', RemoteDisconnected('Remote end closed connection without response')))
2026-03-05 00:38:45,934 - quanttool.infrastructure.data_providers.data_fetcher - INFO - Fetching 601600.SH from BaoStock using sh.601600
2026-03-05 00:38:46,014 - quanttool.infrastructure.data_providers.data_fetcher - WARNING - AkShare attempt 2 failed: HTTPSConnectionPool(host='push2his.eastmoney.com', port=443): Max retries exceeded with url: /api/qt/stock/kline/get?fields1=f1%2Cf2%2Cf3%2Cf4%2Cf5%2Cf6&fields2=f51%2Cf52%2Cf53%2Cf54%2Cf55%2Cf56%2Cf57%2Cf58%2Cf59%2Cf60%2Cf61%2Cf116&ut=7eea3edcaed734bea9cbfc24409ed989&klt=101&fqt=1&secid=1.601633&beg=20250310&end=20260305 (Caused by ProxyError('Unable to connect to proxy', RemoteDisconnected('Remote end closed connection without response')))
2026-03-05 00:38:46,536 - quanttool.infrastructure.data_providers.data_fetcher - WARNING - AkShare attempt 2 failed: HTTPSConnectionPool(host='push2his.eastmoney.com', port=443): Max retries exceeded with url: /api/qt/stock/kline/get?fields1=f1%2Cf2%2Cf3%2Cf4%2Cf5%2Cf6&fields2=f51%2Cf52%2Cf53%2Cf54%2Cf55%2Cf56%2Cf57%2Cf58%2Cf59%2Cf60%2Cf61%2Cf116&ut=7eea3edcaed734bea9cbfc24409ed989&klt=101&fqt=1&secid=1.601668&beg=20250310&end=20260305 (Caused by ProxyError('Unable to connect to proxy', RemoteDisconnected('Remote end closed connection without response')))
2026-03-05 00:38:47,074 - quanttool.infrastructure.data_providers.data_fetcher - WARNING - AkShare attempt 3 failed: HTTPSConnectionPool(host='push2his.eastmoney.com', port=443): Max retries exceeded with url: /api/qt/stock/kline/get?fields1=f1%2Cf2%2Cf3%2Cf4%2Cf5%2Cf6&fields2=f51%2Cf52%2Cf53%2Cf54%2Cf55%2Cf56%2Cf57%2Cf58%2Cf59%2Cf60%2Cf61%2Cf116&ut=7eea3edcaed734bea9cbfc24409ed989&klt=101&fqt=1&secid=1.601633&beg=20250310&end=20260305 (Caused by ProxyError('Unable to connect to proxy', RemoteDisconnected('Remote end closed connection without response')))
2026-03-05 00:38:47,074 - quanttool.infrastructure.data_providers.data_fetcher - WARNING - No AkShare data found for 601633.SH: HTTPSConnectionPool(host='push2his.eastmoney.com', port=443): Max retries exceeded with url: /api/qt/stock/kline/get?fields1=f1%2Cf2%2Cf3%2Cf4%2Cf5%2Cf6&fields2=f51%2Cf52%2Cf53%2Cf54%2Cf55%2Cf56%2Cf57%2Cf58%2Cf59%2Cf60%2Cf61%2Cf116&ut=7eea3edcaed734bea9cbfc24409ed989&klt=101&fqt=1&secid=1.601633&beg=20250310&end=20260305 (Caused by ProxyError('Unable to connect to proxy', RemoteDisconnected('Remote end closed connection without response')))
2026-03-05 00:38:47,075 - quanttool.infrastructure.data_providers.data_fetcher - INFO - Fetching 601633.SH from BaoStock using sh.601633
2026-03-05 00:38:47,553 - quanttool.infrastructure.data_providers.data_fetcher - WARNING - 腾讯数据获取失败: 6 columns passed, passed data had 7 columns
2026-03-05 00:38:47,554 - quanttool.infrastructure.data_providers.data_fetcher - WARNING - Ashare returned no data for 601669.SH
2026-03-05 00:38:47,597 - quanttool.infrastructure.data_providers.data_fetcher - WARNING - AkShare attempt 3 failed: HTTPSConnectionPool(host='push2his.eastmoney.com', port=443): Max retries exceeded with url: /api/qt/stock/kline/get?fields1=f1%2Cf2%2Cf3%2Cf4%2Cf5%2Cf6&fields2=f51%2Cf52%2Cf53%2Cf54%2Cf55%2Cf56%2Cf57%2Cf58%2Cf59%2Cf60%2Cf61%2Cf116&ut=7eea3edcaed734bea9cbfc24409ed989&klt=101&fqt=1&secid=1.601668&beg=20250310&end=20260305 (Caused by ProxyError('Unable to connect to proxy', RemoteDisconnected('Remote end closed connection without response')))
2026-03-05 00:38:47,598 - quanttool.infrastructure.data_providers.data_fetcher - WARNING - No AkShare data found for 601668.SH: HTTPSConnectionPool(host='push2his.eastmoney.com', port=443): Max retries exceeded with url: /api/qt/stock/kline/get?fields1=f1%2Cf2%2Cf3%2Cf4%2Cf5%2Cf6&fields2=f51%2Cf52%2Cf53%2Cf54%2Cf55%2Cf56%2Cf57%2Cf58%2Cf59%2Cf60%2Cf61%2Cf116&ut=7eea3edcaed734bea9cbfc24409ed989&klt=101&fqt=1&secid=1.601668&beg=20250310&end=20260305 (Caused by ProxyError('Unable to connect to proxy', RemoteDisconnected('Remote end closed connection without response')))
2026-03-05 00:38:47,598 - quanttool.infrastructure.data_providers.data_fetcher - INFO - Fetching 601668.SH from BaoStock using sh.601668
2026-03-05 00:38:48,751 - quanttool.infrastructure.data_providers.data_fetcher - WARNING - No BaoStock data found for 601668.SH
2026-03-05 00:38:48,752 - quanttool.infrastructure.data_providers.data_fetcher - INFO - Fetching 601688.SH from Ashare (primary source)
2026-03-05 00:38:50,195 - quanttool.infrastructure.data_providers.data_fetcher - WARNING - 新浪数据获取失败: Expecting value: line 1 column 1 (char 0)
2026-03-05 00:38:50,388 - quanttool.infrastructure.data_providers.data_fetcher - ERROR - Error fetching EastMoney data for 601669.SH: HTTPSConnectionPool(host='push2his.eastmoney.com', port=443): Max retries exceeded with url: /api/qt/stock/kline/get?secid=1.601669&ut=fa5fd1943c7b386f172d6893dbfba10b&fields1=f1%2Cf2%2Cf3%2Cf4%2Cf5%2Cf6&fields2=f51%2Cf52%2Cf53%2Cf54%2Cf55%2Cf56%2Cf57%2Cf58%2Cf59%2Cf60%2Cf61&klt=101&fqt=1&beg=20250310&end=20260305 (Caused by ProxyError('Unable to connect to proxy', RemoteDisconnected('Remote end closed connection without response')))
2026-03-05 00:38:50,389 - quanttool.infrastructure.data_providers.data_fetcher - INFO - Fetching 601669.SH from AkShare using base symbol 601669
2026-03-05 00:38:50,453 - quanttool.infrastructure.data_providers.data_fetcher - WARNING - AkShare attempt 1 failed: HTTPSConnectionPool(host='push2his.eastmoney.com', port=443): Max retries exceeded with url: /api/qt/stock/kline/get?fields1=f1%2Cf2%2Cf3%2Cf4%2Cf5%2Cf6&fields2=f51%2Cf52%2Cf53%2Cf54%2Cf55%2Cf56%2Cf57%2Cf58%2Cf59%2Cf60%2Cf61%2Cf116&ut=7eea3edcaed734bea9cbfc24409ed989&klt=101&fqt=1&secid=1.601669&beg=20250310&end=20260305 (Caused by ProxyError('Unable to connect to proxy', RemoteDisconnected('Remote end closed connection without response')))
2026-03-05 00:38:51,537 - quanttool.infrastructure.data_providers.data_fetcher - WARNING - AkShare attempt 2 failed: HTTPSConnectionPool(host='push2his.eastmoney.com', port=443): Max retries exceeded with url: /api/qt/stock/kline/get?fields1=f1%2Cf2%2Cf3%2Cf4%2Cf5%2Cf6&fields2=f51%2Cf52%2Cf53%2Cf54%2Cf55%2Cf56%2Cf57%2Cf58%2Cf59%2Cf60%2Cf61%2Cf116&ut=7eea3edcaed734bea9cbfc24409ed989&klt=101&fqt=1&secid=1.601669&beg=20250310&end=20260305 (Caused by ProxyError('Unable to connect to proxy', RemoteDisconnected('Remote end closed connection without response')))
2026-03-05 00:38:52,466 - quanttool.infrastructure.data_providers.data_fetcher - WARNING - 腾讯数据获取失败: 6 columns passed, passed data had 7 columns
2026-03-05 00:38:52,466 - quanttool.infrastructure.data_providers.data_fetcher - WARNING - Ashare returned no data for 601688.SH
2026-03-05 00:38:52,611 - quanttool.infrastructure.data_providers.data_fetcher - WARNING - AkShare attempt 3 failed: HTTPSConnectionPool(host='push2his.eastmoney.com', port=443): Max retries exceeded with url: /api/qt/stock/kline/get?fields1=f1%2Cf2%2Cf3%2Cf4%2Cf5%2Cf6&fields2=f51%2Cf52%2Cf53%2Cf54%2Cf55%2Cf56%2Cf57%2Cf58%2Cf59%2Cf60%2Cf61%2Cf116&ut=7eea3edcaed734bea9cbfc24409ed989&klt=101&fqt=1&secid=1.601669&beg=20250310&end=20260305 (Caused by ProxyError('Unable to connect to proxy', RemoteDisconnected('Remote end closed connection without response')))
2026-03-05 00:38:52,612 - quanttool.infrastructure.data_providers.data_fetcher - WARNING - No AkShare data found for 601669.SH: HTTPSConnectionPool(host='push2his.eastmoney.com', port=443): Max retries exceeded with url: /api/qt/stock/kline/get?fields1=f1%2Cf2%2Cf3%2Cf4%2Cf5%2Cf6&fields2=f51%2Cf52%2Cf53%2Cf54%2Cf55%2Cf56%2Cf57%2Cf58%2Cf59%2Cf60%2Cf61%2Cf116&ut=7eea3edcaed734bea9cbfc24409ed989&klt=101&fqt=1&secid=1.601669&beg=20250310&end=20260305 (Caused by ProxyError('Unable to connect to proxy', RemoteDisconnected('Remote end closed connection without response')))
2026-03-05 00:38:52,612 - quanttool.infrastructure.data_providers.data_fetcher - INFO - Fetching 601669.SH from BaoStock using sh.601669
2026-03-05 00:38:52,870 - quanttool.infrastructure.data_providers.data_fetcher - WARNING - No BaoStock data found for 601377.SH
2026-03-05 00:38:52,871 - quanttool.infrastructure.data_providers.data_fetcher - INFO - Fetching 601689.SH from Ashare (primary source)
2026-03-05 00:38:55,333 - quanttool.infrastructure.data_providers.data_fetcher - ERROR - Error fetching EastMoney data for 601688.SH: HTTPSConnectionPool(host='push2his.eastmoney.com', port=443): Max retries exceeded with url: /api/qt/stock/kline/get?secid=1.601688&ut=fa5fd1943c7b386f172d6893dbfba10b&fields1=f1%2Cf2%2Cf3%2Cf4%2Cf5%2Cf6&fields2=f51%2Cf52%2Cf53%2Cf54%2Cf55%2Cf56%2Cf57%2Cf58%2Cf59%2Cf60%2Cf61&klt=101&fqt=1&beg=20250310&end=20260305 (Caused by ProxyError('Unable to connect to proxy', RemoteDisconnected('Remote end closed connection without response')))
2026-03-05 00:38:55,333 - quanttool.infrastructure.data_providers.data_fetcher - INFO - Fetching 601688.SH from AkShare using base symbol 601688
2026-03-05 00:38:55,405 - quanttool.infrastructure.data_providers.data_fetcher - WARNING - AkShare attempt 1 failed: HTTPSConnectionPool(host='push2his.eastmoney.com', port=443): Max retries exceeded with url: /api/qt/stock/kline/get?fields1=f1%2Cf2%2Cf3%2Cf4%2Cf5%2Cf6&fields2=f51%2Cf52%2Cf53%2Cf54%2Cf55%2Cf56%2Cf57%2Cf58%2Cf59%2Cf60%2Cf61%2Cf116&ut=7eea3edcaed734bea9cbfc24409ed989&klt=101&fqt=1&secid=1.601688&beg=20250310&end=20260305 (Caused by ProxyError('Unable to connect to proxy', RemoteDisconnected('Remote end closed connection without response')))
2026-03-05 00:38:55,571 - quanttool.infrastructure.data_providers.data_fetcher - WARNING - 新浪数据获取失败: Expecting value: line 1 column 1 (char 0)
2026-03-05 00:38:56,471 - quanttool.infrastructure.data_providers.data_fetcher - WARNING - AkShare attempt 2 failed: HTTPSConnectionPool(host='push2his.eastmoney.com', port=443): Max retries exceeded with url: /api/qt/stock/kline/get?fields1=f1%2Cf2%2Cf3%2Cf4%2Cf5%2Cf6&fields2=f51%2Cf52%2Cf53%2Cf54%2Cf55%2Cf56%2Cf57%2Cf58%2Cf59%2Cf60%2Cf61%2Cf116&ut=7eea3edcaed734bea9cbfc24409ed989&klt=101&fqt=1&secid=1.601688&beg=20250310&end=20260305 (Caused by ProxyError('Unable to connect to proxy', RemoteDisconnected('Remote end closed connection without response')))
2026-03-05 00:38:57,533 - quanttool.infrastructure.data_providers.data_fetcher - WARNING - AkShare attempt 3 failed: HTTPSConnectionPool(host='push2his.eastmoney.com', port=443): Max retries exceeded with url: /api/qt/stock/kline/get?fields1=f1%2Cf2%2Cf3%2Cf4%2Cf5%2Cf6&fields2=f51%2Cf52%2Cf53%2Cf54%2Cf55%2Cf56%2Cf57%2Cf58%2Cf59%2Cf60%2Cf61%2Cf116&ut=7eea3edcaed734bea9cbfc24409ed989&klt=101&fqt=1&secid=1.601688&beg=20250310&end=20260305 (Caused by ProxyError('Unable to connect to proxy', RemoteDisconnected('Remote end closed connection without response')))
2026-03-05 00:38:57,533 - quanttool.infrastructure.data_providers.data_fetcher - WARNING - No AkShare data found for 601688.SH: HTTPSConnectionPool(host='push2his.eastmoney.com', port=443): Max retries exceeded with url: /api/qt/stock/kline/get?fields1=f1%2Cf2%2Cf3%2Cf4%2Cf5%2Cf6&fields2=f51%2Cf52%2Cf53%2Cf54%2Cf55%2Cf56%2Cf57%2Cf58%2Cf59%2Cf60%2Cf61%2Cf116&ut=7eea3edcaed734bea9cbfc24409ed989&klt=101&fqt=1&secid=1.601688&beg=20250310&end=20260305 (Caused by ProxyError('Unable to connect to proxy', RemoteDisconnected('Remote end closed connection without response')))
2026-03-05 00:38:57,533 - quanttool.infrastructure.data_providers.data_fetcher - INFO - Fetching 601688.SH from BaoStock using sh.601688
2026-03-05 00:38:57,811 - quanttool.infrastructure.data_providers.data_fetcher - WARNING - No BaoStock data found for 601390.SH
2026-03-05 00:38:57,812 - quanttool.infrastructure.data_providers.data_fetcher - INFO - Progress: 20/30 symbols fetched
2026-03-05 00:38:57,812 - quanttool.infrastructure.data_providers.data_fetcher - INFO - Fetching 601698.SH from Ashare (primary source)
2026-03-05 00:38:58,412 - quanttool.infrastructure.data_providers.data_fetcher - WARNING - 腾讯数据获取失败: 6 columns passed, passed data had 7 columns
2026-03-05 00:38:58,412 - quanttool.infrastructure.data_providers.data_fetcher - WARNING - Ashare returned no data for 601689.SH
2026-03-05 00:38:59,392 - quanttool.infrastructure.data_providers.data_fetcher - WARNING - 新浪数据获取失败: Expecting value: line 1 column 1 (char 0)
2026-03-05 00:39:00,004 - quanttool.infrastructure.data_providers.data_fetcher - ERROR - Error fetching EastMoney data for 601689.SH: HTTPSConnectionPool(host='push2his.eastmoney.com', port=443): Max retries exceeded with url: /api/qt/stock/kline/get?secid=1.601689&ut=fa5fd1943c7b386f172d6893dbfba10b&fields1=f1%2Cf2%2Cf3%2Cf4%2Cf5%2Cf6&fields2=f51%2Cf52%2Cf53%2Cf54%2Cf55%2Cf56%2Cf57%2Cf58%2Cf59%2Cf60%2Cf61&klt=101&fqt=1&beg=20250310&end=20260305 (Caused by ProxyError('Unable to connect to proxy', RemoteDisconnected('Remote end closed connection without response')))
2026-03-05 00:39:00,005 - quanttool.infrastructure.data_providers.data_fetcher - INFO - Fetching 601689.SH from AkShare using base symbol 601689
2026-03-05 00:39:00,061 - quanttool.infrastructure.data_providers.data_fetcher - WARNING - AkShare attempt 1 failed: HTTPSConnectionPool(host='push2his.eastmoney.com', port=443): Max retries exceeded with url: /api/qt/stock/kline/get?fields1=f1%2Cf2%2Cf3%2Cf4%2Cf5%2Cf6&fields2=f51%2Cf52%2Cf53%2Cf54%2Cf55%2Cf56%2Cf57%2Cf58%2Cf59%2Cf60%2Cf61%2Cf116&ut=7eea3edcaed734bea9cbfc24409ed989&klt=101&fqt=1&secid=1.601689&beg=20250310&end=20260305 (Caused by ProxyError('Unable to connect to proxy', RemoteDisconnected('Remote end closed connection without response')))
2026-03-05 00:39:01,126 - quanttool.infrastructure.data_providers.data_fetcher - WARNING - AkShare attempt 2 failed: HTTPSConnectionPool(host='push2his.eastmoney.com', port=443): Max retries exceeded with url: /api/qt/stock/kline/get?fields1=f1%2Cf2%2Cf3%2Cf4%2Cf5%2Cf6&fields2=f51%2Cf52%2Cf53%2Cf54%2Cf55%2Cf56%2Cf57%2Cf58%2Cf59%2Cf60%2Cf61%2Cf116&ut=7eea3edcaed734bea9cbfc24409ed989&klt=101&fqt=1&secid=1.601689&beg=20250310&end=20260305 (Caused by ProxyError('Unable to connect to proxy', RemoteDisconnected('Remote end closed connection without response')))
2026-03-05 00:39:01,516 - quanttool.infrastructure.data_providers.data_fetcher - WARNING - 腾讯数据获取失败: 6 columns passed, passed data had 7 columns
2026-03-05 00:39:01,517 - quanttool.infrastructure.data_providers.data_fetcher - WARNING - Ashare returned no data for 601698.SH
2026-03-05 00:39:02,204 - quanttool.infrastructure.data_providers.data_fetcher - WARNING - AkShare attempt 3 failed: HTTPSConnectionPool(host='push2his.eastmoney.com', port=443): Max retries exceeded with url: /api/qt/stock/kline/get?fields1=f1%2Cf2%2Cf3%2Cf4%2Cf5%2Cf6&fields2=f51%2Cf52%2Cf53%2Cf54%2Cf55%2Cf56%2Cf57%2Cf58%2Cf59%2Cf60%2Cf61%2Cf116&ut=7eea3edcaed734bea9cbfc24409ed989&klt=101&fqt=1&secid=1.601689&beg=20250310&end=20260305 (Caused by ProxyError('Unable to connect to proxy', RemoteDisconnected('Remote end closed connection without response')))
2026-03-05 00:39:02,204 - quanttool.infrastructure.data_providers.data_fetcher - WARNING - No AkShare data found for 601689.SH: HTTPSConnectionPool(host='push2his.eastmoney.com', port=443): Max retries exceeded with url: /api/qt/stock/kline/get?fields1=f1%2Cf2%2Cf3%2Cf4%2Cf5%2Cf6&fields2=f51%2Cf52%2Cf53%2Cf54%2Cf55%2Cf56%2Cf57%2Cf58%2Cf59%2Cf60%2Cf61%2Cf116&ut=7eea3edcaed734bea9cbfc24409ed989&klt=101&fqt=1&secid=1.601689&beg=20250310&end=20260305 (Caused by ProxyError('Unable to connect to proxy', RemoteDisconnected('Remote end closed connection without response')))
2026-03-05 00:39:02,204 - quanttool.infrastructure.data_providers.data_fetcher - INFO - Fetching 601689.SH from BaoStock using sh.601689
2026-03-05 00:39:02,440 - quanttool.infrastructure.data_providers.data_fetcher - WARNING - No BaoStock data found for 601600.SH
2026-03-05 00:39:04,158 - quanttool.infrastructure.data_providers.data_fetcher - ERROR - Error fetching EastMoney data for 601698.SH: HTTPSConnectionPool(host='push2his.eastmoney.com', port=443): Max retries exceeded with url: /api/qt/stock/kline/get?secid=1.601698&ut=fa5fd1943c7b386f172d6893dbfba10b&fields1=f1%2Cf2%2Cf3%2Cf4%2Cf5%2Cf6&fields2=f51%2Cf52%2Cf53%2Cf54%2Cf55%2Cf56%2Cf57%2Cf58%2Cf59%2Cf60%2Cf61&klt=101&fqt=1&beg=20250310&end=20260305 (Caused by ProxyError('Unable to connect to proxy', RemoteDisconnected('Remote end closed connection without response')))
2026-03-05 00:39:04,158 - quanttool.infrastructure.data_providers.data_fetcher - INFO - Fetching 601698.SH from AkShare using base symbol 601698
2026-03-05 00:39:04,211 - quanttool.infrastructure.data_providers.data_fetcher - WARNING - AkShare attempt 1 failed: HTTPSConnectionPool(host='push2his.eastmoney.com', port=443): Max retries exceeded with url: /api/qt/stock/kline/get?fields1=f1%2Cf2%2Cf3%2Cf4%2Cf5%2Cf6&fields2=f51%2Cf52%2Cf53%2Cf54%2Cf55%2Cf56%2Cf57%2Cf58%2Cf59%2Cf60%2Cf61%2Cf116&ut=7eea3edcaed734bea9cbfc24409ed989&klt=101&fqt=1&secid=1.601698&beg=20250310&end=20260305 (Caused by ProxyError('Unable to connect to proxy', RemoteDisconnected('Remote end closed connection without response')))
2026-03-05 00:39:05,281 - quanttool.infrastructure.data_providers.data_fetcher - WARNING - AkShare attempt 2 failed: HTTPSConnectionPool(host='push2his.eastmoney.com', port=443): Max retries exceeded with url: /api/qt/stock/kline/get?fields1=f1%2Cf2%2Cf3%2Cf4%2Cf5%2Cf6&fields2=f51%2Cf52%2Cf53%2Cf54%2Cf55%2Cf56%2Cf57%2Cf58%2Cf59%2Cf60%2Cf61%2Cf116&ut=7eea3edcaed734bea9cbfc24409ed989&klt=101&fqt=1&secid=1.601698&beg=20250310&end=20260305 (Caused by ProxyError('Unable to connect to proxy', RemoteDisconnected('Remote end closed connection without response')))
2026-03-05 00:39:06,355 - quanttool.infrastructure.data_providers.data_fetcher - WARNING - AkShare attempt 3 failed: HTTPSConnectionPool(host='push2his.eastmoney.com', port=443): Max retries exceeded with url: /api/qt/stock/kline/get?fields1=f1%2Cf2%2Cf3%2Cf4%2Cf5%2Cf6&fields2=f51%2Cf52%2Cf53%2Cf54%2Cf55%2Cf56%2Cf57%2Cf58%2Cf59%2Cf60%2Cf61%2Cf116&ut=7eea3edcaed734bea9cbfc24409ed989&klt=101&fqt=1&secid=1.601698&beg=20250310&end=20260305 (Caused by ProxyError('Unable to connect to proxy', RemoteDisconnected('Remote end closed connection without response')))
2026-03-05 00:39:06,355 - quanttool.infrastructure.data_providers.data_fetcher - WARNING - No AkShare data found for 601698.SH: HTTPSConnectionPool(host='push2his.eastmoney.com', port=443): Max retries exceeded with url: /api/qt/stock/kline/get?fields1=f1%2Cf2%2Cf3%2Cf4%2Cf5%2Cf6&fields2=f51%2Cf52%2Cf53%2Cf54%2Cf55%2Cf56%2Cf57%2Cf58%2Cf59%2Cf60%2Cf61%2Cf116&ut=7eea3edcaed734bea9cbfc24409ed989&klt=101&fqt=1&secid=1.601698&beg=20250310&end=20260305 (Caused by ProxyError('Unable to connect to proxy', RemoteDisconnected('Remote end closed connection without response')))
2026-03-05 00:39:06,356 - quanttool.infrastructure.data_providers.data_fetcher - INFO - Fetching 601698.SH from BaoStock using sh.601698
2026-03-05 00:39:06,489 - quanttool.infrastructure.data_providers.data_fetcher - WARNING - No BaoStock data found for 601633.SH
2026-03-05 01:06:17,673 - quanttool.infrastructure.cache.local_cache - INFO - LocalDataCache initialized at .cache/stock_data
2026-03-05 01:06:17,673 - quanttool.infrastructure.data_providers.data_fetcher - INFO - Local cache enabled at .cache/stock_data
2026-03-05 01:06:17,673 - quanttool.infrastructure.data_providers.data_fetcher - INFO - AkShare is available and will be used as fallback
2026-03-05 01:06:17,673 - quanttool.infrastructure.data_providers.data_fetcher - INFO - Skipping Tushare connection test (unreliable)
2026-03-05 01:06:17,893 - quanttool.infrastructure.data_providers.data_fetcher - INFO - EastMoney connection verified
2026-03-05 01:06:17,894 - quanttool.infrastructure.data_providers.data_fetcher - INFO - EnhancedDataFetcher initialized successfully (Ashare as primary)
2026-03-05 01:06:18,043 - quanttool.infrastructure.data_providers.data_fetcher - WARNING - Failed to get CSI 300 constituents from Tushare: 抱歉，您没有接口访问权限，权限的具体详情访问：https://tushare.pro/document/1?doc_id=108。
2026-03-05 01:06:18,043 - quanttool.infrastructure.data_providers.data_fetcher - INFO - Trying to get CSI 300 constituents from AkShare...
2026-03-05 01:06:18,134 - quanttool.infrastructure.data_providers.data_fetcher - INFO - Successfully got 300 CSI 300 constituents from AkShare
2026-03-05 01:06:18,136 - quanttool.infrastructure.cache.local_cache - INFO - LocalDataCache initialized at .cache/stock_data
2026-03-05 01:06:18,136 - quanttool.infrastructure.data_providers.data_fetcher - INFO - Local cache enabled at .cache/stock_data
2026-03-05 01:06:18,136 - quanttool.infrastructure.data_providers.data_fetcher - INFO - AkShare is available and will be used as fallback
2026-03-05 01:06:18,136 - quanttool.infrastructure.data_providers.data_fetcher - INFO - Skipping Tushare connection test (unreliable)
2026-03-05 01:06:18,343 - quanttool.infrastructure.data_providers.data_fetcher - INFO - EastMoney connection verified
2026-03-05 01:06:18,343 - quanttool.infrastructure.data_providers.data_fetcher - INFO - EnhancedDataFetcher initialized successfully (Ashare as primary)
2026-03-05 01:06:18,404 - quanttool.infrastructure.cache.local_cache - INFO - Cache hit for 000001.SZ: 239 rows
2026-03-05 01:06:18,405 - quanttool.infrastructure.cache.local_cache - INFO - Cache hit for 000002.SZ: 239 rows
2026-03-05 01:06:18,407 - quanttool.infrastructure.cache.local_cache - INFO - Cache hit for 000063.SZ: 239 rows
2026-03-05 01:06:18,408 - quanttool.infrastructure.cache.local_cache - INFO - Cache hit for 000100.SZ: 239 rows
2026-03-05 01:06:18,409 - quanttool.infrastructure.cache.local_cache - INFO - Cache hit for 000157.SZ: 239 rows
2026-03-05 01:06:18,411 - quanttool.infrastructure.cache.local_cache - INFO - Cache hit for 000166.SZ: 239 rows
2026-03-05 01:06:18,412 - quanttool.infrastructure.cache.local_cache - INFO - Cache hit for 000301.SZ: 239 rows
2026-03-05 01:06:18,413 - quanttool.infrastructure.cache.local_cache - INFO - Cache hit for 000333.SZ: 239 rows
2026-03-05 01:06:18,415 - quanttool.infrastructure.cache.local_cache - INFO - Cache hit for 000338.SZ: 239 rows
2026-03-05 01:06:18,416 - quanttool.infrastructure.cache.local_cache - INFO - Cache hit for 000408.SZ: 239 rows
2026-03-05 01:06:18,417 - quanttool.infrastructure.cache.local_cache - INFO - Cache hit for 000425.SZ: 239 rows
2026-03-05 01:06:18,418 - quanttool.infrastructure.cache.local_cache - INFO - Cache hit for 000538.SZ: 239 rows
2026-03-05 01:06:18,420 - quanttool.infrastructure.cache.local_cache - INFO - Cache hit for 000568.SZ: 239 rows
2026-03-05 01:06:18,421 - quanttool.infrastructure.cache.local_cache - INFO - Cache hit for 000596.SZ: 239 rows
2026-03-05 01:06:18,422 - quanttool.infrastructure.cache.local_cache - INFO - Cache hit for 000617.SZ: 239 rows
2026-03-05 01:06:18,424 - quanttool.infrastructure.cache.local_cache - INFO - Cache hit for 000625.SZ: 239 rows
2026-03-05 01:06:18,425 - quanttool.infrastructure.cache.local_cache - INFO - Cache hit for 000630.SZ: 239 rows
2026-03-05 01:06:18,426 - quanttool.infrastructure.cache.local_cache - INFO - Cache hit for 000651.SZ: 239 rows
2026-03-05 01:06:18,427 - quanttool.infrastructure.cache.local_cache - INFO - Cache hit for 000661.SZ: 239 rows
2026-03-05 01:06:18,428 - quanttool.infrastructure.cache.local_cache - INFO - Cache hit for 000708.SZ: 239 rows
2026-03-05 01:06:18,430 - quanttool.infrastructure.cache.local_cache - INFO - Cache hit for 000725.SZ: 239 rows
2026-03-05 01:06:18,431 - quanttool.infrastructure.cache.local_cache - INFO - Cache hit for 000768.SZ: 239 rows
2026-03-05 01:06:18,432 - quanttool.infrastructure.cache.local_cache - INFO - Cache hit for 000776.SZ: 239 rows
2026-03-05 01:06:18,433 - quanttool.infrastructure.cache.local_cache - INFO - Cache hit for 000786.SZ: 239 rows
2026-03-05 01:06:18,435 - quanttool.infrastructure.cache.local_cache - INFO - Cache hit for 000792.SZ: 239 rows
2026-03-05 01:06:18,436 - quanttool.infrastructure.cache.local_cache - INFO - Cache hit for 000807.SZ: 239 rows
2026-03-05 01:06:18,437 - quanttool.infrastructure.cache.local_cache - INFO - Cache hit for 000858.SZ: 239 rows
2026-03-05 01:06:18,438 - quanttool.infrastructure.cache.local_cache - INFO - Cache hit for 000876.SZ: 239 rows
2026-03-05 01:06:18,439 - quanttool.infrastructure.cache.local_cache - INFO - Cache hit for 000895.SZ: 239 rows
2026-03-05 01:06:18,440 - quanttool.infrastructure.cache.local_cache - INFO - Cache hit for 000938.SZ: 239 rows
2026-03-05 01:06:18,441 - quanttool.infrastructure.data_providers.data_fetcher - INFO - Cache hit: 30/30 symbols
2026-03-05 01:06:18,442 - quanttool.infrastructure.cache.local_cache - INFO - Cache hit for 000963.SZ: 239 rows
2026-03-05 01:06:18,443 - quanttool.infrastructure.cache.local_cache - INFO - Cache hit for 000975.SZ: 239 rows
2026-03-05 01:06:18,444 - quanttool.infrastructure.cache.local_cache - INFO - Cache hit for 000977.SZ: 239 rows
2026-03-05 01:06:18,445 - quanttool.infrastructure.cache.local_cache - INFO - Cache hit for 000983.SZ: 239 rows
2026-03-05 01:06:18,447 - quanttool.infrastructure.cache.local_cache - INFO - Cache hit for 000999.SZ: 239 rows
2026-03-05 01:06:18,448 - quanttool.infrastructure.cache.local_cache - INFO - Cache hit for 001391.SZ: 239 rows
2026-03-05 01:06:18,449 - quanttool.infrastructure.cache.local_cache - INFO - Cache hit for 001965.SZ: 239 rows
2026-03-05 01:06:18,450 - quanttool.infrastructure.cache.local_cache - INFO - Cache hit for 001979.SZ: 239 rows
2026-03-05 01:06:18,451 - quanttool.infrastructure.cache.local_cache - INFO - Cache hit for 002001.SZ: 239 rows
2026-03-05 01:06:18,453 - quanttool.infrastructure.cache.local_cache - INFO - Cache hit for 002027.SZ: 239 rows
2026-03-05 01:06:18,454 - quanttool.infrastructure.cache.local_cache - INFO - Cache hit for 002028.SZ: 239 rows
2026-03-05 01:06:18,455 - quanttool.infrastructure.cache.local_cache - INFO - Cache hit for 002049.SZ: 229 rows
2026-03-05 01:06:18,457 - quanttool.infrastructure.cache.local_cache - INFO - Cache hit for 002050.SZ: 239 rows
2026-03-05 01:06:18,458 - quanttool.infrastructure.cache.local_cache - INFO - Cache hit for 002074.SZ: 239 rows
2026-03-05 01:06:18,459 - quanttool.infrastructure.cache.local_cache - INFO - Cache hit for 002142.SZ: 239 rows
2026-03-05 01:06:18,460 - quanttool.infrastructure.cache.local_cache - INFO - Cache hit for 002179.SZ: 239 rows
2026-03-05 01:06:18,462 - quanttool.infrastructure.cache.local_cache - INFO - Cache hit for 002230.SZ: 239 rows
2026-03-05 01:06:18,463 - quanttool.infrastructure.cache.local_cache - INFO - Cache hit for 002236.SZ: 239 rows
2026-03-05 01:06:18,464 - quanttool.infrastructure.cache.local_cache - INFO - Cache hit for 002241.SZ: 239 rows
2026-03-05 01:06:18,465 - quanttool.infrastructure.cache.local_cache - INFO - Cache hit for 002252.SZ: 239 rows
2026-03-05 01:06:18,466 - quanttool.infrastructure.cache.local_cache - INFO - Cache hit for 002304.SZ: 239 rows
2026-03-05 01:06:18,467 - quanttool.infrastructure.cache.local_cache - INFO - Cache hit for 002311.SZ: 239 rows
2026-03-05 01:06:18,468 - quanttool.infrastructure.cache.local_cache - INFO - Cache hit for 002352.SZ: 239 rows
2026-03-05 01:06:18,470 - quanttool.infrastructure.cache.local_cache - INFO - Cache hit for 002371.SZ: 239 rows
2026-03-05 01:06:18,471 - quanttool.infrastructure.cache.local_cache - INFO - Cache hit for 002384.SZ: 239 rows
2026-03-05 01:06:18,472 - quanttool.infrastructure.cache.local_cache - INFO - Cache hit for 002415.SZ: 239 rows
2026-03-05 01:06:18,473 - quanttool.infrastructure.cache.local_cache - INFO - Cache hit for 002422.SZ: 239 rows
2026-03-05 01:06:18,474 - quanttool.infrastructure.cache.local_cache - INFO - Cache hit for 002459.SZ: 239 rows
2026-03-05 01:06:18,476 - quanttool.infrastructure.cache.local_cache - INFO - Cache hit for 002460.SZ: 239 rows
2026-03-05 01:06:18,477 - quanttool.infrastructure.cache.local_cache - INFO - Cache hit for 002463.SZ: 239 rows
2026-03-05 01:06:18,477 - quanttool.infrastructure.data_providers.data_fetcher - INFO - Cache hit: 30/30 symbols
2026-03-05 01:06:18,479 - quanttool.infrastructure.cache.local_cache - INFO - Cache hit for 002466.SZ: 239 rows
2026-03-05 01:06:18,480 - quanttool.infrastructure.cache.local_cache - INFO - Cache hit for 002475.SZ: 239 rows
2026-03-05 01:06:18,481 - quanttool.infrastructure.cache.local_cache - INFO - Cache hit for 002493.SZ: 239 rows
2026-03-05 01:06:18,483 - quanttool.infrastructure.cache.local_cache - INFO - Cache hit for 002594.SZ: 239 rows
2026-03-05 01:06:18,484 - quanttool.infrastructure.cache.local_cache - INFO - Cache hit for 002600.SZ: 239 rows
2026-03-05 01:06:18,485 - quanttool.infrastructure.cache.local_cache - INFO - Cache hit for 002601.SZ: 239 rows
2026-03-05 01:06:18,486 - quanttool.infrastructure.cache.local_cache - INFO - Cache hit for 002625.SZ: 239 rows
2026-03-05 01:06:18,487 - quanttool.infrastructure.cache.local_cache - INFO - Cache hit for 002648.SZ: 239 rows
2026-03-05 01:06:18,489 - quanttool.infrastructure.cache.local_cache - INFO - Cache hit for 002709.SZ: 239 rows
2026-03-05 01:06:18,490 - quanttool.infrastructure.cache.local_cache - INFO - Cache hit for 002714.SZ: 239 rows
2026-03-05 01:06:18,491 - quanttool.infrastructure.cache.local_cache - INFO - Cache hit for 002736.SZ: 239 rows
2026-03-05 01:06:18,492 - quanttool.infrastructure.cache.local_cache - INFO - Cache hit for 002916.SZ: 239 rows
2026-03-05 01:06:18,494 - quanttool.infrastructure.cache.local_cache - INFO - Cache hit for 002920.SZ: 239 rows
2026-03-05 01:06:18,495 - quanttool.infrastructure.cache.local_cache - INFO - Cache hit for 002938.SZ: 239 rows
2026-03-05 01:06:18,495 - quanttool.infrastructure.cache.local_cache - INFO - Cache hit for 003816.SZ: 239 rows
2026-03-05 01:06:18,497 - quanttool.infrastructure.cache.local_cache - INFO - Cache hit for 300014.SZ: 239 rows
2026-03-05 01:06:18,498 - quanttool.infrastructure.cache.local_cache - INFO - Cache hit for 300015.SZ: 239 rows
2026-03-05 01:06:18,499 - quanttool.infrastructure.cache.local_cache - INFO - Cache hit for 300033.SZ: 239 rows
2026-03-05 01:06:18,500 - quanttool.infrastructure.cache.local_cache - INFO - Cache hit for 300059.SZ: 239 rows
2026-03-05 01:06:18,501 - quanttool.infrastructure.cache.local_cache - INFO - Cache hit for 300122.SZ: 239 rows
2026-03-05 01:06:18,503 - quanttool.infrastructure.cache.local_cache - INFO - Cache hit for 300124.SZ: 239 rows
2026-03-05 01:06:18,504 - quanttool.infrastructure.cache.local_cache - INFO - Cache hit for 300251.SZ: 239 rows
2026-03-05 01:06:18,505 - quanttool.infrastructure.cache.local_cache - INFO - Cache hit for 300274.SZ: 239 rows
2026-03-05 01:06:18,507 - quanttool.infrastructure.cache.local_cache - INFO - Cache hit for 300308.SZ: 239 rows
2026-03-05 01:06:18,508 - quanttool.infrastructure.cache.local_cache - INFO - Cache hit for 300316.SZ: 239 rows
2026-03-05 01:06:18,510 - quanttool.infrastructure.cache.local_cache - INFO - Cache hit for 300347.SZ: 239 rows
2026-03-05 01:06:18,511 - quanttool.infrastructure.cache.local_cache - INFO - Cache hit for 300394.SZ: 239 rows
2026-03-05 01:06:18,513 - quanttool.infrastructure.cache.local_cache - INFO - Cache hit for 300408.SZ: 239 rows
2026-03-05 01:06:18,514 - quanttool.infrastructure.cache.local_cache - INFO - Cache hit for 300413.SZ: 239 rows
2026-03-05 01:06:18,515 - quanttool.infrastructure.cache.local_cache - INFO - Cache hit for 300418.SZ: 239 rows
2026-03-05 01:06:18,515 - quanttool.infrastructure.data_providers.data_fetcher - INFO - Cache hit: 30/30 symbols
2026-03-05 01:06:18,517 - quanttool.infrastructure.cache.local_cache - INFO - Cache hit for 300433.SZ: 239 rows
2026-03-05 01:06:18,518 - quanttool.infrastructure.cache.local_cache - INFO - Cache hit for 300442.SZ: 233 rows
2026-03-05 01:06:18,519 - quanttool.infrastructure.cache.local_cache - INFO - Cache hit for 300476.SZ: 239 rows
2026-03-05 01:06:18,521 - quanttool.infrastructure.cache.local_cache - INFO - Cache hit for 300498.SZ: 239 rows
2026-03-05 01:06:18,522 - quanttool.infrastructure.cache.local_cache - INFO - Cache hit for 300502.SZ: 239 rows
2026-03-05 01:06:18,523 - quanttool.infrastructure.cache.local_cache - INFO - Cache hit for 300628.SZ: 239 rows
2026-03-05 01:06:18,525 - quanttool.infrastructure.cache.local_cache - INFO - Cache hit for 300661.SZ: 239 rows
2026-03-05 01:06:18,526 - quanttool.infrastructure.cache.local_cache - INFO - Cache hit for 300750.SZ: 239 rows
2026-03-05 01:06:18,527 - quanttool.infrastructure.cache.local_cache - INFO - Cache hit for 300759.SZ: 239 rows
2026-03-05 01:06:18,528 - quanttool.infrastructure.cache.local_cache - INFO - Cache hit for 300760.SZ: 239 rows
2026-03-05 01:06:18,529 - quanttool.infrastructure.cache.local_cache - INFO - Cache hit for 300782.SZ: 239 rows
2026-03-05 01:06:18,531 - quanttool.infrastructure.cache.local_cache - INFO - Cache hit for 300803.SZ: 239 rows
2026-03-05 01:06:18,532 - quanttool.infrastructure.cache.local_cache - INFO - Cache hit for 300832.SZ: 239 rows
2026-03-05 01:06:18,533 - quanttool.infrastructure.cache.local_cache - INFO - Cache hit for 300866.SZ: 239 rows
2026-03-05 01:06:18,534 - quanttool.infrastructure.cache.local_cache - INFO - Cache hit for 300896.SZ: 239 rows
2026-03-05 01:06:18,535 - quanttool.infrastructure.cache.local_cache - INFO - Cache hit for 300979.SZ: 239 rows
2026-03-05 01:06:18,537 - quanttool.infrastructure.cache.local_cache - INFO - Cache hit for 300999.SZ: 239 rows
2026-03-05 01:06:18,538 - quanttool.infrastructure.cache.local_cache - INFO - Cache hit for 301236.SZ: 239 rows
2026-03-05 01:06:18,539 - quanttool.infrastructure.cache.local_cache - INFO - Cache hit for 301269.SZ: 229 rows
2026-03-05 01:06:18,541 - quanttool.infrastructure.cache.local_cache - INFO - Cache hit for 302132.SZ: 239 rows
2026-03-05 01:06:18,542 - quanttool.infrastructure.cache.local_cache - INFO - Cache hit for 600000.SH: 239 rows
2026-03-05 01:06:18,543 - quanttool.infrastructure.cache.local_cache - INFO - Cache hit for 600009.SH: 239 rows
2026-03-05 01:06:18,545 - quanttool.infrastructure.cache.local_cache - INFO - Cache hit for 600010.SH: 239 rows
2026-03-05 01:06:18,546 - quanttool.infrastructure.cache.local_cache - INFO - Cache hit for 600011.SH: 239 rows
2026-03-05 01:06:18,547 - quanttool.infrastructure.cache.local_cache - INFO - Cache hit for 600015.SH: 239 rows
2026-03-05 01:06:18,548 - quanttool.infrastructure.cache.local_cache - INFO - Cache hit for 600016.SH: 239 rows
2026-03-05 01:06:18,549 - quanttool.infrastructure.cache.local_cache - INFO - Cache hit for 600018.SH: 239 rows
2026-03-05 01:06:18,551 - quanttool.infrastructure.cache.local_cache - INFO - Cache hit for 600019.SH: 239 rows
2026-03-05 01:06:18,552 - quanttool.infrastructure.cache.local_cache - INFO - Cache hit for 600023.SH: 239 rows
2026-03-05 01:06:18,553 - quanttool.infrastructure.cache.local_cache - INFO - Cache hit for 600025.SH: 239 rows
2026-03-05 01:06:18,553 - quanttool.infrastructure.data_providers.data_fetcher - INFO - Cache hit: 30/30 symbols
2026-03-05 01:06:18,555 - quanttool.infrastructure.cache.local_cache - INFO - Cache hit for 600026.SH: 239 rows
2026-03-05 01:06:18,556 - quanttool.infrastructure.cache.local_cache - INFO - Cache hit for 600027.SH: 239 rows
2026-03-05 01:06:18,557 - quanttool.infrastructure.cache.local_cache - INFO - Cache hit for 600028.SH: 239 rows
2026-03-05 01:06:18,558 - quanttool.infrastructure.cache.local_cache - INFO - Cache hit for 600029.SH: 239 rows
2026-03-05 01:06:18,559 - quanttool.infrastructure.cache.local_cache - INFO - Cache hit for 600030.SH: 239 rows
2026-03-05 01:06:18,560 - quanttool.infrastructure.cache.local_cache - INFO - Cache hit for 600031.SH: 239 rows
2026-03-05 01:06:18,562 - quanttool.infrastructure.cache.local_cache - INFO - Cache hit for 600036.SH: 239 rows
2026-03-05 01:06:18,563 - quanttool.infrastructure.cache.local_cache - INFO - Cache hit for 600039.SH: 239 rows
2026-03-05 01:06:18,564 - quanttool.infrastructure.cache.local_cache - INFO - Cache hit for 600048.SH: 239 rows
2026-03-05 01:06:18,565 - quanttool.infrastructure.cache.local_cache - INFO - Cache hit for 600050.SH: 239 rows
2026-03-05 01:06:18,566 - quanttool.infrastructure.cache.local_cache - INFO - Cache hit for 600061.SH: 239 rows
2026-03-05 01:06:18,568 - quanttool.infrastructure.cache.local_cache - INFO - Cache hit for 600066.SH: 239 rows
2026-03-05 01:06:18,569 - quanttool.infrastructure.cache.local_cache - INFO - Cache hit for 600085.SH: 239 rows
2026-03-05 01:06:18,570 - quanttool.infrastructure.cache.local_cache - INFO - Cache hit for 600089.SH: 239 rows
2026-03-05 01:06:18,572 - quanttool.infrastructure.cache.local_cache - INFO - Cache hit for 600104.SH: 239 rows
2026-03-05 01:06:18,573 - quanttool.infrastructure.cache.local_cache - INFO - Cache hit for 600111.SH: 239 rows
2026-03-05 01:06:18,574 - quanttool.infrastructure.cache.local_cache - INFO - Cache hit for 600115.SH: 239 rows
2026-03-05 01:06:18,576 - quanttool.infrastructure.cache.local_cache - INFO - Cache hit for 600150.SH: 235 rows
2026-03-05 01:06:18,577 - quanttool.infrastructure.cache.local_cache - INFO - Cache hit for 600160.SH: 239 rows
2026-03-05 01:06:18,578 - quanttool.infrastructure.cache.local_cache - INFO - Cache hit for 600161.SH: 239 rows
2026-03-05 01:06:18,579 - quanttool.infrastructure.cache.local_cache - INFO - Cache hit for 600176.SH: 239 rows
2026-03-05 01:06:18,581 - quanttool.infrastructure.cache.local_cache - INFO - Cache hit for 600183.SH: 239 rows
2026-03-05 01:06:18,582 - quanttool.infrastructure.cache.local_cache - INFO - Cache hit for 600188.SH: 239 rows
2026-03-05 01:06:18,583 - quanttool.infrastructure.cache.local_cache - INFO - Cache hit for 600196.SH: 239 rows
2026-03-05 01:06:18,584 - quanttool.infrastructure.cache.local_cache - INFO - Cache hit for 600219.SH: 239 rows
2026-03-05 01:06:18,585 - quanttool.infrastructure.cache.local_cache - INFO - Cache hit for 600233.SH: 239 rows
2026-03-05 01:06:18,587 - quanttool.infrastructure.cache.local_cache - INFO - Cache hit for 600276.SH: 239 rows
2026-03-05 01:06:18,588 - quanttool.infrastructure.cache.local_cache - INFO - Cache hit for 600309.SH: 239 rows
2026-03-05 01:06:18,589 - quanttool.infrastructure.cache.local_cache - INFO - Cache hit for 600346.SH: 239 rows
2026-03-05 01:06:18,590 - quanttool.infrastructure.cache.local_cache - INFO - Cache hit for 600362.SH: 239 rows
2026-03-05 01:06:18,590 - quanttool.infrastructure.data_providers.data_fetcher - INFO - Cache hit: 30/30 symbols
2026-03-05 01:06:18,592 - quanttool.infrastructure.cache.local_cache - INFO - Cache hit for 600372.SH: 239 rows
2026-03-05 01:06:18,593 - quanttool.infrastructure.cache.local_cache - INFO - Cache hit for 600377.SH: 239 rows
2026-03-05 01:06:18,594 - quanttool.infrastructure.cache.local_cache - INFO - Cache hit for 600406.SH: 239 rows
2026-03-05 01:06:18,595 - quanttool.infrastructure.cache.local_cache - INFO - Cache hit for 600415.SH: 239 rows
2026-03-05 01:06:18,596 - quanttool.infrastructure.cache.local_cache - INFO - Cache hit for 600426.SH: 239 rows
2026-03-05 01:06:18,597 - quanttool.infrastructure.cache.local_cache - INFO - Cache hit for 600436.SH: 239 rows
2026-03-05 01:06:18,598 - quanttool.infrastructure.cache.local_cache - INFO - Cache hit for 600438.SH: 233 rows
2026-03-05 01:06:18,599 - quanttool.infrastructure.cache.local_cache - INFO - Cache hit for 600460.SH: 239 rows
2026-03-05 01:06:18,600 - quanttool.infrastructure.cache.local_cache - INFO - Cache hit for 600482.SH: 239 rows
2026-03-05 01:06:18,602 - quanttool.infrastructure.cache.local_cache - INFO - Cache hit for 600489.SH: 239 rows
2026-03-05 01:06:18,603 - quanttool.infrastructure.cache.local_cache - INFO - Cache hit for 600515.SH: 239 rows
2026-03-05 01:06:18,604 - quanttool.infrastructure.cache.local_cache - INFO - Cache hit for 600519.SH: 239 rows
2026-03-05 01:06:18,605 - quanttool.infrastructure.cache.local_cache - INFO - Cache hit for 600522.SH: 239 rows
2026-03-05 01:06:18,607 - quanttool.infrastructure.cache.local_cache - INFO - Cache hit for 600547.SH: 239 rows
2026-03-05 01:06:18,608 - quanttool.infrastructure.cache.local_cache - INFO - Cache hit for 600570.SH: 239 rows
2026-03-05 01:06:18,609 - quanttool.infrastructure.cache.local_cache - INFO - Cache hit for 600584.SH: 239 rows
2026-03-05 01:06:18,611 - quanttool.infrastructure.cache.local_cache - INFO - Cache hit for 600585.SH: 239 rows
2026-03-05 01:06:18,612 - quanttool.infrastructure.cache.local_cache - INFO - Cache hit for 600588.SH: 239 rows
2026-03-05 01:06:18,613 - quanttool.infrastructure.cache.local_cache - INFO - Cache hit for 600600.SH: 239 rows
2026-03-05 01:06:18,615 - quanttool.infrastructure.cache.local_cache - INFO - Cache hit for 600660.SH: 239 rows
2026-03-05 01:06:18,615 - quanttool.infrastructure.cache.local_cache - INFO - Cache hit for 600674.SH: 239 rows
2026-03-05 01:06:18,616 - quanttool.infrastructure.cache.local_cache - INFO - Cache hit for 600690.SH: 239 rows
2026-03-05 01:06:18,618 - quanttool.infrastructure.cache.local_cache - INFO - Cache hit for 600741.SH: 239 rows
2026-03-05 01:06:18,619 - quanttool.infrastructure.cache.local_cache - INFO - Cache hit for 600760.SH: 239 rows
2026-03-05 01:06:18,620 - quanttool.infrastructure.cache.local_cache - INFO - Cache hit for 600795.SH: 239 rows
2026-03-05 01:06:18,621 - quanttool.infrastructure.cache.local_cache - INFO - Cache hit for 600803.SH: 233 rows
2026-03-05 01:06:18,622 - quanttool.infrastructure.cache.local_cache - INFO - Cache hit for 600809.SH: 239 rows
2026-03-05 01:06:18,623 - quanttool.infrastructure.cache.local_cache - INFO - Cache hit for 600845.SH: 239 rows
2026-03-05 01:06:18,624 - quanttool.infrastructure.cache.local_cache - INFO - Cache hit for 600875.SH: 239 rows
2026-03-05 01:06:18,626 - quanttool.infrastructure.cache.local_cache - INFO - Cache hit for 600886.SH: 239 rows
2026-03-05 01:06:18,626 - quanttool.infrastructure.data_providers.data_fetcher - INFO - Cache hit: 30/30 symbols
2026-03-05 01:06:18,627 - quanttool.infrastructure.cache.local_cache - INFO - Cache hit for 600887.SH: 239 rows
2026-03-05 01:06:18,628 - quanttool.infrastructure.cache.local_cache - INFO - Cache hit for 600893.SH: 239 rows
2026-03-05 01:06:18,629 - quanttool.infrastructure.cache.local_cache - INFO - Cache hit for 600900.SH: 239 rows
2026-03-05 01:06:18,630 - quanttool.infrastructure.cache.local_cache - INFO - Cache hit for 600905.SH: 239 rows
2026-03-05 01:06:18,632 - quanttool.infrastructure.cache.local_cache - INFO - Cache hit for 600918.SH: 239 rows
2026-03-05 01:06:18,633 - quanttool.infrastructure.cache.local_cache - INFO - Cache hit for 600919.SH: 239 rows
2026-03-05 01:06:18,634 - quanttool.infrastructure.cache.local_cache - INFO - Cache hit for 600926.SH: 239 rows
2026-03-05 01:06:18,635 - quanttool.infrastructure.cache.local_cache - INFO - Cache hit for 600930.SH: 152 rows
2026-03-05 01:06:18,636 - quanttool.infrastructure.cache.local_cache - INFO - Cache hit for 600938.SH: 239 rows
2026-03-05 01:06:18,637 - quanttool.infrastructure.cache.local_cache - INFO - Cache hit for 600941.SH: 239 rows
2026-03-05 01:06:18,638 - quanttool.infrastructure.cache.local_cache - INFO - Cache hit for 600958.SH: 239 rows
2026-03-05 01:06:18,639 - quanttool.infrastructure.cache.local_cache - INFO - Cache hit for 600989.SH: 239 rows
2026-03-05 01:06:18,641 - quanttool.infrastructure.cache.local_cache - INFO - Cache hit for 600999.SH: 239 rows
2026-03-05 01:06:18,642 - quanttool.infrastructure.cache.local_cache - INFO - Cache hit for 601006.SH: 239 rows
2026-03-05 01:06:18,643 - quanttool.infrastructure.cache.local_cache - INFO - Cache hit for 601009.SH: 239 rows
2026-03-05 01:06:18,645 - quanttool.infrastructure.cache.local_cache - INFO - Cache hit for 601012.SH: 239 rows
2026-03-05 01:06:18,646 - quanttool.infrastructure.cache.local_cache - INFO - Cache hit for 601018.SH: 239 rows
2026-03-05 01:06:18,647 - quanttool.infrastructure.cache.local_cache - INFO - Cache hit for 601021.SH: 239 rows
2026-03-05 01:06:18,648 - quanttool.infrastructure.cache.local_cache - INFO - Cache hit for 601058.SH: 239 rows
2026-03-05 01:06:18,649 - quanttool.infrastructure.cache.local_cache - INFO - Cache hit for 601059.SH: 219 rows
2026-03-05 01:06:18,650 - quanttool.infrastructure.cache.local_cache - INFO - Cache hit for 601066.SH: 239 rows
2026-03-05 01:06:18,651 - quanttool.infrastructure.cache.local_cache - INFO - Cache hit for 601077.SH: 239 rows
2026-03-05 01:06:18,652 - quanttool.infrastructure.cache.local_cache - INFO - Cache hit for 601088.SH: 229 rows
2026-03-05 01:06:18,654 - quanttool.infrastructure.cache.local_cache - INFO - Cache hit for 601100.SH: 239 rows
2026-03-05 01:06:18,655 - quanttool.infrastructure.cache.local_cache - INFO - Cache hit for 601111.SH: 239 rows
2026-03-05 01:06:18,656 - quanttool.infrastructure.cache.local_cache - INFO - Cache hit for 601117.SH: 239 rows
2026-03-05 01:06:18,658 - quanttool.infrastructure.cache.local_cache - INFO - Cache hit for 601127.SH: 239 rows
2026-03-05 01:06:18,659 - quanttool.infrastructure.cache.local_cache - INFO - Cache hit for 601136.SH: 239 rows
2026-03-05 01:06:18,660 - quanttool.infrastructure.cache.local_cache - INFO - Cache hit for 601138.SH: 239 rows
2026-03-05 01:06:18,661 - quanttool.infrastructure.cache.local_cache - INFO - Cache hit for 601166.SH: 239 rows
2026-03-05 01:06:18,662 - quanttool.infrastructure.data_providers.data_fetcher - INFO - Cache hit: 30/30 symbols
2026-03-05 01:06:18,663 - quanttool.infrastructure.cache.local_cache - INFO - Cache hit for 601169.SH: 239 rows
2026-03-05 01:06:18,664 - quanttool.infrastructure.cache.local_cache - INFO - Cache hit for 601186.SH: 239 rows
2026-03-05 01:06:18,665 - quanttool.infrastructure.cache.local_cache - INFO - Cache hit for 601211.SH: 239 rows
2026-03-05 01:06:18,666 - quanttool.infrastructure.cache.local_cache - INFO - Cache hit for 601225.SH: 239 rows
2026-03-05 01:06:18,668 - quanttool.infrastructure.cache.local_cache - INFO - Cache hit for 601229.SH: 239 rows
2026-03-05 01:06:18,669 - quanttool.infrastructure.cache.local_cache - INFO - Cache hit for 601236.SH: 239 rows
2026-03-05 01:06:18,670 - quanttool.infrastructure.cache.local_cache - INFO - Cache hit for 601238.SH: 239 rows
2026-03-05 01:06:18,672 - quanttool.infrastructure.cache.local_cache - INFO - Cache hit for 601288.SH: 239 rows
2026-03-05 01:06:18,673 - quanttool.infrastructure.cache.local_cache - INFO - Cache hit for 601298.SH: 239 rows
2026-03-05 01:06:18,674 - quanttool.infrastructure.cache.local_cache - INFO - Cache hit for 601318.SH: 239 rows
2026-03-05 01:06:18,675 - quanttool.infrastructure.cache.local_cache - INFO - Cache hit for 601319.SH: 239 rows
2026-03-05 01:06:18,676 - quanttool.infrastructure.cache.local_cache - INFO - Cache hit for 601360.SH: 239 rows
2026-03-05 01:06:18,678 - quanttool.infrastructure.cache.local_cache - INFO - Cache hit for 601398.SH: 239 rows
2026-03-05 01:06:18,679 - quanttool.infrastructure.cache.local_cache - INFO - Cache hit for 601456.SH: 239 rows
2026-03-05 01:06:18,680 - quanttool.infrastructure.cache.local_cache - INFO - Cache hit for 601601.SH: 239 rows
2026-03-05 01:06:18,682 - quanttool.infrastructure.cache.local_cache - INFO - Cache hit for 601607.SH: 239 rows
2026-03-05 01:06:18,683 - quanttool.infrastructure.cache.local_cache - INFO - Cache hit for 601618.SH: 239 rows
2026-03-05 01:06:18,683 - quanttool.infrastructure.data_providers.data_fetcher - INFO - Cache hit: 17/30 symbols
2026-03-05 01:06:18,683 - quanttool.infrastructure.data_providers.data_fetcher - INFO - Fetching 601328.SH from Ashare (primary source)
2026-03-05 01:06:18,684 - quanttool.infrastructure.data_providers.data_fetcher - INFO - Fetching 601336.SH from Ashare (primary source)
2026-03-05 01:06:18,685 - quanttool.infrastructure.data_providers.data_fetcher - INFO - Fetching 601377.SH from Ashare (primary source)
2026-03-05 01:06:18,685 - quanttool.infrastructure.data_providers.data_fetcher - INFO - Fetching 601390.SH from Ashare (primary source)
2026-03-05 01:06:18,686 - quanttool.infrastructure.data_providers.data_fetcher - INFO - Fetching 601600.SH from Ashare (primary source)
2026-03-05 01:06:18,686 - quanttool.infrastructure.data_providers.data_fetcher - INFO - Fetching 601628.SH from Ashare (primary source)
2026-03-05 01:06:18,687 - quanttool.infrastructure.data_providers.data_fetcher - INFO - Fetching 601633.SH from Ashare (primary source)
2026-03-05 01:06:18,687 - quanttool.infrastructure.data_providers.data_fetcher - INFO - Fetching 601658.SH from Ashare (primary source)
2026-03-05 01:06:18,688 - quanttool.infrastructure.data_providers.data_fetcher - INFO - Fetching 601668.SH from Ashare (primary source)
2026-03-05 01:06:18,688 - quanttool.infrastructure.data_providers.data_fetcher - INFO - Fetching 601669.SH from Ashare (primary source)
2026-03-05 01:06:20,353 - quanttool.infrastructure.data_providers.data_fetcher - INFO - Successfully fetched 239 bars from Ashare for 601377.SH
2026-03-05 01:06:20,356 - quanttool.infrastructure.cache.local_cache - INFO - Cached 239 rows for 601377.SH (14410 bytes)
2026-03-05 01:06:20,356 - quanttool.infrastructure.data_providers.data_fetcher - INFO - Fetching 601688.SH from Ashare (primary source)
2026-03-05 01:06:21,107 - quanttool.infrastructure.data_providers.data_fetcher - INFO - Successfully fetched 239 bars from Ashare for 601628.SH
2026-03-05 01:06:21,110 - quanttool.infrastructure.cache.local_cache - INFO - Cached 239 rows for 601628.SH (16437 bytes)
2026-03-05 01:06:21,111 - quanttool.infrastructure.data_providers.data_fetcher - INFO - Fetching 601689.SH from Ashare (primary source)
2026-03-05 01:06:21,121 - quanttool.infrastructure.data_providers.data_fetcher - INFO - Successfully fetched 239 bars from Ashare for 601336.SH
2026-03-05 01:06:21,124 - quanttool.infrastructure.cache.local_cache - INFO - Cached 239 rows for 601336.SH (16792 bytes)
2026-03-05 01:06:21,124 - quanttool.infrastructure.data_providers.data_fetcher - INFO - Fetching 601698.SH from Ashare (primary source)
2026-03-05 01:06:21,409 - quanttool.infrastructure.data_providers.data_fetcher - INFO - Successfully fetched 239 bars from Ashare for 601668.SH
2026-03-05 01:06:21,412 - quanttool.infrastructure.cache.local_cache - INFO - Cached 239 rows for 601668.SH (13815 bytes)
2026-03-05 01:06:21,444 - quanttool.infrastructure.data_providers.data_fetcher - INFO - Successfully fetched 239 bars from Ashare for 601328.SH
2026-03-05 01:06:21,447 - quanttool.infrastructure.cache.local_cache - INFO - Cached 239 rows for 601328.SH (14284 bytes)
2026-03-05 01:06:21,467 - quanttool.infrastructure.data_providers.data_fetcher - INFO - Successfully fetched 239 bars from Ashare for 601633.SH
2026-03-05 01:06:21,470 - quanttool.infrastructure.cache.local_cache - INFO - Cached 239 rows for 601633.SH (15765 bytes)
2026-03-05 01:06:21,629 - quanttool.infrastructure.data_providers.data_fetcher - INFO - Successfully fetched 239 bars from Ashare for 601658.SH
2026-03-05 01:06:21,632 - quanttool.infrastructure.cache.local_cache - INFO - Cached 239 rows for 601658.SH (14021 bytes)
2026-03-05 01:06:21,725 - quanttool.infrastructure.data_providers.data_fetcher - INFO - Successfully fetched 239 bars from Ashare for 601390.SH
2026-03-05 01:06:21,728 - quanttool.infrastructure.cache.local_cache - INFO - Cached 239 rows for 601390.SH (13416 bytes)
2026-03-05 01:06:21,767 - quanttool.infrastructure.data_providers.data_fetcher - INFO - Successfully fetched 239 bars from Ashare for 601669.SH
2026-03-05 01:06:21,770 - quanttool.infrastructure.cache.local_cache - INFO - Cached 239 rows for 601669.SH (14384 bytes)
2026-03-05 01:06:21,789 - quanttool.infrastructure.data_providers.data_fetcher - INFO - Successfully fetched 239 bars from Ashare for 601600.SH
2026-03-05 01:06:21,792 - quanttool.infrastructure.cache.local_cache - INFO - Cached 239 rows for 601600.SH (15618 bytes)
2026-03-05 01:06:21,792 - quanttool.infrastructure.data_providers.data_fetcher - INFO - Progress: 10/13 symbols fetched
2026-03-05 01:06:21,822 - quanttool.infrastructure.data_providers.data_fetcher - INFO - Successfully fetched 239 bars from Ashare for 601688.SH
2026-03-05 01:06:21,825 - quanttool.infrastructure.cache.local_cache - INFO - Cached 239 rows for 601688.SH (16262 bytes)
2026-03-05 01:06:22,635 - quanttool.infrastructure.data_providers.data_fetcher - INFO - Successfully fetched 239 bars from Ashare for 601698.SH
2026-03-05 01:06:22,640 - quanttool.infrastructure.cache.local_cache - INFO - Cached 239 rows for 601698.SH (16129 bytes)
2026-03-05 01:06:23,040 - quanttool.infrastructure.data_providers.data_fetcher - INFO - Successfully fetched 239 bars from Ashare for 601689.SH
2026-03-05 01:06:23,043 - quanttool.infrastructure.cache.local_cache - INFO - Cached 239 rows for 601689.SH (16740 bytes)
2026-03-05 01:06:23,043 - quanttool.infrastructure.data_providers.data_fetcher - INFO - Parallel fetch completed: 13/13 symbols successful
2026-03-05 01:06:23,044 - quanttool.infrastructure.data_providers.data_fetcher - INFO - Cache hit: 0/30 symbols
2026-03-05 01:06:23,044 - quanttool.infrastructure.data_providers.data_fetcher - INFO - Fetching 601728.SH from Ashare (primary source)
2026-03-05 01:06:23,045 - quanttool.infrastructure.data_providers.data_fetcher - INFO - Fetching 601766.SH from Ashare (primary source)
2026-03-05 01:06:23,045 - quanttool.infrastructure.data_providers.data_fetcher - INFO - Fetching 601788.SH from Ashare (primary source)
2026-03-05 01:06:23,046 - quanttool.infrastructure.data_providers.data_fetcher - INFO - Fetching 601800.SH from Ashare (primary source)
2026-03-05 01:06:23,046 - quanttool.infrastructure.data_providers.data_fetcher - INFO - Fetching 601825.SH from Ashare (primary source)
2026-03-05 01:06:23,046 - quanttool.infrastructure.data_providers.data_fetcher - INFO - Fetching 601808.SH from Ashare (primary source)
2026-03-05 01:06:23,046 - quanttool.infrastructure.data_providers.data_fetcher - INFO - Fetching 601818.SH from Ashare (primary source)
2026-03-05 01:06:23,047 - quanttool.infrastructure.data_providers.data_fetcher - INFO - Fetching 601838.SH from Ashare (primary source)
2026-03-05 01:06:23,047 - quanttool.infrastructure.data_providers.data_fetcher - INFO - Fetching 601816.SH from Ashare (primary source)
2026-03-05 01:06:23,047 - quanttool.infrastructure.data_providers.data_fetcher - INFO - Fetching 601857.SH from Ashare (primary source)
2026-03-05 01:06:24,372 - quanttool.infrastructure.data_providers.data_fetcher - INFO - Successfully fetched 239 bars from Ashare for 601728.SH
2026-03-05 01:06:24,375 - quanttool.infrastructure.cache.local_cache - INFO - Cached 239 rows for 601728.SH (14530 bytes)
2026-03-05 01:06:24,375 - quanttool.infrastructure.data_providers.data_fetcher - INFO - Fetching 601868.SH from Ashare (primary source)
2026-03-05 01:06:24,681 - quanttool.infrastructure.data_providers.data_fetcher - INFO - Successfully fetched 239 bars from Ashare for 601857.SH
2026-03-05 01:06:24,685 - quanttool.infrastructure.cache.local_cache - INFO - Cached 239 rows for 601857.SH (15252 bytes)
2026-03-05 01:06:24,685 - quanttool.infrastructure.data_providers.data_fetcher - INFO - Fetching 601872.SH from Ashare (primary source)
2026-03-05 01:06:24,739 - quanttool.infrastructure.data_providers.data_fetcher - INFO - Successfully fetched 239 bars from Ashare for 601800.SH
2026-03-05 01:06:24,741 - quanttool.infrastructure.cache.local_cache - INFO - Cached 239 rows for 601800.SH (14424 bytes)
2026-03-05 01:06:24,742 - quanttool.infrastructure.data_providers.data_fetcher - INFO - Fetching 601877.SH from Ashare (primary source)
2026-03-05 01:06:24,794 - quanttool.infrastructure.data_providers.data_fetcher - INFO - Successfully fetched 239 bars from Ashare for 601838.SH
2026-03-05 01:06:24,796 - quanttool.infrastructure.cache.local_cache - INFO - Cached 239 rows for 601838.SH (15817 bytes)
2026-03-05 01:06:24,797 - quanttool.infrastructure.data_providers.data_fetcher - INFO - Fetching 601878.SH from Ashare (primary source)
2026-03-05 01:06:24,904 - quanttool.infrastructure.data_providers.data_fetcher - INFO - Successfully fetched 239 bars from Ashare for 601788.SH
2026-03-05 01:06:24,907 - quanttool.infrastructure.cache.local_cache - INFO - Cached 239 rows for 601788.SH (15650 bytes)
2026-03-05 01:06:24,907 - quanttool.infrastructure.data_providers.data_fetcher - INFO - Fetching 601881.SH from Ashare (primary source)
2026-03-05 01:06:25,329 - quanttool.infrastructure.data_providers.data_fetcher - INFO - Successfully fetched 239 bars from Ashare for 601825.SH
2026-03-05 01:06:25,331 - quanttool.infrastructure.cache.local_cache - INFO - Cached 239 rows for 601825.SH (14780 bytes)
2026-03-05 01:06:25,332 - quanttool.infrastructure.data_providers.data_fetcher - INFO - Fetching 601888.SH from Ashare (primary source)
2026-03-05 01:06:25,465 - quanttool.infrastructure.data_providers.data_fetcher - INFO - Successfully fetched 239 bars from Ashare for 601808.SH
2026-03-05 01:06:25,468 - quanttool.infrastructure.cache.local_cache - INFO - Cached 239 rows for 601808.SH (14929 bytes)
2026-03-05 01:06:25,469 - quanttool.infrastructure.data_providers.data_fetcher - INFO - Fetching 601898.SH from Ashare (primary source)
2026-03-05 01:06:26,065 - quanttool.infrastructure.data_providers.data_fetcher - INFO - Successfully fetched 239 bars from Ashare for 601766.SH
2026-03-05 01:06:26,071 - quanttool.infrastructure.data_providers.data_fetcher - INFO - Successfully fetched 239 bars from Ashare for 601816.SH
2026-03-05 01:06:26,074 - quanttool.infrastructure.cache.local_cache - INFO - Cached 239 rows for 601766.SH (14287 bytes)
2026-03-05 01:06:26,075 - quanttool.infrastructure.cache.local_cache - INFO - Cached 239 rows for 601816.SH (13953 bytes)
2026-03-05 01:06:26,076 - quanttool.infrastructure.data_providers.data_fetcher - INFO - Fetching 601899.SH from Ashare (primary source)
2026-03-05 01:06:26,077 - quanttool.infrastructure.data_providers.data_fetcher - INFO - Fetching 601901.SH from Ashare (primary source)
2026-03-05 01:06:26,144 - quanttool.infrastructure.data_providers.data_fetcher - INFO - Successfully fetched 239 bars from Ashare for 601818.SH
2026-03-05 01:06:26,147 - quanttool.infrastructure.cache.local_cache - INFO - Cached 239 rows for 601818.SH (13983 bytes)
2026-03-05 01:06:26,147 - quanttool.infrastructure.data_providers.data_fetcher - INFO - Progress: 10/30 symbols fetched
2026-03-05 01:06:26,147 - quanttool.infrastructure.data_providers.data_fetcher - INFO - Fetching 601916.SH from Ashare (primary source)
2026-03-05 01:06:26,159 - quanttool.infrastructure.data_providers.data_fetcher - INFO - Successfully fetched 239 bars from Ashare for 601878.SH
2026-03-05 01:06:26,162 - quanttool.infrastructure.cache.local_cache - INFO - Cached 239 rows for 601878.SH (14557 bytes)
2026-03-05 01:06:26,163 - quanttool.infrastructure.data_providers.data_fetcher - INFO - Fetching 601919.SH from Ashare (primary source)
2026-03-05 01:06:26,236 - quanttool.infrastructure.data_providers.data_fetcher - INFO - Successfully fetched 239 bars from Ashare for 601877.SH
2026-03-05 01:06:26,239 - quanttool.infrastructure.cache.local_cache - INFO - Cached 239 rows for 601877.SH (16196 bytes)
2026-03-05 01:06:26,239 - quanttool.infrastructure.data_providers.data_fetcher - INFO - Fetching 601939.SH from Ashare (primary source)
2026-03-05 01:06:26,894 - quanttool.infrastructure.data_providers.data_fetcher - INFO - Successfully fetched 239 bars from Ashare for 601881.SH
2026-03-05 01:06:26,897 - quanttool.infrastructure.cache.local_cache - INFO - Cached 239 rows for 601881.SH (15452 bytes)
2026-03-05 01:06:26,897 - quanttool.infrastructure.data_providers.data_fetcher - INFO - Fetching 601985.SH from Ashare (primary source)
2026-03-05 01:06:26,927 - quanttool.infrastructure.data_providers.data_fetcher - INFO - Successfully fetched 239 bars from Ashare for 601888.SH
2026-03-05 01:06:26,930 - quanttool.infrastructure.cache.local_cache - INFO - Cached 239 rows for 601888.SH (16738 bytes)
2026-03-05 01:06:26,930 - quanttool.infrastructure.data_providers.data_fetcher - INFO - Fetching 601988.SH from Ashare (primary source)
2026-03-05 01:06:27,267 - quanttool.infrastructure.data_providers.data_fetcher - INFO - Successfully fetched 239 bars from Ashare for 601872.SH
2026-03-05 01:06:27,270 - quanttool.infrastructure.cache.local_cache - INFO - Cached 239 rows for 601872.SH (15133 bytes)
2026-03-05 01:06:27,270 - quanttool.infrastructure.data_providers.data_fetcher - INFO - Fetching 601995.SH from Ashare (primary source)
2026-03-05 01:06:27,350 - quanttool.infrastructure.data_providers.data_fetcher - INFO - Successfully fetched 239 bars from Ashare for 601868.SH
2026-03-05 01:06:27,354 - quanttool.infrastructure.cache.local_cache - INFO - Cached 239 rows for 601868.SH (13131 bytes)
2026-03-05 01:06:27,355 - quanttool.infrastructure.data_providers.data_fetcher - INFO - Fetching 601998.SH from Ashare (primary source)
2026-03-05 01:06:27,694 - quanttool.infrastructure.data_providers.data_fetcher - INFO - Successfully fetched 239 bars from Ashare for 601919.SH
2026-03-05 01:06:27,698 - quanttool.infrastructure.cache.local_cache - INFO - Cached 239 rows for 601919.SH (15041 bytes)
2026-03-05 01:06:27,698 - quanttool.infrastructure.data_providers.data_fetcher - INFO - Fetching 603019.SH from Ashare (primary source)
2026-03-05 01:06:27,951 - quanttool.infrastructure.data_providers.data_fetcher - INFO - Successfully fetched 239 bars from Ashare for 601916.SH
2026-03-05 01:06:27,953 - quanttool.infrastructure.cache.local_cache - INFO - Cached 239 rows for 601916.SH (13581 bytes)
2026-03-05 01:06:27,954 - quanttool.infrastructure.data_providers.data_fetcher - INFO - Fetching 603195.SH from Ashare (primary source)
2026-03-05 01:06:28,287 - quanttool.infrastructure.data_providers.data_fetcher - INFO - Successfully fetched 239 bars from Ashare for 601898.SH
2026-03-05 01:06:28,290 - quanttool.infrastructure.cache.local_cache - INFO - Cached 239 rows for 601898.SH (15666 bytes)
2026-03-05 01:06:28,291 - quanttool.infrastructure.data_providers.data_fetcher - INFO - Fetching 603259.SH from Ashare (primary source)
2026-03-05 01:06:28,569 - quanttool.infrastructure.data_providers.data_fetcher - INFO - Successfully fetched 239 bars from Ashare for 601985.SH
2026-03-05 01:06:28,572 - quanttool.infrastructure.cache.local_cache - INFO - Cached 239 rows for 601985.SH (14093 bytes)
2026-03-05 01:06:28,572 - quanttool.infrastructure.data_providers.data_fetcher - INFO - Fetching 603260.SH from Ashare (primary source)
2026-03-05 01:06:28,572 - quanttool.infrastructure.data_providers.data_fetcher - INFO - Progress: 20/30 symbols fetched
2026-03-05 01:06:28,885 - quanttool.infrastructure.data_providers.data_fetcher - INFO - Successfully fetched 239 bars from Ashare for 601899.SH
2026-03-05 01:06:28,888 - quanttool.infrastructure.cache.local_cache - INFO - Cached 239 rows for 601899.SH (16571 bytes)
2026-03-05 01:06:29,074 - quanttool.infrastructure.data_providers.data_fetcher - INFO - Successfully fetched 239 bars from Ashare for 601998.SH
2026-03-05 01:06:29,076 - quanttool.infrastructure.cache.local_cache - INFO - Cached 239 rows for 601998.SH (14440 bytes)
2026-03-05 01:06:29,116 - quanttool.infrastructure.data_providers.data_fetcher - INFO - Successfully fetched 239 bars from Ashare for 601901.SH
2026-03-05 01:06:29,119 - quanttool.infrastructure.cache.local_cache - INFO - Cached 239 rows for 601901.SH (14150 bytes)
2026-03-05 01:06:29,315 - quanttool.infrastructure.data_providers.data_fetcher - INFO - Successfully fetched 239 bars from Ashare for 601939.SH
2026-03-05 01:06:29,318 - quanttool.infrastructure.cache.local_cache - INFO - Cached 239 rows for 601939.SH (14414 bytes)
2026-03-05 01:06:29,595 - quanttool.infrastructure.data_providers.data_fetcher - INFO - Successfully fetched 239 bars from Ashare for 601988.SH
2026-03-05 01:06:29,598 - quanttool.infrastructure.cache.local_cache - INFO - Cached 239 rows for 601988.SH (13595 bytes)
2026-03-05 01:06:29,673 - quanttool.infrastructure.data_providers.data_fetcher - INFO - Successfully fetched 219 bars from Ashare for 601995.SH
2026-03-05 01:06:29,676 - quanttool.infrastructure.cache.local_cache - INFO - Cached 219 rows for 601995.SH (15216 bytes)
2026-03-05 01:06:29,817 - quanttool.infrastructure.data_providers.data_fetcher - INFO - Successfully fetched 239 bars from Ashare for 603195.SH
2026-03-05 01:06:29,821 - quanttool.infrastructure.cache.local_cache - INFO - Cached 239 rows for 603195.SH (16152 bytes)
2026-03-05 01:06:30,039 - quanttool.infrastructure.data_providers.data_fetcher - INFO - Successfully fetched 229 bars from Ashare for 603019.SH
2026-03-05 01:06:30,042 - quanttool.infrastructure.cache.local_cache - INFO - Cached 229 rows for 603019.SH (16392 bytes)
2026-03-05 01:06:30,594 - quanttool.infrastructure.data_providers.data_fetcher - INFO - Successfully fetched 239 bars from Ashare for 603259.SH
2026-03-05 01:06:30,596 - quanttool.infrastructure.cache.local_cache - INFO - Cached 239 rows for 603259.SH (16775 bytes)
2026-03-05 01:06:30,685 - quanttool.infrastructure.data_providers.data_fetcher - INFO - Successfully fetched 239 bars from Ashare for 603260.SH
2026-03-05 01:06:30,688 - quanttool.infrastructure.cache.local_cache - INFO - Cached 239 rows for 603260.SH (16256 bytes)
2026-03-05 01:06:30,688 - quanttool.infrastructure.data_providers.data_fetcher - INFO - Progress: 30/30 symbols fetched
2026-03-05 01:06:30,688 - quanttool.infrastructure.data_providers.data_fetcher - INFO - Parallel fetch completed: 30/30 symbols successful
2026-03-05 01:06:30,689 - quanttool.infrastructure.data_providers.data_fetcher - INFO - Cache hit: 0/30 symbols
2026-03-05 01:06:30,690 - quanttool.infrastructure.data_providers.data_fetcher - INFO - Fetching 603288.SH from Ashare (primary source)
2026-03-05 01:06:30,690 - quanttool.infrastructure.data_providers.data_fetcher - INFO - Fetching 603296.SH from Ashare (primary source)
2026-03-05 01:06:30,690 - quanttool.infrastructure.data_providers.data_fetcher - INFO - Fetching 603369.SH from Ashare (primary source)
2026-03-05 01:06:30,691 - quanttool.infrastructure.data_providers.data_fetcher - INFO - Fetching 603392.SH from Ashare (primary source)
2026-03-05 01:06:30,691 - quanttool.infrastructure.data_providers.data_fetcher - INFO - Fetching 603501.SH from Ashare (primary source)
2026-03-05 01:06:30,691 - quanttool.infrastructure.data_providers.data_fetcher - INFO - Fetching 603799.SH from Ashare (primary source)
2026-03-05 01:06:30,692 - quanttool.infrastructure.data_providers.data_fetcher - INFO - Fetching 603893.SH from Ashare (primary source)
2026-03-05 01:06:30,692 - quanttool.infrastructure.data_providers.data_fetcher - INFO - Fetching 603986.SH from Ashare (primary source)
2026-03-05 01:06:30,692 - quanttool.infrastructure.data_providers.data_fetcher - INFO - Fetching 603993.SH from Ashare (primary source)
2026-03-05 01:06:30,693 - quanttool.infrastructure.data_providers.data_fetcher - INFO - Fetching 605117.SH from Ashare (primary source)
2026-03-05 01:06:31,828 - quanttool.infrastructure.data_providers.data_fetcher - INFO - Successfully fetched 239 bars from Ashare for 603369.SH
2026-03-05 01:06:31,832 - quanttool.infrastructure.cache.local_cache - INFO - Cached 239 rows for 603369.SH (16423 bytes)
2026-03-05 01:06:31,832 - quanttool.infrastructure.data_providers.data_fetcher - INFO - Fetching 605499.SH from Ashare (primary source)
2026-03-05 01:06:31,924 - quanttool.infrastructure.data_providers.data_fetcher - INFO - Successfully fetched 239 bars from Ashare for 605117.SH
2026-03-05 01:06:31,928 - quanttool.infrastructure.cache.local_cache - INFO - Cached 239 rows for 605117.SH (16720 bytes)
2026-03-05 01:06:31,928 - quanttool.infrastructure.data_providers.data_fetcher - INFO - Fetching 688008.SH from Ashare (primary source)
2026-03-05 01:06:31,945 - quanttool.infrastructure.data_providers.data_fetcher - INFO - Successfully fetched 239 bars from Ashare for 603993.SH
2026-03-05 01:06:31,948 - quanttool.infrastructure.cache.local_cache - INFO - Cached 239 rows for 603993.SH (16315 bytes)
2026-03-05 01:06:31,949 - quanttool.infrastructure.data_providers.data_fetcher - INFO - Fetching 688009.SH from Ashare (primary source)
2026-03-05 01:06:32,012 - quanttool.infrastructure.data_providers.data_fetcher - INFO - Successfully fetched 239 bars from Ashare for 603392.SH
2026-03-05 01:06:32,016 - quanttool.infrastructure.cache.local_cache - INFO - Cached 239 rows for 603392.SH (16561 bytes)
2026-03-05 01:06:32,016 - quanttool.infrastructure.data_providers.data_fetcher - INFO - Fetching 688012.SH from Ashare (primary source)
2026-03-05 01:06:32,490 - quanttool.infrastructure.data_providers.data_fetcher - INFO - Successfully fetched 239 bars from Ashare for 603893.SH
2026-03-05 01:06:32,493 - quanttool.infrastructure.cache.local_cache - INFO - Cached 239 rows for 603893.SH (16773 bytes)
2026-03-05 01:06:32,493 - quanttool.infrastructure.data_providers.data_fetcher - INFO - Fetching 688036.SH from Ashare (primary source)
2026-03-05 01:06:33,018 - quanttool.infrastructure.data_providers.data_fetcher - INFO - Successfully fetched 239 bars from Ashare for 603799.SH
2026-03-05 01:06:33,021 - quanttool.infrastructure.cache.local_cache - INFO - Cached 239 rows for 603799.SH (16917 bytes)
2026-03-05 01:06:33,021 - quanttool.infrastructure.data_providers.data_fetcher - INFO - Fetching 688041.SH from Ashare (primary source)
2026-03-05 01:06:33,047 - quanttool.infrastructure.data_providers.data_fetcher - INFO - Successfully fetched 239 bars from Ashare for 603288.SH
2026-03-05 01:06:33,049 - quanttool.infrastructure.cache.local_cache - INFO - Cached 239 rows for 603288.SH (15974 bytes)
2026-03-05 01:06:33,050 - quanttool.infrastructure.data_providers.data_fetcher - INFO - Fetching 688047.SH from Ashare (primary source)
2026-03-05 01:06:33,101 - quanttool.infrastructure.data_providers.data_fetcher - INFO - Successfully fetched 239 bars from Ashare for 603296.SH
2026-03-05 01:06:33,104 - quanttool.infrastructure.cache.local_cache - INFO - Cached 239 rows for 603296.SH (16744 bytes)
2026-03-05 01:06:33,104 - quanttool.infrastructure.data_providers.data_fetcher - INFO - Fetching 688082.SH from Ashare (primary source)
2026-03-05 01:06:33,214 - quanttool.infrastructure.data_providers.data_fetcher - INFO - Successfully fetched 239 bars from Ashare for 603501.SH
2026-03-05 01:06:33,217 - quanttool.infrastructure.cache.local_cache - INFO - Cached 239 rows for 603501.SH (16443 bytes)
2026-03-05 01:06:33,218 - quanttool.infrastructure.data_providers.data_fetcher - INFO - Fetching 688111.SH from Ashare (primary source)
2026-03-05 01:06:33,269 - quanttool.infrastructure.data_providers.data_fetcher - INFO - Successfully fetched 239 bars from Ashare for 688008.SH
2026-03-05 01:06:33,272 - quanttool.infrastructure.cache.local_cache - INFO - Cached 239 rows for 688008.SH (16885 bytes)
2026-03-05 01:06:33,273 - quanttool.infrastructure.data_providers.data_fetcher - INFO - Progress: 10/30 symbols fetched
2026-03-05 01:06:33,273 - quanttool.infrastructure.data_providers.data_fetcher - INFO - Fetching 688126.SH from Ashare (primary source)
2026-03-05 01:06:33,594 - quanttool.infrastructure.data_providers.data_fetcher - INFO - Successfully fetched 230 bars from Ashare for 688012.SH
2026-03-05 01:06:33,597 - quanttool.infrastructure.cache.local_cache - INFO - Cached 230 rows for 688012.SH (16480 bytes)
2026-03-05 01:06:33,598 - quanttool.infrastructure.data_providers.data_fetcher - INFO - Fetching 688169.SH from Ashare (primary source)
2026-03-05 01:06:33,744 - quanttool.infrastructure.data_providers.data_fetcher - INFO - Successfully fetched 239 bars from Ashare for 603986.SH
2026-03-05 01:06:33,747 - quanttool.infrastructure.cache.local_cache - INFO - Cached 239 rows for 603986.SH (16911 bytes)
2026-03-05 01:06:33,747 - quanttool.infrastructure.data_providers.data_fetcher - INFO - Fetching 688187.SH from Ashare (primary source)
2026-03-05 01:06:33,940 - quanttool.infrastructure.data_providers.data_fetcher - INFO - Successfully fetched 239 bars from Ashare for 688009.SH
2026-03-05 01:06:33,943 - quanttool.infrastructure.cache.local_cache - INFO - Cached 239 rows for 688009.SH (13520 bytes)
2026-03-05 01:06:33,943 - quanttool.infrastructure.data_providers.data_fetcher - INFO - Fetching 688223.SH from Ashare (primary source)
2026-03-05 01:06:34,054 - quanttool.infrastructure.data_providers.data_fetcher - INFO - Successfully fetched 239 bars from Ashare for 688036.SH
2026-03-05 01:06:34,056 - quanttool.infrastructure.cache.local_cache - INFO - Cached 239 rows for 688036.SH (16761 bytes)
2026-03-05 01:06:34,057 - quanttool.infrastructure.data_providers.data_fetcher - INFO - Fetching 688256.SH from Ashare (primary source)
2026-03-05 01:06:34,528 - quanttool.infrastructure.data_providers.data_fetcher - INFO - Successfully fetched 239 bars from Ashare for 605499.SH
2026-03-05 01:06:34,531 - quanttool.infrastructure.cache.local_cache - INFO - Cached 239 rows for 605499.SH (16514 bytes)
2026-03-05 01:06:34,531 - quanttool.infrastructure.data_providers.data_fetcher - INFO - Fetching 688271.SH from Ashare (primary source)
2026-03-05 01:06:34,851 - quanttool.infrastructure.data_providers.data_fetcher - INFO - Successfully fetched 239 bars from Ashare for 688047.SH
2026-03-05 01:06:34,854 - quanttool.infrastructure.cache.local_cache - INFO - Cached 239 rows for 688047.SH (16511 bytes)
2026-03-05 01:06:34,854 - quanttool.infrastructure.data_providers.data_fetcher - INFO - Fetching 688303.SH from Ashare (primary source)
2026-03-05 01:06:34,900 - quanttool.infrastructure.data_providers.data_fetcher - INFO - Successfully fetched 229 bars from Ashare for 688041.SH
2026-03-05 01:06:34,903 - quanttool.infrastructure.cache.local_cache - INFO - Cached 229 rows for 688041.SH (16413 bytes)
2026-03-05 01:06:34,904 - quanttool.infrastructure.data_providers.data_fetcher - INFO - Fetching 688396.SH from Ashare (primary source)
2026-03-05 01:06:35,029 - quanttool.infrastructure.data_providers.data_fetcher - INFO - Successfully fetched 239 bars from Ashare for 688187.SH
2026-03-05 01:06:35,032 - quanttool.infrastructure.cache.local_cache - INFO - Cached 239 rows for 688187.SH (16398 bytes)
2026-03-05 01:06:35,032 - quanttool.infrastructure.data_providers.data_fetcher - INFO - Fetching 688472.SH from Ashare (primary source)
2026-03-05 01:06:35,596 - quanttool.infrastructure.data_providers.data_fetcher - INFO - Successfully fetched 239 bars from Ashare for 688111.SH
2026-03-05 01:06:35,599 - quanttool.infrastructure.cache.local_cache - INFO - Cached 239 rows for 688111.SH (16545 bytes)
2026-03-05 01:06:35,599 - quanttool.infrastructure.data_providers.data_fetcher - INFO - Fetching 688506.SH from Ashare (primary source)
2026-03-05 01:06:35,875 - quanttool.infrastructure.data_providers.data_fetcher - INFO - Successfully fetched 239 bars from Ashare for 688126.SH
2026-03-05 01:06:35,880 - quanttool.infrastructure.data_providers.data_fetcher - INFO - Successfully fetched 239 bars from Ashare for 688169.SH
2026-03-05 01:06:35,882 - quanttool.infrastructure.cache.local_cache - INFO - Cached 239 rows for 688126.SH (16179 bytes)
2026-03-05 01:06:35,883 - quanttool.infrastructure.data_providers.data_fetcher - INFO - Progress: 20/30 symbols fetched
2026-03-05 01:06:35,883 - quanttool.infrastructure.cache.local_cache - INFO - Cached 239 rows for 688169.SH (16640 bytes)
2026-03-05 01:06:35,884 - quanttool.infrastructure.data_providers.data_fetcher - INFO - Fetching 688981.SH from Ashare (primary source)
2026-03-05 01:06:35,934 - quanttool.infrastructure.data_providers.data_fetcher - INFO - Successfully fetched 239 bars from Ashare for 688082.SH
2026-03-05 01:06:35,938 - quanttool.infrastructure.cache.local_cache - INFO - Cached 239 rows for 688082.SH (16747 bytes)
2026-03-05 01:06:36,039 - quanttool.infrastructure.data_providers.data_fetcher - INFO - Successfully fetched 239 bars from Ashare for 688396.SH
2026-03-05 01:06:36,042 - quanttool.infrastructure.cache.local_cache - INFO - Cached 239 rows for 688396.SH (16251 bytes)
2026-03-05 01:06:36,166 - quanttool.infrastructure.data_providers.data_fetcher - INFO - Successfully fetched 239 bars from Ashare for 688472.SH
2026-03-05 01:06:36,168 - quanttool.infrastructure.data_providers.data_fetcher - INFO - Successfully fetched 239 bars from Ashare for 688256.SH
2026-03-05 01:06:36,173 - quanttool.infrastructure.cache.local_cache - INFO - Cached 239 rows for 688472.SH (16115 bytes)
2026-03-05 01:06:36,173 - quanttool.infrastructure.cache.local_cache - INFO - Cached 239 rows for 688256.SH (16671 bytes)
2026-03-05 01:06:36,179 - quanttool.infrastructure.data_providers.data_fetcher - INFO - Successfully fetched 239 bars from Ashare for 688303.SH
2026-03-05 01:06:36,183 - quanttool.infrastructure.cache.local_cache - INFO - Cached 239 rows for 688303.SH (16441 bytes)
2026-03-05 01:06:36,196 - quanttool.infrastructure.data_providers.data_fetcher - INFO - Successfully fetched 239 bars from Ashare for 688223.SH
2026-03-05 01:06:36,199 - quanttool.infrastructure.cache.local_cache - INFO - Cached 239 rows for 688223.SH (14608 bytes)
2026-03-05 01:06:36,568 - quanttool.infrastructure.data_providers.data_fetcher - INFO - Successfully fetched 239 bars from Ashare for 688271.SH
2026-03-05 01:06:36,571 - quanttool.infrastructure.cache.local_cache - INFO - Cached 239 rows for 688271.SH (16347 bytes)
2026-03-05 01:06:37,546 - quanttool.infrastructure.data_providers.data_fetcher - INFO - Successfully fetched 239 bars from Ashare for 688506.SH
2026-03-05 01:06:37,549 - quanttool.infrastructure.cache.local_cache - INFO - Cached 239 rows for 688506.SH (16482 bytes)
2026-03-05 01:06:37,936 - quanttool.infrastructure.data_providers.data_fetcher - INFO - Successfully fetched 233 bars from Ashare for 688981.SH
2026-03-05 01:06:37,939 - quanttool.infrastructure.cache.local_cache - INFO - Cached 233 rows for 688981.SH (16554 bytes)
2026-03-05 01:06:37,939 - quanttool.infrastructure.data_providers.data_fetcher - INFO - Progress: 30/30 symbols fetched
2026-03-05 01:06:37,939 - quanttool.infrastructure.data_providers.data_fetcher - INFO - Parallel fetch completed: 30/30 symbols successful
2026-03-05 01:06:37,940 - quanttool.infrastructure.data_providers.data_fetcher - INFO - Fetching 000001.SZ from Ashare (primary source)
2026-03-05 01:06:37,940 - quanttool.infrastructure.data_providers.data_fetcher - INFO - Fetching 000001.SZ from Ashare (primary source)
2026-03-05 01:06:39,339 - quanttool.infrastructure.data_providers.data_fetcher - INFO - Successfully fetched 239 bars from Ashare for 000001.SZ
2026-03-05 01:06:39,340 - quanttool.infrastructure.data_providers.data_fetcher - INFO - Fetching 000002.SZ from Ashare (primary source)
2026-03-05 01:06:39,340 - quanttool.infrastructure.data_providers.data_fetcher - INFO - Fetching 000002.SZ from Ashare (primary source)
2026-03-05 01:06:42,451 - quanttool.infrastructure.data_providers.data_fetcher - INFO - Successfully fetched 239 bars from Ashare for 000002.SZ
2026-03-05 01:06:42,452 - quanttool.infrastructure.data_providers.data_fetcher - INFO - Fetching 000063.SZ from Ashare (primary source)
2026-03-05 01:06:42,452 - quanttool.infrastructure.data_providers.data_fetcher - INFO - Fetching 000063.SZ from Ashare (primary source)
2026-03-05 01:06:43,908 - quanttool.infrastructure.data_providers.data_fetcher - INFO - Successfully fetched 239 bars from Ashare for 000063.SZ
2026-03-05 01:06:43,908 - quanttool.infrastructure.data_providers.data_fetcher - INFO - Fetching 000100.SZ from Ashare (primary source)
2026-03-05 01:06:43,908 - quanttool.infrastructure.data_providers.data_fetcher - INFO - Fetching 000100.SZ from Ashare (primary source)
2026-03-05 01:06:45,097 - quanttool.infrastructure.data_providers.data_fetcher - INFO - Successfully fetched 239 bars from Ashare for 000100.SZ
2026-03-05 01:06:45,098 - quanttool.infrastructure.data_providers.data_fetcher - INFO - Fetching 000157.SZ from Ashare (primary source)
2026-03-05 01:06:45,098 - quanttool.infrastructure.data_providers.data_fetcher - INFO - Fetching 000157.SZ from Ashare (primary source)
2026-03-05 01:06:48,074 - quanttool.infrastructure.data_providers.data_fetcher - INFO - Successfully fetched 239 bars from Ashare for 000157.SZ
2026-03-05 01:06:48,074 - quanttool.infrastructure.data_providers.data_fetcher - INFO - Fetching 000166.SZ from Ashare (primary source)
2026-03-05 01:06:48,074 - quanttool.infrastructure.data_providers.data_fetcher - INFO - Fetching 000166.SZ from Ashare (primary source)
2026-03-05 01:06:50,990 - quanttool.infrastructure.data_providers.data_fetcher - INFO - Successfully fetched 239 bars from Ashare for 000166.SZ
2026-03-05 01:06:50,990 - quanttool.infrastructure.data_providers.data_fetcher - INFO - Fetching 000301.SZ from Ashare (primary source)
2026-03-05 01:06:50,990 - quanttool.infrastructure.data_providers.data_fetcher - INFO - Fetching 000301.SZ from Ashare (primary source)
2026-03-05 01:06:53,495 - quanttool.infrastructure.data_providers.data_fetcher - INFO - Successfully fetched 239 bars from Ashare for 000301.SZ
2026-03-05 01:06:53,496 - quanttool.infrastructure.data_providers.data_fetcher - INFO - Fetching 000333.SZ from Ashare (primary source)
2026-03-05 01:06:53,496 - quanttool.infrastructure.data_providers.data_fetcher - INFO - Fetching 000333.SZ from Ashare (primary source)
2026-03-05 01:06:55,222 - quanttool.infrastructure.data_providers.data_fetcher - WARNING - 新浪数据获取失败: Expecting value: line 1 column 1 (char 0)
2026-03-05 01:06:57,103 - quanttool.infrastructure.data_providers.data_fetcher - WARNING - 腾讯数据获取失败: 6 columns passed, passed data had 7 columns
2026-03-05 01:06:57,104 - quanttool.infrastructure.data_providers.data_fetcher - WARNING - Ashare returned no data for 000333.SZ
2026-03-05 01:06:57,104 - quanttool.infrastructure.data_providers.data_fetcher - INFO - Falling back to EastMoney for 000333.SZ
2026-03-05 01:06:58,972 - quanttool.infrastructure.data_providers.data_fetcher - ERROR - Error fetching EastMoney data for 000333.SZ: ('Connection aborted.', RemoteDisconnected('Remote end closed connection without response'))
2026-03-05 01:06:58,972 - quanttool.infrastructure.data_providers.data_fetcher - INFO - Falling back to AkShare for 000333.SZ
2026-03-05 01:06:58,972 - quanttool.infrastructure.data_providers.data_fetcher - INFO - Fetching 000333.SZ from AkShare using base symbol 000333
2026-03-05 01:06:59,017 - quanttool.infrastructure.data_providers.data_fetcher - WARNING - AkShare attempt 1 failed: ('Connection aborted.', RemoteDisconnected('Remote end closed connection without response'))
2026-03-05 01:07:00,071 - quanttool.infrastructure.data_providers.data_fetcher - WARNING - AkShare attempt 2 failed: ('Connection aborted.', RemoteDisconnected('Remote end closed connection without response'))
2026-03-05 01:07:01,130 - quanttool.infrastructure.data_providers.data_fetcher - WARNING - AkShare attempt 3 failed: ('Connection aborted.', RemoteDisconnected('Remote end closed connection without response'))
2026-03-05 01:07:01,131 - quanttool.infrastructure.data_providers.data_fetcher - WARNING - No AkShare data found for 000333.SZ: ('Connection aborted.', RemoteDisconnected('Remote end closed connection without response'))
2026-03-05 01:07:01,131 - quanttool.infrastructure.data_providers.data_fetcher - INFO - Falling back to BaoStock for 000333.SZ
2026-03-05 01:07:01,131 - quanttool.infrastructure.data_providers.data_fetcher - INFO - Fetching 000333.SZ from BaoStock using sz.000333
2026-03-05 01:07:01,430 - quanttool.infrastructure.data_providers.data_fetcher - INFO - BaoStock logged in successfully
2026-03-05 01:07:05,423 - quanttool.infrastructure.data_providers.data_fetcher - INFO - Successfully fetched 239 bars from BaoStock for 000333.SZ
2026-03-05 01:07:05,424 - quanttool.infrastructure.data_providers.data_fetcher - INFO - Fetching 000338.SZ from Ashare (primary source)
2026-03-05 01:07:05,424 - quanttool.infrastructure.data_providers.data_fetcher - INFO - Fetching 000338.SZ from Ashare (primary source)
2026-03-05 01:07:07,200 - quanttool.infrastructure.data_providers.data_fetcher - WARNING - 新浪数据获取失败: Expecting value: line 1 column 1 (char 0)
2026-03-05 01:07:09,427 - quanttool.infrastructure.data_providers.data_fetcher - WARNING - 腾讯数据获取失败: 6 columns passed, passed data had 7 columns
2026-03-05 01:07:09,427 - quanttool.infrastructure.data_providers.data_fetcher - WARNING - Ashare returned no data for 000338.SZ
2026-03-05 01:07:09,427 - quanttool.infrastructure.data_providers.data_fetcher - INFO - Falling back to EastMoney for 000338.SZ
2026-03-05 01:07:11,207 - quanttool.infrastructure.data_providers.data_fetcher - ERROR - Error fetching EastMoney data for 000338.SZ: ('Connection aborted.', RemoteDisconnected('Remote end closed connection without response'))
2026-03-05 01:07:11,207 - quanttool.infrastructure.data_providers.data_fetcher - INFO - Falling back to AkShare for 000338.SZ
2026-03-05 01:07:11,207 - quanttool.infrastructure.data_providers.data_fetcher - INFO - Fetching 000338.SZ from AkShare using base symbol 000338
2026-03-05 01:07:11,260 - quanttool.infrastructure.data_providers.data_fetcher - WARNING - AkShare attempt 1 failed: ('Connection aborted.', RemoteDisconnected('Remote end closed connection without response'))
2026-03-05 01:07:12,320 - quanttool.infrastructure.data_providers.data_fetcher - WARNING - AkShare attempt 2 failed: ('Connection aborted.', RemoteDisconnected('Remote end closed connection without response'))
2026-03-05 01:07:13,379 - quanttool.infrastructure.data_providers.data_fetcher - WARNING - AkShare attempt 3 failed: ('Connection aborted.', RemoteDisconnected('Remote end closed connection without response'))
2026-03-05 01:07:13,379 - quanttool.infrastructure.data_providers.data_fetcher - WARNING - No AkShare data found for 000338.SZ: ('Connection aborted.', RemoteDisconnected('Remote end closed connection without response'))
2026-03-05 01:07:13,379 - quanttool.infrastructure.data_providers.data_fetcher - INFO - Falling back to BaoStock for 000338.SZ
2026-03-05 01:07:13,379 - quanttool.infrastructure.data_providers.data_fetcher - INFO - Fetching 000338.SZ from BaoStock using sz.000338
2026-03-05 01:07:13,425 - quanttool.infrastructure.data_providers.data_fetcher - INFO - Successfully fetched 239 bars from BaoStock for 000338.SZ
2026-03-05 01:07:13,426 - quanttool.infrastructure.data_providers.data_fetcher - INFO - Fetching 000408.SZ from Ashare (primary source)
2026-03-05 01:07:13,426 - quanttool.infrastructure.data_providers.data_fetcher - INFO - Fetching 000408.SZ from Ashare (primary source)
2026-03-05 01:07:14,528 - quanttool.infrastructure.data_providers.data_fetcher - WARNING - 新浪数据获取失败: Expecting value: line 1 column 1 (char 0)
2026-03-05 01:07:17,543 - quanttool.infrastructure.data_providers.data_fetcher - WARNING - 腾讯数据获取失败: 6 columns passed, passed data had 7 columns
2026-03-05 01:07:17,544 - quanttool.infrastructure.data_providers.data_fetcher - WARNING - Ashare returned no data for 000408.SZ
2026-03-05 01:07:17,544 - quanttool.infrastructure.data_providers.data_fetcher - INFO - Falling back to EastMoney for 000408.SZ
2026-03-05 01:07:20,419 - quanttool.infrastructure.data_providers.data_fetcher - ERROR - Error fetching EastMoney data for 000408.SZ: ('Connection aborted.', RemoteDisconnected('Remote end closed connection without response'))
2026-03-05 01:07:20,419 - quanttool.infrastructure.data_providers.data_fetcher - INFO - Falling back to AkShare for 000408.SZ
2026-03-05 01:07:20,419 - quanttool.infrastructure.data_providers.data_fetcher - INFO - Fetching 000408.SZ from AkShare using base symbol 000408
2026-03-05 01:07:20,467 - quanttool.infrastructure.data_providers.data_fetcher - WARNING - AkShare attempt 1 failed: ('Connection aborted.', RemoteDisconnected('Remote end closed connection without response'))
2026-03-05 01:07:21,527 - quanttool.infrastructure.data_providers.data_fetcher - WARNING - AkShare attempt 2 failed: ('Connection aborted.', RemoteDisconnected('Remote end closed connection without response'))
2026-03-05 01:07:22,584 - quanttool.infrastructure.data_providers.data_fetcher - WARNING - AkShare attempt 3 failed: ('Connection aborted.', RemoteDisconnected('Remote end closed connection without response'))
2026-03-05 01:07:22,584 - quanttool.infrastructure.data_providers.data_fetcher - WARNING - No AkShare data found for 000408.SZ: ('Connection aborted.', RemoteDisconnected('Remote end closed connection without response'))
2026-03-05 01:07:22,584 - quanttool.infrastructure.data_providers.data_fetcher - INFO - Falling back to BaoStock for 000408.SZ
2026-03-05 01:07:22,584 - quanttool.infrastructure.data_providers.data_fetcher - INFO - Fetching 000408.SZ from BaoStock using sz.000408
2026-03-05 01:07:23,165 - quanttool.infrastructure.data_providers.data_fetcher - INFO - Successfully fetched 239 bars from BaoStock for 000408.SZ
2026-03-05 01:07:23,166 - quanttool.infrastructure.data_providers.data_fetcher - INFO - Fetching 000425.SZ from Ashare (primary source)
2026-03-05 01:07:23,166 - quanttool.infrastructure.data_providers.data_fetcher - INFO - Fetching 000425.SZ from Ashare (primary source)
2026-03-05 01:07:25,225 - quanttool.infrastructure.data_providers.data_fetcher - WARNING - 新浪数据获取失败: Expecting value: line 1 column 1 (char 0)
2026-03-05 01:07:27,750 - quanttool.infrastructure.data_providers.data_fetcher - WARNING - 腾讯数据获取失败: 6 columns passed, passed data had 7 columns
2026-03-05 01:07:27,751 - quanttool.infrastructure.data_providers.data_fetcher - WARNING - Ashare returned no data for 000425.SZ
2026-03-05 01:07:27,751 - quanttool.infrastructure.data_providers.data_fetcher - INFO - Falling back to EastMoney for 000425.SZ
2026-03-05 01:07:30,295 - quanttool.infrastructure.data_providers.data_fetcher - ERROR - Error fetching EastMoney data for 000425.SZ: ('Connection aborted.', RemoteDisconnected('Remote end closed connection without response'))
2026-03-05 01:07:30,295 - quanttool.infrastructure.data_providers.data_fetcher - INFO - Falling back to AkShare for 000425.SZ
2026-03-05 01:07:30,295 - quanttool.infrastructure.data_providers.data_fetcher - INFO - Fetching 000425.SZ from AkShare using base symbol 000425
2026-03-05 01:07:30,348 - quanttool.infrastructure.data_providers.data_fetcher - WARNING - AkShare attempt 1 failed: ('Connection aborted.', RemoteDisconnected('Remote end closed connection without response'))
2026-03-05 01:07:31,397 - quanttool.infrastructure.data_providers.data_fetcher - WARNING - AkShare attempt 2 failed: ('Connection aborted.', RemoteDisconnected('Remote end closed connection without response'))
2026-03-05 01:07:32,459 - quanttool.infrastructure.data_providers.data_fetcher - WARNING - AkShare attempt 3 failed: ('Connection aborted.', RemoteDisconnected('Remote end closed connection without response'))
2026-03-05 01:07:32,459 - quanttool.infrastructure.data_providers.data_fetcher - WARNING - No AkShare data found for 000425.SZ: ('Connection aborted.', RemoteDisconnected('Remote end closed connection without response'))
2026-03-05 01:07:32,460 - quanttool.infrastructure.data_providers.data_fetcher - INFO - Falling back to BaoStock for 000425.SZ
2026-03-05 01:07:32,460 - quanttool.infrastructure.data_providers.data_fetcher - INFO - Fetching 000425.SZ from BaoStock using sz.000425
2026-03-05 01:07:32,964 - quanttool.infrastructure.data_providers.data_fetcher - INFO - Successfully fetched 239 bars from BaoStock for 000425.SZ
2026-03-05 01:07:32,965 - quanttool.infrastructure.data_providers.data_fetcher - INFO - Fetching 000538.SZ from Ashare (primary source)
2026-03-05 01:07:32,965 - quanttool.infrastructure.data_providers.data_fetcher - INFO - Fetching 000538.SZ from Ashare (primary source)
2026-03-05 01:07:35,873 - quanttool.infrastructure.data_providers.data_fetcher - WARNING - 新浪数据获取失败: Expecting value: line 1 column 1 (char 0)
2026-03-05 01:07:38,165 - quanttool.infrastructure.data_providers.data_fetcher - WARNING - 腾讯数据获取失败: 6 columns passed, passed data had 7 columns
2026-03-05 01:07:38,166 - quanttool.infrastructure.data_providers.data_fetcher - WARNING - Ashare returned no data for 000538.SZ
2026-03-05 01:07:38,166 - quanttool.infrastructure.data_providers.data_fetcher - INFO - Falling back to EastMoney for 000538.SZ
2026-03-05 01:07:40,082 - quanttool.infrastructure.data_providers.data_fetcher - ERROR - Error fetching EastMoney data for 000538.SZ: ('Connection aborted.', RemoteDisconnected('Remote end closed connection without response'))
2026-03-05 01:07:40,083 - quanttool.infrastructure.data_providers.data_fetcher - INFO - Falling back to AkShare for 000538.SZ
2026-03-05 01:07:40,083 - quanttool.infrastructure.data_providers.data_fetcher - INFO - Fetching 000538.SZ from AkShare using base symbol 000538
2026-03-05 01:07:40,137 - quanttool.infrastructure.data_providers.data_fetcher - WARNING - AkShare attempt 1 failed: ('Connection aborted.', RemoteDisconnected('Remote end closed connection without response'))
2026-03-05 01:07:41,198 - quanttool.infrastructure.data_providers.data_fetcher - WARNING - AkShare attempt 2 failed: ('Connection aborted.', RemoteDisconnected('Remote end closed connection without response'))
2026-03-05 01:07:42,254 - quanttool.infrastructure.data_providers.data_fetcher - WARNING - AkShare attempt 3 failed: ('Connection aborted.', RemoteDisconnected('Remote end closed connection without response'))
2026-03-05 01:07:42,254 - quanttool.infrastructure.data_providers.data_fetcher - WARNING - No AkShare data found for 000538.SZ: ('Connection aborted.', RemoteDisconnected('Remote end closed connection without response'))
2026-03-05 01:07:42,254 - quanttool.infrastructure.data_providers.data_fetcher - INFO - Falling back to BaoStock for 000538.SZ
2026-03-05 01:07:42,254 - quanttool.infrastructure.data_providers.data_fetcher - INFO - Fetching 000538.SZ from BaoStock using sz.000538
2026-03-05 01:07:43,743 - quanttool.infrastructure.data_providers.data_fetcher - INFO - Successfully fetched 239 bars from BaoStock for 000538.SZ
2026-03-05 01:07:43,744 - quanttool.infrastructure.data_providers.data_fetcher - INFO - Fetching 000568.SZ from Ashare (primary source)
2026-03-05 01:07:43,744 - quanttool.infrastructure.data_providers.data_fetcher - INFO - Fetching 000568.SZ from Ashare (primary source)
2026-03-05 01:07:45,286 - quanttool.infrastructure.data_providers.data_fetcher - WARNING - 新浪数据获取失败: Expecting value: line 1 column 1 (char 0)
2026-03-05 01:07:46,993 - quanttool.infrastructure.data_providers.data_fetcher - WARNING - 腾讯数据获取失败: 6 columns passed, passed data had 7 columns
2026-03-05 01:07:46,994 - quanttool.infrastructure.data_providers.data_fetcher - WARNING - Ashare returned no data for 000568.SZ
2026-03-05 01:07:46,994 - quanttool.infrastructure.data_providers.data_fetcher - INFO - Falling back to EastMoney for 000568.SZ
2026-03-05 01:07:49,316 - quanttool.infrastructure.data_providers.data_fetcher - ERROR - Error fetching EastMoney data for 000568.SZ: ('Connection aborted.', RemoteDisconnected('Remote end closed connection without response'))
2026-03-05 01:07:49,316 - quanttool.infrastructure.data_providers.data_fetcher - INFO - Falling back to AkShare for 000568.SZ
2026-03-05 01:07:49,316 - quanttool.infrastructure.data_providers.data_fetcher - INFO - Fetching 000568.SZ from AkShare using base symbol 000568
2026-03-05 01:07:49,363 - quanttool.infrastructure.data_providers.data_fetcher - WARNING - AkShare attempt 1 failed: ('Connection aborted.', RemoteDisconnected('Remote end closed connection without response'))
2026-03-05 01:07:50,419 - quanttool.infrastructure.data_providers.data_fetcher - WARNING - AkShare attempt 2 failed: ('Connection aborted.', RemoteDisconnected('Remote end closed connection without response'))
2026-03-05 01:07:51,482 - quanttool.infrastructure.data_providers.data_fetcher - WARNING - AkShare attempt 3 failed: ('Connection aborted.', RemoteDisconnected('Remote end closed connection without response'))
2026-03-05 01:07:51,482 - quanttool.infrastructure.data_providers.data_fetcher - WARNING - No AkShare data found for 000568.SZ: ('Connection aborted.', RemoteDisconnected('Remote end closed connection without response'))
2026-03-05 01:07:51,482 - quanttool.infrastructure.data_providers.data_fetcher - INFO - Falling back to BaoStock for 000568.SZ
2026-03-05 01:07:51,482 - quanttool.infrastructure.data_providers.data_fetcher - INFO - Fetching 000568.SZ from BaoStock using sz.000568
2026-03-05 01:07:51,574 - quanttool.infrastructure.data_providers.data_fetcher - INFO - Successfully fetched 239 bars from BaoStock for 000568.SZ
2026-03-05 01:07:51,575 - quanttool.infrastructure.data_providers.data_fetcher - INFO - Fetching 000596.SZ from Ashare (primary source)
2026-03-05 01:07:51,575 - quanttool.infrastructure.data_providers.data_fetcher - INFO - Fetching 000596.SZ from Ashare (primary source)
2026-03-05 01:07:54,038 - quanttool.infrastructure.data_providers.data_fetcher - WARNING - 新浪数据获取失败: Expecting value: line 1 column 1 (char 0)
2026-03-05 01:07:56,922 - quanttool.infrastructure.data_providers.data_fetcher - WARNING - 腾讯数据获取失败: 6 columns passed, passed data had 7 columns
2026-03-05 01:07:56,923 - quanttool.infrastructure.data_providers.data_fetcher - WARNING - Ashare returned no data for 000596.SZ
2026-03-05 01:07:56,923 - quanttool.infrastructure.data_providers.data_fetcher - INFO - Falling back to EastMoney for 000596.SZ
2026-03-05 01:07:58,691 - quanttool.infrastructure.data_providers.data_fetcher - ERROR - Error fetching EastMoney data for 000596.SZ: ('Connection aborted.', RemoteDisconnected('Remote end closed connection without response'))
2026-03-05 01:07:58,692 - quanttool.infrastructure.data_providers.data_fetcher - INFO - Falling back to AkShare for 000596.SZ
2026-03-05 01:07:58,692 - quanttool.infrastructure.data_providers.data_fetcher - INFO - Fetching 000596.SZ from AkShare using base symbol 000596
2026-03-05 01:07:58,745 - quanttool.infrastructure.data_providers.data_fetcher - WARNING - AkShare attempt 1 failed: ('Connection aborted.', RemoteDisconnected('Remote end closed connection without response'))
2026-03-05 01:07:59,818 - quanttool.infrastructure.data_providers.data_fetcher - WARNING - AkShare attempt 2 failed: ('Connection aborted.', RemoteDisconnected('Remote end closed connection without response'))
2026-03-05 01:08:00,871 - quanttool.infrastructure.data_providers.data_fetcher - WARNING - AkShare attempt 3 failed: ('Connection aborted.', RemoteDisconnected('Remote end closed connection without response'))
2026-03-05 01:08:00,871 - quanttool.infrastructure.data_providers.data_fetcher - WARNING - No AkShare data found for 000596.SZ: ('Connection aborted.', RemoteDisconnected('Remote end closed connection without response'))
2026-03-05 01:08:00,871 - quanttool.infrastructure.data_providers.data_fetcher - INFO - Falling back to BaoStock for 000596.SZ
2026-03-05 01:08:00,871 - quanttool.infrastructure.data_providers.data_fetcher - INFO - Fetching 000596.SZ from BaoStock using sz.000596
2026-03-05 01:08:00,928 - quanttool.infrastructure.data_providers.data_fetcher - INFO - Successfully fetched 239 bars from BaoStock for 000596.SZ
2026-03-05 01:08:00,929 - quanttool.infrastructure.data_providers.data_fetcher - INFO - Fetching 000617.SZ from Ashare (primary source)
2026-03-05 01:08:00,929 - quanttool.infrastructure.data_providers.data_fetcher - INFO - Fetching 000617.SZ from Ashare (primary source)
2026-03-05 01:08:02,334 - quanttool.infrastructure.data_providers.data_fetcher - WARNING - 新浪数据获取失败: Expecting value: line 1 column 1 (char 0)
2026-03-05 01:08:03,851 - quanttool.infrastructure.data_providers.data_fetcher - WARNING - 腾讯数据获取失败: 6 columns passed, passed data had 7 columns
2026-03-05 01:08:03,852 - quanttool.infrastructure.data_providers.data_fetcher - WARNING - Ashare returned no data for 000617.SZ
2026-03-05 01:08:03,852 - quanttool.infrastructure.data_providers.data_fetcher - INFO - Falling back to EastMoney for 000617.SZ
2026-03-05 01:08:06,480 - quanttool.infrastructure.data_providers.data_fetcher - ERROR - Error fetching EastMoney data for 000617.SZ: ('Connection aborted.', RemoteDisconnected('Remote end closed connection without response'))
2026-03-05 01:08:06,480 - quanttool.infrastructure.data_providers.data_fetcher - INFO - Falling back to AkShare for 000617.SZ
2026-03-05 01:08:06,480 - quanttool.infrastructure.data_providers.data_fetcher - INFO - Fetching 000617.SZ from AkShare using base symbol 000617
2026-03-05 01:08:06,528 - quanttool.infrastructure.data_providers.data_fetcher - WARNING - AkShare attempt 1 failed: ('Connection aborted.', RemoteDisconnected('Remote end closed connection without response'))
2026-03-05 01:08:07,583 - quanttool.infrastructure.data_providers.data_fetcher - WARNING - AkShare attempt 2 failed: ('Connection aborted.', RemoteDisconnected('Remote end closed connection without response'))
2026-03-05 01:08:08,639 - quanttool.infrastructure.data_providers.data_fetcher - WARNING - AkShare attempt 3 failed: ('Connection aborted.', RemoteDisconnected('Remote end closed connection without response'))
2026-03-05 01:08:08,639 - quanttool.infrastructure.data_providers.data_fetcher - WARNING - No AkShare data found for 000617.SZ: ('Connection aborted.', RemoteDisconnected('Remote end closed connection without response'))
2026-03-05 01:08:08,639 - quanttool.infrastructure.data_providers.data_fetcher - INFO - Falling back to BaoStock for 000617.SZ
2026-03-05 01:08:08,639 - quanttool.infrastructure.data_providers.data_fetcher - INFO - Fetching 000617.SZ from BaoStock using sz.000617
2026-03-05 01:08:08,675 - quanttool.infrastructure.data_providers.data_fetcher - INFO - Successfully fetched 239 bars from BaoStock for 000617.SZ
2026-03-05 01:08:08,675 - quanttool.infrastructure.data_providers.data_fetcher - INFO - Fetching 000625.SZ from Ashare (primary source)
2026-03-05 01:08:08,676 - quanttool.infrastructure.data_providers.data_fetcher - INFO - Fetching 000625.SZ from Ashare (primary source)
2026-03-05 01:08:11,452 - quanttool.infrastructure.data_providers.data_fetcher - WARNING - 新浪数据获取失败: Expecting value: line 1 column 1 (char 0)
2026-03-05 01:08:12,741 - quanttool.infrastructure.data_providers.data_fetcher - WARNING - 腾讯数据获取失败: 6 columns passed, passed data had 7 columns
2026-03-05 01:08:12,743 - quanttool.infrastructure.data_providers.data_fetcher - WARNING - Ashare returned no data for 000625.SZ
2026-03-05 01:08:12,743 - quanttool.infrastructure.data_providers.data_fetcher - INFO - Falling back to EastMoney for 000625.SZ
2026-03-05 01:08:15,440 - quanttool.infrastructure.data_providers.data_fetcher - ERROR - Error fetching EastMoney data for 000625.SZ: ('Connection aborted.', RemoteDisconnected('Remote end closed connection without response'))
2026-03-05 01:08:15,440 - quanttool.infrastructure.data_providers.data_fetcher - INFO - Falling back to AkShare for 000625.SZ
2026-03-05 01:08:15,440 - quanttool.infrastructure.data_providers.data_fetcher - INFO - Fetching 000625.SZ from AkShare using base symbol 000625
2026-03-05 01:08:15,492 - quanttool.infrastructure.data_providers.data_fetcher - WARNING - AkShare attempt 1 failed: ('Connection aborted.', RemoteDisconnected('Remote end closed connection without response'))
2026-03-05 01:08:16,545 - quanttool.infrastructure.data_providers.data_fetcher - WARNING - AkShare attempt 2 failed: ('Connection aborted.', RemoteDisconnected('Remote end closed connection without response'))
2026-03-05 01:08:17,598 - quanttool.infrastructure.data_providers.data_fetcher - WARNING - AkShare attempt 3 failed: ('Connection aborted.', RemoteDisconnected('Remote end closed connection without response'))
2026-03-05 01:08:17,598 - quanttool.infrastructure.data_providers.data_fetcher - WARNING - No AkShare data found for 000625.SZ: ('Connection aborted.', RemoteDisconnected('Remote end closed connection without response'))
2026-03-05 01:08:17,598 - quanttool.infrastructure.data_providers.data_fetcher - INFO - Falling back to BaoStock for 000625.SZ
2026-03-05 01:08:17,598 - quanttool.infrastructure.data_providers.data_fetcher - INFO - Fetching 000625.SZ from BaoStock using sz.000625
2026-03-05 01:08:17,848 - quanttool.infrastructure.data_providers.data_fetcher - INFO - Successfully fetched 239 bars from BaoStock for 000625.SZ
2026-03-05 01:08:17,849 - quanttool.infrastructure.data_providers.data_fetcher - INFO - Fetching 000630.SZ from Ashare (primary source)
2026-03-05 01:08:17,849 - quanttool.infrastructure.data_providers.data_fetcher - INFO - Fetching 000630.SZ from Ashare (primary source)
2026-03-05 01:08:20,366 - quanttool.infrastructure.data_providers.data_fetcher - WARNING - 新浪数据获取失败: Expecting value: line 1 column 1 (char 0)
2026-03-05 01:08:23,290 - quanttool.infrastructure.data_providers.data_fetcher - WARNING - 腾讯数据获取失败: 6 columns passed, passed data had 7 columns
2026-03-05 01:08:23,291 - quanttool.infrastructure.data_providers.data_fetcher - WARNING - Ashare returned no data for 000630.SZ
2026-03-05 01:08:23,291 - quanttool.infrastructure.data_providers.data_fetcher - INFO - Falling back to EastMoney for 000630.SZ
2026-03-05 01:08:24,682 - quanttool.infrastructure.data_providers.data_fetcher - ERROR - Error fetching EastMoney data for 000630.SZ: ('Connection aborted.', RemoteDisconnected('Remote end closed connection without response'))
2026-03-05 01:08:24,682 - quanttool.infrastructure.data_providers.data_fetcher - INFO - Falling back to AkShare for 000630.SZ
2026-03-05 01:08:24,682 - quanttool.infrastructure.data_providers.data_fetcher - INFO - Fetching 000630.SZ from AkShare using base symbol 000630
2026-03-05 01:08:24,732 - quanttool.infrastructure.data_providers.data_fetcher - WARNING - AkShare attempt 1 failed: ('Connection aborted.', RemoteDisconnected('Remote end closed connection without response'))
2026-03-05 01:08:25,799 - quanttool.infrastructure.data_providers.data_fetcher - WARNING - AkShare attempt 2 failed: ('Connection aborted.', RemoteDisconnected('Remote end closed connection without response'))
2026-03-05 01:08:26,851 - quanttool.infrastructure.data_providers.data_fetcher - WARNING - AkShare attempt 3 failed: ('Connection aborted.', RemoteDisconnected('Remote end closed connection without response'))
2026-03-05 01:08:26,851 - quanttool.infrastructure.data_providers.data_fetcher - WARNING - No AkShare data found for 000630.SZ: ('Connection aborted.', RemoteDisconnected('Remote end closed connection without response'))
2026-03-05 01:08:26,851 - quanttool.infrastructure.data_providers.data_fetcher - INFO - Falling back to BaoStock for 000630.SZ
2026-03-05 01:08:26,851 - quanttool.infrastructure.data_providers.data_fetcher - INFO - Fetching 000630.SZ from BaoStock using sz.000630
2026-03-05 01:08:27,886 - quanttool.infrastructure.data_providers.data_fetcher - INFO - Successfully fetched 239 bars from BaoStock for 000630.SZ
2026-03-05 01:08:27,886 - quanttool.infrastructure.data_providers.data_fetcher - INFO - Fetching 000651.SZ from Ashare (primary source)
2026-03-05 01:08:27,887 - quanttool.infrastructure.data_providers.data_fetcher - INFO - Fetching 000651.SZ from Ashare (primary source)
2026-03-05 01:08:29,450 - quanttool.infrastructure.data_providers.data_fetcher - WARNING - 新浪数据获取失败: Expecting value: line 1 column 1 (char 0)
2026-03-05 01:08:30,900 - quanttool.infrastructure.data_providers.data_fetcher - WARNING - 腾讯数据获取失败: 6 columns passed, passed data had 7 columns
2026-03-05 01:08:30,901 - quanttool.infrastructure.data_providers.data_fetcher - WARNING - Ashare returned no data for 000651.SZ
2026-03-05 01:08:30,901 - quanttool.infrastructure.data_providers.data_fetcher - INFO - Falling back to EastMoney for 000651.SZ
2026-03-05 01:08:33,770 - quanttool.infrastructure.data_providers.data_fetcher - ERROR - Error fetching EastMoney data for 000651.SZ: ('Connection aborted.', RemoteDisconnected('Remote end closed connection without response'))
2026-03-05 01:08:33,770 - quanttool.infrastructure.data_providers.data_fetcher - INFO - Falling back to AkShare for 000651.SZ
2026-03-05 01:08:33,770 - quanttool.infrastructure.data_providers.data_fetcher - INFO - Fetching 000651.SZ from AkShare using base symbol 000651
2026-03-05 01:08:33,815 - quanttool.infrastructure.data_providers.data_fetcher - WARNING - AkShare attempt 1 failed: ('Connection aborted.', RemoteDisconnected('Remote end closed connection without response'))
2026-03-05 01:08:34,870 - quanttool.infrastructure.data_providers.data_fetcher - WARNING - AkShare attempt 2 failed: ('Connection aborted.', RemoteDisconnected('Remote end closed connection without response'))
2026-03-05 01:08:35,921 - quanttool.infrastructure.data_providers.data_fetcher - WARNING - AkShare attempt 3 failed: ('Connection aborted.', RemoteDisconnected('Remote end closed connection without response'))
2026-03-05 01:08:35,921 - quanttool.infrastructure.data_providers.data_fetcher - WARNING - No AkShare data found for 000651.SZ: ('Connection aborted.', RemoteDisconnected('Remote end closed connection without response'))
2026-03-05 01:08:35,921 - quanttool.infrastructure.data_providers.data_fetcher - INFO - Falling back to BaoStock for 000651.SZ
2026-03-05 01:08:35,921 - quanttool.infrastructure.data_providers.data_fetcher - INFO - Fetching 000651.SZ from BaoStock using sz.000651
2026-03-05 01:08:36,240 - quanttool.infrastructure.data_providers.data_fetcher - INFO - Successfully fetched 239 bars from BaoStock for 000651.SZ
2026-03-05 01:08:36,240 - quanttool.infrastructure.data_providers.data_fetcher - INFO - Fetching 000661.SZ from Ashare (primary source)
2026-03-05 01:08:36,240 - quanttool.infrastructure.data_providers.data_fetcher - INFO - Fetching 000661.SZ from Ashare (primary source)
2026-03-05 01:08:37,901 - quanttool.infrastructure.data_providers.data_fetcher - WARNING - 新浪数据获取失败: Expecting value: line 1 column 1 (char 0)
2026-03-05 01:08:39,818 - quanttool.infrastructure.data_providers.data_fetcher - WARNING - 腾讯数据获取失败: 6 columns passed, passed data had 7 columns
2026-03-05 01:08:39,819 - quanttool.infrastructure.data_providers.data_fetcher - WARNING - Ashare returned no data for 000661.SZ
2026-03-05 01:08:39,819 - quanttool.infrastructure.data_providers.data_fetcher - INFO - Falling back to EastMoney for 000661.SZ
2026-03-05 01:08:41,643 - quanttool.infrastructure.data_providers.data_fetcher - ERROR - Error fetching EastMoney data for 000661.SZ: ('Connection aborted.', RemoteDisconnected('Remote end closed connection without response'))
2026-03-05 01:08:41,643 - quanttool.infrastructure.data_providers.data_fetcher - INFO - Falling back to AkShare for 000661.SZ
2026-03-05 01:08:41,643 - quanttool.infrastructure.data_providers.data_fetcher - INFO - Fetching 000661.SZ from AkShare using base symbol 000661
2026-03-05 01:08:41,696 - quanttool.infrastructure.data_providers.data_fetcher - WARNING - AkShare attempt 1 failed: ('Connection aborted.', RemoteDisconnected('Remote end closed connection without response'))
2026-03-05 01:08:42,750 - quanttool.infrastructure.data_providers.data_fetcher - WARNING - AkShare attempt 2 failed: ('Connection aborted.', RemoteDisconnected('Remote end closed connection without response'))
2026-03-05 01:08:43,806 - quanttool.infrastructure.data_providers.data_fetcher - WARNING - AkShare attempt 3 failed: ('Connection aborted.', RemoteDisconnected('Remote end closed connection without response'))
2026-03-05 01:08:43,807 - quanttool.infrastructure.data_providers.data_fetcher - WARNING - No AkShare data found for 000661.SZ: ('Connection aborted.', RemoteDisconnected('Remote end closed connection without response'))
2026-03-05 01:08:43,807 - quanttool.infrastructure.data_providers.data_fetcher - INFO - Falling back to BaoStock for 000661.SZ
2026-03-05 01:08:43,807 - quanttool.infrastructure.data_providers.data_fetcher - INFO - Fetching 000661.SZ from BaoStock using sz.000661
2026-03-05 01:08:45,069 - quanttool.infrastructure.data_providers.data_fetcher - INFO - Successfully fetched 239 bars from BaoStock for 000661.SZ
2026-03-05 01:08:45,070 - quanttool.infrastructure.data_providers.data_fetcher - INFO - Fetching 000708.SZ from Ashare (primary source)
2026-03-05 01:08:45,070 - quanttool.infrastructure.data_providers.data_fetcher - INFO - Fetching 000708.SZ from Ashare (primary source)
2026-03-05 01:08:46,964 - quanttool.infrastructure.data_providers.data_fetcher - WARNING - 新浪数据获取失败: Expecting value: line 1 column 1 (char 0)
2026-03-05 01:08:49,892 - quanttool.infrastructure.data_providers.data_fetcher - WARNING - 腾讯数据获取失败: 6 columns passed, passed data had 7 columns
2026-03-05 01:08:49,893 - quanttool.infrastructure.data_providers.data_fetcher - WARNING - Ashare returned no data for 000708.SZ
2026-03-05 01:08:49,893 - quanttool.infrastructure.data_providers.data_fetcher - INFO - Falling back to EastMoney for 000708.SZ
2026-03-05 01:08:51,987 - quanttool.infrastructure.data_providers.data_fetcher - ERROR - Error fetching EastMoney data for 000708.SZ: ('Connection aborted.', RemoteDisconnected('Remote end closed connection without response'))
2026-03-05 01:08:51,987 - quanttool.infrastructure.data_providers.data_fetcher - INFO - Falling back to AkShare for 000708.SZ
2026-03-05 01:08:51,987 - quanttool.infrastructure.data_providers.data_fetcher - INFO - Fetching 000708.SZ from AkShare using base symbol 000708
2026-03-05 01:08:52,037 - quanttool.infrastructure.data_providers.data_fetcher - WARNING - AkShare attempt 1 failed: ('Connection aborted.', RemoteDisconnected('Remote end closed connection without response'))
2026-03-05 01:08:53,091 - quanttool.infrastructure.data_providers.data_fetcher - WARNING - AkShare attempt 2 failed: ('Connection aborted.', RemoteDisconnected('Remote end closed connection without response'))
2026-03-05 01:08:54,143 - quanttool.infrastructure.data_providers.data_fetcher - WARNING - AkShare attempt 3 failed: ('Connection aborted.', RemoteDisconnected('Remote end closed connection without response'))
2026-03-05 01:08:54,144 - quanttool.infrastructure.data_providers.data_fetcher - WARNING - No AkShare data found for 000708.SZ: ('Connection aborted.', RemoteDisconnected('Remote end closed connection without response'))
2026-03-05 01:08:54,144 - quanttool.infrastructure.data_providers.data_fetcher - INFO - Falling back to BaoStock for 000708.SZ
2026-03-05 01:08:54,144 - quanttool.infrastructure.data_providers.data_fetcher - INFO - Fetching 000708.SZ from BaoStock using sz.000708
2026-03-05 01:08:54,667 - quanttool.infrastructure.data_providers.data_fetcher - INFO - Successfully fetched 239 bars from BaoStock for 000708.SZ
2026-03-05 01:08:54,668 - quanttool.infrastructure.data_providers.data_fetcher - INFO - Fetching 000725.SZ from Ashare (primary source)
2026-03-05 01:08:54,668 - quanttool.infrastructure.data_providers.data_fetcher - INFO - Fetching 000725.SZ from Ashare (primary source)
2026-03-05 01:08:55,792 - quanttool.infrastructure.data_providers.data_fetcher - WARNING - 新浪数据获取失败: Expecting value: line 1 column 1 (char 0)
2026-03-05 01:08:58,409 - quanttool.infrastructure.data_providers.data_fetcher - WARNING - 腾讯数据获取失败: 6 columns passed, passed data had 7 columns
2026-03-05 01:08:58,410 - quanttool.infrastructure.data_providers.data_fetcher - WARNING - Ashare returned no data for 000725.SZ
2026-03-05 01:08:58,411 - quanttool.infrastructure.data_providers.data_fetcher - INFO - Falling back to EastMoney for 000725.SZ
2026-03-05 01:09:01,282 - quanttool.infrastructure.data_providers.data_fetcher - ERROR - Error fetching EastMoney data for 000725.SZ: ('Connection aborted.', RemoteDisconnected('Remote end closed connection without response'))
2026-03-05 01:09:01,283 - quanttool.infrastructure.data_providers.data_fetcher - INFO - Falling back to AkShare for 000725.SZ
2026-03-05 01:09:01,283 - quanttool.infrastructure.data_providers.data_fetcher - INFO - Fetching 000725.SZ from AkShare using base symbol 000725
2026-03-05 01:09:01,335 - quanttool.infrastructure.data_providers.data_fetcher - WARNING - AkShare attempt 1 failed: ('Connection aborted.', RemoteDisconnected('Remote end closed connection without response'))
2026-03-05 01:09:02,404 - quanttool.infrastructure.data_providers.data_fetcher - WARNING - AkShare attempt 2 failed: ('Connection aborted.', RemoteDisconnected('Remote end closed connection without response'))
2026-03-05 01:09:03,472 - quanttool.infrastructure.data_providers.data_fetcher - WARNING - AkShare attempt 3 failed: ('Connection aborted.', RemoteDisconnected('Remote end closed connection without response'))
2026-03-05 01:09:03,472 - quanttool.infrastructure.data_providers.data_fetcher - WARNING - No AkShare data found for 000725.SZ: ('Connection aborted.', RemoteDisconnected('Remote end closed connection without response'))
2026-03-05 01:09:03,474 - quanttool.infrastructure.data_providers.data_fetcher - INFO - Falling back to BaoStock for 000725.SZ
2026-03-05 01:09:03,475 - quanttool.infrastructure.data_providers.data_fetcher - INFO - Fetching 000725.SZ from BaoStock using sz.000725
2026-03-05 01:09:03,728 - quanttool.infrastructure.data_providers.data_fetcher - INFO - Successfully fetched 239 bars from BaoStock for 000725.SZ
2026-03-05 01:09:03,729 - quanttool.infrastructure.data_providers.data_fetcher - INFO - Fetching 000768.SZ from Ashare (primary source)
2026-03-05 01:09:03,729 - quanttool.infrastructure.data_providers.data_fetcher - INFO - Fetching 000768.SZ from Ashare (primary source)
2026-03-05 01:09:06,553 - quanttool.infrastructure.data_providers.data_fetcher - WARNING - 新浪数据获取失败: Expecting value: line 1 column 1 (char 0)
2026-03-05 01:09:08,365 - quanttool.infrastructure.data_providers.data_fetcher - WARNING - 腾讯数据获取失败: 6 columns passed, passed data had 7 columns
2026-03-05 01:09:08,366 - quanttool.infrastructure.data_providers.data_fetcher - WARNING - Ashare returned no data for 000768.SZ
2026-03-05 01:09:08,366 - quanttool.infrastructure.data_providers.data_fetcher - INFO - Falling back to EastMoney for 000768.SZ
2026-03-05 01:09:09,751 - quanttool.infrastructure.data_providers.data_fetcher - ERROR - Error fetching EastMoney data for 000768.SZ: ('Connection aborted.', RemoteDisconnected('Remote end closed connection without response'))
2026-03-05 01:09:09,751 - quanttool.infrastructure.data_providers.data_fetcher - INFO - Falling back to AkShare for 000768.SZ
2026-03-05 01:09:09,751 - quanttool.infrastructure.data_providers.data_fetcher - INFO - Fetching 000768.SZ from AkShare using base symbol 000768
2026-03-05 01:09:09,805 - quanttool.infrastructure.data_providers.data_fetcher - WARNING - AkShare attempt 1 failed: ('Connection aborted.', RemoteDisconnected('Remote end closed connection without response'))
2026-03-05 01:09:10,862 - quanttool.infrastructure.data_providers.data_fetcher - WARNING - AkShare attempt 2 failed: ('Connection aborted.', RemoteDisconnected('Remote end closed connection without response'))
2026-03-05 01:09:11,920 - quanttool.infrastructure.data_providers.data_fetcher - WARNING - AkShare attempt 3 failed: ('Connection aborted.', RemoteDisconnected('Remote end closed connection without response'))
2026-03-05 01:09:11,920 - quanttool.infrastructure.data_providers.data_fetcher - WARNING - No AkShare data found for 000768.SZ: ('Connection aborted.', RemoteDisconnected('Remote end closed connection without response'))
2026-03-05 01:09:11,920 - quanttool.infrastructure.data_providers.data_fetcher - INFO - Falling back to BaoStock for 000768.SZ
2026-03-05 01:09:11,920 - quanttool.infrastructure.data_providers.data_fetcher - INFO - Fetching 000768.SZ from BaoStock using sz.000768
2026-03-05 01:09:12,382 - quanttool.infrastructure.data_providers.data_fetcher - INFO - Successfully fetched 239 bars from BaoStock for 000768.SZ
2026-03-05 01:09:12,383 - quanttool.infrastructure.data_providers.data_fetcher - INFO - Fetching 000776.SZ from Ashare (primary source)
2026-03-05 01:09:12,383 - quanttool.infrastructure.data_providers.data_fetcher - INFO - Fetching 000776.SZ from Ashare (primary source)
2026-03-05 01:09:15,232 - quanttool.infrastructure.data_providers.data_fetcher - WARNING - 新浪数据获取失败: Expecting value: line 1 column 1 (char 0)
2026-03-05 01:09:17,595 - quanttool.infrastructure.data_providers.data_fetcher - WARNING - 腾讯数据获取失败: 6 columns passed, passed data had 7 columns
2026-03-05 01:09:17,595 - quanttool.infrastructure.data_providers.data_fetcher - WARNING - Ashare returned no data for 000776.SZ
2026-03-05 01:09:17,596 - quanttool.infrastructure.data_providers.data_fetcher - INFO - Falling back to EastMoney for 000776.SZ
2026-03-05 01:09:19,818 - quanttool.infrastructure.data_providers.data_fetcher - ERROR - Error fetching EastMoney data for 000776.SZ: ('Connection aborted.', RemoteDisconnected('Remote end closed connection without response'))
2026-03-05 01:09:19,818 - quanttool.infrastructure.data_providers.data_fetcher - INFO - Falling back to AkShare for 000776.SZ
2026-03-05 01:09:19,818 - quanttool.infrastructure.data_providers.data_fetcher - INFO - Fetching 000776.SZ from AkShare using base symbol 000776
2026-03-05 01:09:19,876 - quanttool.infrastructure.data_providers.data_fetcher - WARNING - AkShare attempt 1 failed: ('Connection aborted.', RemoteDisconnected('Remote end closed connection without response'))
2026-03-05 01:09:20,927 - quanttool.infrastructure.data_providers.data_fetcher - WARNING - AkShare attempt 2 failed: ('Connection aborted.', RemoteDisconnected('Remote end closed connection without response'))
2026-03-05 01:09:21,984 - quanttool.infrastructure.data_providers.data_fetcher - WARNING - AkShare attempt 3 failed: ('Connection aborted.', RemoteDisconnected('Remote end closed connection without response'))
2026-03-05 01:09:21,984 - quanttool.infrastructure.data_providers.data_fetcher - WARNING - No AkShare data found for 000776.SZ: ('Connection aborted.', RemoteDisconnected('Remote end closed connection without response'))
2026-03-05 01:09:21,984 - quanttool.infrastructure.data_providers.data_fetcher - INFO - Falling back to BaoStock for 000776.SZ
2026-03-05 01:09:21,984 - quanttool.infrastructure.data_providers.data_fetcher - INFO - Fetching 000776.SZ from BaoStock using sz.000776
2026-03-05 01:09:27,855 - quanttool.infrastructure.data_providers.data_fetcher - INFO - Successfully fetched 239 bars from BaoStock for 000776.SZ
2026-03-05 01:09:27,856 - quanttool.infrastructure.data_providers.data_fetcher - INFO - Fetching 000786.SZ from Ashare (primary source)
2026-03-05 01:09:27,856 - quanttool.infrastructure.data_providers.data_fetcher - INFO - Fetching 000786.SZ from Ashare (primary source)
2026-03-05 01:09:30,593 - quanttool.infrastructure.data_providers.data_fetcher - WARNING - 新浪数据获取失败: Expecting value: line 1 column 1 (char 0)
2026-03-05 01:09:32,112 - quanttool.infrastructure.data_providers.data_fetcher - WARNING - 腾讯数据获取失败: 6 columns passed, passed data had 7 columns
2026-03-05 01:09:32,112 - quanttool.infrastructure.data_providers.data_fetcher - WARNING - Ashare returned no data for 000786.SZ
2026-03-05 01:09:32,113 - quanttool.infrastructure.data_providers.data_fetcher - INFO - Falling back to EastMoney for 000786.SZ
2026-03-05 01:09:34,038 - quanttool.infrastructure.data_providers.data_fetcher - ERROR - Error fetching EastMoney data for 000786.SZ: ('Connection aborted.', RemoteDisconnected('Remote end closed connection without response'))
2026-03-05 01:09:34,038 - quanttool.infrastructure.data_providers.data_fetcher - INFO - Falling back to AkShare for 000786.SZ
2026-03-05 01:09:34,039 - quanttool.infrastructure.data_providers.data_fetcher - INFO - Fetching 000786.SZ from AkShare using base symbol 000786
2026-03-05 01:09:34,097 - quanttool.infrastructure.data_providers.data_fetcher - WARNING - AkShare attempt 1 failed: ('Connection aborted.', RemoteDisconnected('Remote end closed connection without response'))
2026-03-05 01:09:35,153 - quanttool.infrastructure.data_providers.data_fetcher - WARNING - AkShare attempt 2 failed: ('Connection aborted.', RemoteDisconnected('Remote end closed connection without response'))
2026-03-05 01:09:36,205 - quanttool.infrastructure.data_providers.data_fetcher - WARNING - AkShare attempt 3 failed: ('Connection aborted.', RemoteDisconnected('Remote end closed connection without response'))
2026-03-05 01:09:36,206 - quanttool.infrastructure.data_providers.data_fetcher - WARNING - No AkShare data found for 000786.SZ: ('Connection aborted.', RemoteDisconnected('Remote end closed connection without response'))
2026-03-05 01:09:36,206 - quanttool.infrastructure.data_providers.data_fetcher - INFO - Falling back to BaoStock for 000786.SZ
2026-03-05 01:09:36,206 - quanttool.infrastructure.data_providers.data_fetcher - INFO - Fetching 000786.SZ from BaoStock using sz.000786
2026-03-05 01:09:36,563 - quanttool.infrastructure.data_providers.data_fetcher - INFO - Successfully fetched 239 bars from BaoStock for 000786.SZ
2026-03-05 01:09:36,563 - quanttool.infrastructure.data_providers.data_fetcher - INFO - Fetching 000792.SZ from Ashare (primary source)
2026-03-05 01:09:36,563 - quanttool.infrastructure.data_providers.data_fetcher - INFO - Fetching 000792.SZ from Ashare (primary source)
2026-03-05 01:09:38,980 - quanttool.infrastructure.data_providers.data_fetcher - WARNING - 新浪数据获取失败: Expecting value: line 1 column 1 (char 0)
2026-03-05 01:09:40,161 - quanttool.infrastructure.data_providers.data_fetcher - WARNING - 腾讯数据获取失败: could not convert string to float: '2024-07-19'
2026-03-05 01:09:40,162 - quanttool.infrastructure.data_providers.data_fetcher - WARNING - Ashare returned no data for 000792.SZ
2026-03-05 01:09:40,163 - quanttool.infrastructure.data_providers.data_fetcher - INFO - Falling back to EastMoney for 000792.SZ
2026-03-05 01:09:42,554 - quanttool.infrastructure.data_providers.data_fetcher - ERROR - Error fetching EastMoney data for 000792.SZ: ('Connection aborted.', RemoteDisconnected('Remote end closed connection without response'))
2026-03-05 01:09:42,554 - quanttool.infrastructure.data_providers.data_fetcher - INFO - Falling back to AkShare for 000792.SZ
2026-03-05 01:09:42,554 - quanttool.infrastructure.data_providers.data_fetcher - INFO - Fetching 000792.SZ from AkShare using base symbol 000792
2026-03-05 01:09:42,603 - quanttool.infrastructure.data_providers.data_fetcher - WARNING - AkShare attempt 1 failed: ('Connection aborted.', RemoteDisconnected('Remote end closed connection without response'))
2026-03-05 01:09:43,663 - quanttool.infrastructure.data_providers.data_fetcher - WARNING - AkShare attempt 2 failed: ('Connection aborted.', RemoteDisconnected('Remote end closed connection without response'))
2026-03-05 01:09:44,722 - quanttool.infrastructure.data_providers.data_fetcher - WARNING - AkShare attempt 3 failed: ('Connection aborted.', RemoteDisconnected('Remote end closed connection without response'))
2026-03-05 01:09:44,722 - quanttool.infrastructure.data_providers.data_fetcher - WARNING - No AkShare data found for 000792.SZ: ('Connection aborted.', RemoteDisconnected('Remote end closed connection without response'))
2026-03-05 01:09:44,722 - quanttool.infrastructure.data_providers.data_fetcher - INFO - Falling back to BaoStock for 000792.SZ
2026-03-05 01:09:44,722 - quanttool.infrastructure.data_providers.data_fetcher - INFO - Fetching 000792.SZ from BaoStock using sz.000792
2026-03-05 01:09:44,979 - quanttool.infrastructure.data_providers.data_fetcher - INFO - Successfully fetched 239 bars from BaoStock for 000792.SZ
2026-03-05 01:09:44,979 - quanttool.infrastructure.data_providers.data_fetcher - INFO - Fetching 000807.SZ from Ashare (primary source)
2026-03-05 01:09:44,979 - quanttool.infrastructure.data_providers.data_fetcher - INFO - Fetching 000807.SZ from Ashare (primary source)
2026-03-05 01:09:46,062 - quanttool.infrastructure.data_providers.data_fetcher - WARNING - 新浪数据获取失败: Expecting value: line 1 column 1 (char 0)
2026-03-05 01:09:49,103 - quanttool.infrastructure.data_providers.data_fetcher - WARNING - 腾讯数据获取失败: 6 columns passed, passed data had 7 columns
2026-03-05 01:09:49,104 - quanttool.infrastructure.data_providers.data_fetcher - WARNING - Ashare returned no data for 000807.SZ
2026-03-05 01:09:49,105 - quanttool.infrastructure.data_providers.data_fetcher - INFO - Falling back to EastMoney for 000807.SZ
2026-03-05 01:09:51,330 - quanttool.infrastructure.data_providers.data_fetcher - ERROR - Error fetching EastMoney data for 000807.SZ: ('Connection aborted.', RemoteDisconnected('Remote end closed connection without response'))
2026-03-05 01:09:51,331 - quanttool.infrastructure.data_providers.data_fetcher - INFO - Falling back to AkShare for 000807.SZ
2026-03-05 01:09:51,331 - quanttool.infrastructure.data_providers.data_fetcher - INFO - Fetching 000807.SZ from AkShare using base symbol 000807
2026-03-05 01:09:51,388 - quanttool.infrastructure.data_providers.data_fetcher - WARNING - AkShare attempt 1 failed: ('Connection aborted.', RemoteDisconnected('Remote end closed connection without response'))
2026-03-05 01:09:52,495 - quanttool.infrastructure.data_providers.data_fetcher - WARNING - AkShare attempt 2 failed: ('Connection aborted.', RemoteDisconnected('Remote end closed connection without response'))
2026-03-05 01:09:53,553 - quanttool.infrastructure.data_providers.data_fetcher - WARNING - AkShare attempt 3 failed: ('Connection aborted.', RemoteDisconnected('Remote end closed connection without response'))
2026-03-05 01:09:53,553 - quanttool.infrastructure.data_providers.data_fetcher - WARNING - No AkShare data found for 000807.SZ: ('Connection aborted.', RemoteDisconnected('Remote end closed connection without response'))
2026-03-05 01:09:53,553 - quanttool.infrastructure.data_providers.data_fetcher - INFO - Falling back to BaoStock for 000807.SZ
2026-03-05 01:09:53,553 - quanttool.infrastructure.data_providers.data_fetcher - INFO - Fetching 000807.SZ from BaoStock using sz.000807
2026-03-05 01:09:54,354 - quanttool.infrastructure.data_providers.data_fetcher - INFO - Successfully fetched 239 bars from BaoStock for 000807.SZ
2026-03-05 01:09:54,355 - quanttool.infrastructure.data_providers.data_fetcher - INFO - Fetching 000858.SZ from Ashare (primary source)
2026-03-05 01:09:54,355 - quanttool.infrastructure.data_providers.data_fetcher - INFO - Fetching 000858.SZ from Ashare (primary source)
2026-03-05 01:09:56,414 - quanttool.infrastructure.data_providers.data_fetcher - WARNING - 新浪数据获取失败: Expecting value: line 1 column 1 (char 0)
2026-03-05 01:09:57,746 - quanttool.infrastructure.data_providers.data_fetcher - WARNING - 腾讯数据获取失败: 6 columns passed, passed data had 7 columns
2026-03-05 01:09:57,747 - quanttool.infrastructure.data_providers.data_fetcher - WARNING - Ashare returned no data for 000858.SZ
2026-03-05 01:09:57,747 - quanttool.infrastructure.data_providers.data_fetcher - INFO - Falling back to EastMoney for 000858.SZ
2026-03-05 01:09:59,617 - quanttool.infrastructure.data_providers.data_fetcher - ERROR - Error fetching EastMoney data for 000858.SZ: ('Connection aborted.', RemoteDisconnected('Remote end closed connection without response'))
2026-03-05 01:09:59,617 - quanttool.infrastructure.data_providers.data_fetcher - INFO - Falling back to AkShare for 000858.SZ
2026-03-05 01:09:59,617 - quanttool.infrastructure.data_providers.data_fetcher - INFO - Fetching 000858.SZ from AkShare using base symbol 000858
2026-03-05 01:09:59,663 - quanttool.infrastructure.data_providers.data_fetcher - WARNING - AkShare attempt 1 failed: ('Connection aborted.', RemoteDisconnected('Remote end closed connection without response'))
2026-03-05 01:10:00,711 - quanttool.infrastructure.data_providers.data_fetcher - WARNING - AkShare attempt 2 failed: ('Connection aborted.', RemoteDisconnected('Remote end closed connection without response'))
2026-03-05 01:10:01,813 - quanttool.infrastructure.data_providers.data_fetcher - WARNING - AkShare attempt 3 failed: ('Connection aborted.', RemoteDisconnected('Remote end closed connection without response'))
2026-03-05 01:10:01,814 - quanttool.infrastructure.data_providers.data_fetcher - WARNING - No AkShare data found for 000858.SZ: ('Connection aborted.', RemoteDisconnected('Remote end closed connection without response'))
2026-03-05 01:10:01,814 - quanttool.infrastructure.data_providers.data_fetcher - INFO - Falling back to BaoStock for 000858.SZ
2026-03-05 01:10:01,814 - quanttool.infrastructure.data_providers.data_fetcher - INFO - Fetching 000858.SZ from BaoStock using sz.000858
2026-03-05 01:10:03,096 - quanttool.infrastructure.data_providers.data_fetcher - INFO - Successfully fetched 239 bars from BaoStock for 000858.SZ
2026-03-05 01:10:03,096 - quanttool.infrastructure.data_providers.data_fetcher - INFO - Fetching 000876.SZ from Ashare (primary source)
2026-03-05 01:10:03,096 - quanttool.infrastructure.data_providers.data_fetcher - INFO - Fetching 000876.SZ from Ashare (primary source)
2026-03-05 01:10:04,207 - quanttool.infrastructure.data_providers.data_fetcher - WARNING - 新浪数据获取失败: Expecting value: line 1 column 1 (char 0)
2026-03-05 01:10:06,251 - quanttool.infrastructure.data_providers.data_fetcher - WARNING - 腾讯数据获取失败: 6 columns passed, passed data had 7 columns
2026-03-05 01:10:06,253 - quanttool.infrastructure.data_providers.data_fetcher - WARNING - Ashare returned no data for 000876.SZ
2026-03-05 01:10:06,253 - quanttool.infrastructure.data_providers.data_fetcher - INFO - Falling back to EastMoney for 000876.SZ
2026-03-05 01:10:07,590 - quanttool.infrastructure.data_providers.data_fetcher - ERROR - Error fetching EastMoney data for 000876.SZ: ('Connection aborted.', RemoteDisconnected('Remote end closed connection without response'))
2026-03-05 01:10:07,591 - quanttool.infrastructure.data_providers.data_fetcher - INFO - Falling back to AkShare for 000876.SZ
2026-03-05 01:10:07,591 - quanttool.infrastructure.data_providers.data_fetcher - INFO - Fetching 000876.SZ from AkShare using base symbol 000876
2026-03-05 01:10:07,642 - quanttool.infrastructure.data_providers.data_fetcher - WARNING - AkShare attempt 1 failed: ('Connection aborted.', RemoteDisconnected('Remote end closed connection without response'))
2026-03-05 01:10:08,698 - quanttool.infrastructure.data_providers.data_fetcher - WARNING - AkShare attempt 2 failed: ('Connection aborted.', RemoteDisconnected('Remote end closed connection without response'))
2026-03-05 01:10:09,756 - quanttool.infrastructure.data_providers.data_fetcher - WARNING - AkShare attempt 3 failed: ('Connection aborted.', RemoteDisconnected('Remote end closed connection without response'))
2026-03-05 01:10:09,756 - quanttool.infrastructure.data_providers.data_fetcher - WARNING - No AkShare data found for 000876.SZ: ('Connection aborted.', RemoteDisconnected('Remote end closed connection without response'))
2026-03-05 01:10:09,757 - quanttool.infrastructure.data_providers.data_fetcher - INFO - Falling back to BaoStock for 000876.SZ
2026-03-05 01:10:09,757 - quanttool.infrastructure.data_providers.data_fetcher - INFO - Fetching 000876.SZ from BaoStock using sz.000876
2026-03-05 01:10:10,193 - quanttool.infrastructure.data_providers.data_fetcher - INFO - Successfully fetched 239 bars from BaoStock for 000876.SZ
2026-03-05 01:10:10,194 - quanttool.infrastructure.data_providers.data_fetcher - INFO - Fetching 000895.SZ from Ashare (primary source)
2026-03-05 01:10:10,194 - quanttool.infrastructure.data_providers.data_fetcher - INFO - Fetching 000895.SZ from Ashare (primary source)
2026-03-05 01:10:11,795 - quanttool.infrastructure.data_providers.data_fetcher - WARNING - 新浪数据获取失败: Expecting value: line 1 column 1 (char 0)
2026-03-05 01:10:12,982 - quanttool.infrastructure.data_providers.data_fetcher - WARNING - 腾讯数据获取失败: 6 columns passed, passed data had 7 columns
2026-03-05 01:10:12,983 - quanttool.infrastructure.data_providers.data_fetcher - WARNING - Ashare returned no data for 000895.SZ
2026-03-05 01:10:12,984 - quanttool.infrastructure.data_providers.data_fetcher - INFO - Falling back to EastMoney for 000895.SZ
2026-03-05 01:10:15,800 - quanttool.infrastructure.data_providers.data_fetcher - ERROR - Error fetching EastMoney data for 000895.SZ: ('Connection aborted.', RemoteDisconnected('Remote end closed connection without response'))
2026-03-05 01:10:15,801 - quanttool.infrastructure.data_providers.data_fetcher - INFO - Falling back to AkShare for 000895.SZ
2026-03-05 01:10:15,801 - quanttool.infrastructure.data_providers.data_fetcher - INFO - Fetching 000895.SZ from AkShare using base symbol 000895
2026-03-05 01:10:15,864 - quanttool.infrastructure.data_providers.data_fetcher - WARNING - AkShare attempt 1 failed: ('Connection aborted.', RemoteDisconnected('Remote end closed connection without response'))
2026-03-05 01:10:16,922 - quanttool.infrastructure.data_providers.data_fetcher - WARNING - AkShare attempt 2 failed: ('Connection aborted.', RemoteDisconnected('Remote end closed connection without response'))
2026-03-05 01:10:18,000 - quanttool.infrastructure.data_providers.data_fetcher - WARNING - AkShare attempt 3 failed: ('Connection aborted.', RemoteDisconnected('Remote end closed connection without response'))
2026-03-05 01:10:18,000 - quanttool.infrastructure.data_providers.data_fetcher - WARNING - No AkShare data found for 000895.SZ: ('Connection aborted.', RemoteDisconnected('Remote end closed connection without response'))
2026-03-05 01:10:18,001 - quanttool.infrastructure.data_providers.data_fetcher - INFO - Falling back to BaoStock for 000895.SZ
2026-03-05 01:10:18,001 - quanttool.infrastructure.data_providers.data_fetcher - INFO - Fetching 000895.SZ from BaoStock using sz.000895
2026-03-05 01:10:19,378 - quanttool.infrastructure.data_providers.data_fetcher - INFO - Successfully fetched 239 bars from BaoStock for 000895.SZ
2026-03-05 01:10:19,379 - quanttool.infrastructure.data_providers.data_fetcher - INFO - Fetching 000938.SZ from Ashare (primary source)
2026-03-05 01:10:19,379 - quanttool.infrastructure.data_providers.data_fetcher - INFO - Fetching 000938.SZ from Ashare (primary source)
2026-03-05 01:10:22,046 - quanttool.infrastructure.data_providers.data_fetcher - WARNING - 新浪数据获取失败: Expecting value: line 1 column 1 (char 0)
2026-03-05 01:10:24,356 - quanttool.infrastructure.data_providers.data_fetcher - WARNING - 腾讯数据获取失败: 6 columns passed, passed data had 7 columns
2026-03-05 01:10:24,357 - quanttool.infrastructure.data_providers.data_fetcher - WARNING - Ashare returned no data for 000938.SZ
2026-03-05 01:10:24,357 - quanttool.infrastructure.data_providers.data_fetcher - INFO - Falling back to EastMoney for 000938.SZ
2026-03-05 01:10:27,354 - quanttool.infrastructure.data_providers.data_fetcher - ERROR - Error fetching EastMoney data for 000938.SZ: ('Connection aborted.', RemoteDisconnected('Remote end closed connection without response'))
2026-03-05 01:10:27,355 - quanttool.infrastructure.data_providers.data_fetcher - INFO - Falling back to AkShare for 000938.SZ
2026-03-05 01:10:27,355 - quanttool.infrastructure.data_providers.data_fetcher - INFO - Fetching 000938.SZ from AkShare using base symbol 000938
2026-03-05 01:10:27,404 - quanttool.infrastructure.data_providers.data_fetcher - WARNING - AkShare attempt 1 failed: ('Connection aborted.', RemoteDisconnected('Remote end closed connection without response'))
2026-03-05 01:10:28,473 - quanttool.infrastructure.data_providers.data_fetcher - WARNING - AkShare attempt 2 failed: ('Connection aborted.', RemoteDisconnected('Remote end closed connection without response'))
2026-03-05 01:10:29,529 - quanttool.infrastructure.data_providers.data_fetcher - WARNING - AkShare attempt 3 failed: ('Connection aborted.', RemoteDisconnected('Remote end closed connection without response'))
2026-03-05 01:10:29,529 - quanttool.infrastructure.data_providers.data_fetcher - WARNING - No AkShare data found for 000938.SZ: ('Connection aborted.', RemoteDisconnected('Remote end closed connection without response'))
2026-03-05 01:10:29,529 - quanttool.infrastructure.data_providers.data_fetcher - INFO - Falling back to BaoStock for 000938.SZ
2026-03-05 01:10:29,529 - quanttool.infrastructure.data_providers.data_fetcher - INFO - Fetching 000938.SZ from BaoStock using sz.000938
2026-03-05 01:10:33,277 - quanttool.infrastructure.data_providers.data_fetcher - INFO - Successfully fetched 239 bars from BaoStock for 000938.SZ
2026-03-05 01:10:33,278 - quanttool.infrastructure.data_providers.data_fetcher - INFO - Fetching 000963.SZ from Ashare (primary source)
2026-03-05 01:10:33,278 - quanttool.infrastructure.data_providers.data_fetcher - INFO - Fetching 000963.SZ from Ashare (primary source)
2026-03-05 01:10:34,604 - quanttool.infrastructure.data_providers.data_fetcher - WARNING - 新浪数据获取失败: Expecting value: line 1 column 1 (char 0)
2026-03-05 01:10:36,806 - quanttool.infrastructure.data_providers.data_fetcher - WARNING - 腾讯数据获取失败: 6 columns passed, passed data had 7 columns
2026-03-05 01:10:36,811 - quanttool.infrastructure.data_providers.data_fetcher - WARNING - Ashare returned no data for 000963.SZ
2026-03-05 01:10:36,811 - quanttool.infrastructure.data_providers.data_fetcher - INFO - Falling back to EastMoney for 000963.SZ
2026-03-05 01:10:39,856 - quanttool.infrastructure.data_providers.data_fetcher - ERROR - Error fetching EastMoney data for 000963.SZ: ('Connection aborted.', RemoteDisconnected('Remote end closed connection without response'))
2026-03-05 01:10:39,856 - quanttool.infrastructure.data_providers.data_fetcher - INFO - Falling back to AkShare for 000963.SZ
2026-03-05 01:10:39,857 - quanttool.infrastructure.data_providers.data_fetcher - INFO - Fetching 000963.SZ from AkShare using base symbol 000963
2026-03-05 01:10:39,910 - quanttool.infrastructure.data_providers.data_fetcher - WARNING - AkShare attempt 1 failed: ('Connection aborted.', RemoteDisconnected('Remote end closed connection without response'))
2026-03-05 01:10:40,960 - quanttool.infrastructure.data_providers.data_fetcher - WARNING - AkShare attempt 2 failed: ('Connection aborted.', RemoteDisconnected('Remote end closed connection without response'))
2026-03-05 01:10:42,030 - quanttool.infrastructure.data_providers.data_fetcher - WARNING - AkShare attempt 3 failed: ('Connection aborted.', RemoteDisconnected('Remote end closed connection without response'))
2026-03-05 01:10:42,030 - quanttool.infrastructure.data_providers.data_fetcher - WARNING - No AkShare data found for 000963.SZ: ('Connection aborted.', RemoteDisconnected('Remote end closed connection without response'))
2026-03-05 01:10:42,030 - quanttool.infrastructure.data_providers.data_fetcher - INFO - Falling back to BaoStock for 000963.SZ
2026-03-05 01:10:42,030 - quanttool.infrastructure.data_providers.data_fetcher - INFO - Fetching 000963.SZ from BaoStock using sz.000963
2026-03-05 01:10:42,296 - quanttool.infrastructure.data_providers.data_fetcher - INFO - Successfully fetched 239 bars from BaoStock for 000963.SZ
2026-03-05 01:10:42,297 - quanttool.infrastructure.data_providers.data_fetcher - INFO - Fetching 000975.SZ from Ashare (primary source)
2026-03-05 01:10:42,297 - quanttool.infrastructure.data_providers.data_fetcher - INFO - Fetching 000975.SZ from Ashare (primary source)
2026-03-05 01:10:44,883 - quanttool.infrastructure.data_providers.data_fetcher - WARNING - 新浪数据获取失败: Expecting value: line 1 column 1 (char 0)
2026-03-05 01:10:47,427 - quanttool.infrastructure.data_providers.data_fetcher - WARNING - 腾讯数据获取失败: 6 columns passed, passed data had 7 columns
2026-03-05 01:10:47,429 - quanttool.infrastructure.data_providers.data_fetcher - WARNING - Ashare returned no data for 000975.SZ
2026-03-05 01:10:47,429 - quanttool.infrastructure.data_providers.data_fetcher - INFO - Falling back to EastMoney for 000975.SZ
2026-03-05 01:10:49,554 - quanttool.infrastructure.data_providers.data_fetcher - ERROR - Error fetching EastMoney data for 000975.SZ: ('Connection aborted.', RemoteDisconnected('Remote end closed connection without response'))
2026-03-05 01:10:49,555 - quanttool.infrastructure.data_providers.data_fetcher - INFO - Falling back to AkShare for 000975.SZ
2026-03-05 01:10:49,555 - quanttool.infrastructure.data_providers.data_fetcher - INFO - Fetching 000975.SZ from AkShare using base symbol 000975
2026-03-05 01:10:49,614 - quanttool.infrastructure.data_providers.data_fetcher - WARNING - AkShare attempt 1 failed: ('Connection aborted.', RemoteDisconnected('Remote end closed connection without response'))
2026-03-05 01:10:50,677 - quanttool.infrastructure.data_providers.data_fetcher - WARNING - AkShare attempt 2 failed: ('Connection aborted.', RemoteDisconnected('Remote end closed connection without response'))
2026-03-05 01:10:51,755 - quanttool.infrastructure.data_providers.data_fetcher - WARNING - AkShare attempt 3 failed: ('Connection aborted.', RemoteDisconnected('Remote end closed connection without response'))
2026-03-05 01:10:51,755 - quanttool.infrastructure.data_providers.data_fetcher - WARNING - No AkShare data found for 000975.SZ: ('Connection aborted.', RemoteDisconnected('Remote end closed connection without response'))
2026-03-05 01:10:51,755 - quanttool.infrastructure.data_providers.data_fetcher - INFO - Falling back to BaoStock for 000975.SZ
2026-03-05 01:10:51,756 - quanttool.infrastructure.data_providers.data_fetcher - INFO - Fetching 000975.SZ from BaoStock using sz.000975
2026-03-05 01:10:51,808 - quanttool.infrastructure.data_providers.data_fetcher - INFO - Successfully fetched 239 bars from BaoStock for 000975.SZ
2026-03-05 01:10:51,809 - quanttool.infrastructure.data_providers.data_fetcher - INFO - Fetching 000977.SZ from Ashare (primary source)
2026-03-05 01:10:51,809 - quanttool.infrastructure.data_providers.data_fetcher - INFO - Fetching 000977.SZ from Ashare (primary source)
2026-03-05 01:10:53,673 - quanttool.infrastructure.data_providers.data_fetcher - WARNING - 新浪数据获取失败: Expecting value: line 1 column 1 (char 0)
2026-03-05 01:10:56,494 - quanttool.infrastructure.data_providers.data_fetcher - WARNING - 腾讯数据获取失败: 6 columns passed, passed data had 7 columns
2026-03-05 01:10:56,496 - quanttool.infrastructure.data_providers.data_fetcher - WARNING - Ashare returned no data for 000977.SZ
2026-03-05 01:10:56,497 - quanttool.infrastructure.data_providers.data_fetcher - INFO - Falling back to EastMoney for 000977.SZ
2026-03-05 01:10:59,534 - quanttool.infrastructure.data_providers.data_fetcher - ERROR - Error fetching EastMoney data for 000977.SZ: ('Connection aborted.', RemoteDisconnected('Remote end closed connection without response'))
2026-03-05 01:10:59,534 - quanttool.infrastructure.data_providers.data_fetcher - INFO - Falling back to AkShare for 000977.SZ
2026-03-05 01:10:59,534 - quanttool.infrastructure.data_providers.data_fetcher - INFO - Fetching 000977.SZ from AkShare using base symbol 000977
2026-03-05 01:10:59,589 - quanttool.infrastructure.data_providers.data_fetcher - WARNING - AkShare attempt 1 failed: ('Connection aborted.', RemoteDisconnected('Remote end closed connection without response'))
2026-03-05 01:11:00,661 - quanttool.infrastructure.data_providers.data_fetcher - WARNING - AkShare attempt 2 failed: ('Connection aborted.', RemoteDisconnected('Remote end closed connection without response'))
2026-03-05 01:11:01,725 - quanttool.infrastructure.data_providers.data_fetcher - WARNING - AkShare attempt 3 failed: ('Connection aborted.', RemoteDisconnected('Remote end closed connection without response'))
2026-03-05 01:11:01,725 - quanttool.infrastructure.data_providers.data_fetcher - WARNING - No AkShare data found for 000977.SZ: ('Connection aborted.', RemoteDisconnected('Remote end closed connection without response'))
2026-03-05 01:11:01,725 - quanttool.infrastructure.data_providers.data_fetcher - INFO - Falling back to BaoStock for 000977.SZ
2026-03-05 01:11:01,726 - quanttool.infrastructure.data_providers.data_fetcher - INFO - Fetching 000977.SZ from BaoStock using sz.000977
2026-03-05 01:11:02,706 - quanttool.infrastructure.data_providers.data_fetcher - INFO - Successfully fetched 239 bars from BaoStock for 000977.SZ
2026-03-05 01:11:02,707 - quanttool.infrastructure.data_providers.data_fetcher - INFO - Fetching 000983.SZ from Ashare (primary source)
2026-03-05 01:11:02,707 - quanttool.infrastructure.data_providers.data_fetcher - INFO - Fetching 000983.SZ from Ashare (primary source)
2026-03-05 01:11:03,934 - quanttool.infrastructure.data_providers.data_fetcher - WARNING - 新浪数据获取失败: Expecting value: line 1 column 1 (char 0)
2026-03-05 01:11:06,770 - quanttool.infrastructure.data_providers.data_fetcher - WARNING - 腾讯数据获取失败: 6 columns passed, passed data had 7 columns
2026-03-05 01:11:06,773 - quanttool.infrastructure.data_providers.data_fetcher - WARNING - Ashare returned no data for 000983.SZ
2026-03-05 01:11:06,773 - quanttool.infrastructure.data_providers.data_fetcher - INFO - Falling back to EastMoney for 000983.SZ
2026-03-05 01:11:09,287 - quanttool.infrastructure.data_providers.data_fetcher - ERROR - Error fetching EastMoney data for 000983.SZ: ('Connection aborted.', RemoteDisconnected('Remote end closed connection without response'))
2026-03-05 01:11:09,289 - quanttool.infrastructure.data_providers.data_fetcher - INFO - Falling back to AkShare for 000983.SZ
2026-03-05 01:11:09,289 - quanttool.infrastructure.data_providers.data_fetcher - INFO - Fetching 000983.SZ from AkShare using base symbol 000983
2026-03-05 01:11:09,355 - quanttool.infrastructure.data_providers.data_fetcher - WARNING - AkShare attempt 1 failed: ('Connection aborted.', RemoteDisconnected('Remote end closed connection without response'))
2026-03-05 01:11:10,432 - quanttool.infrastructure.data_providers.data_fetcher - WARNING - AkShare attempt 2 failed: ('Connection aborted.', RemoteDisconnected('Remote end closed connection without response'))
2026-03-05 01:11:11,506 - quanttool.infrastructure.data_providers.data_fetcher - WARNING - AkShare attempt 3 failed: ('Connection aborted.', RemoteDisconnected('Remote end closed connection without response'))
2026-03-05 01:11:11,507 - quanttool.infrastructure.data_providers.data_fetcher - WARNING - No AkShare data found for 000983.SZ: ('Connection aborted.', RemoteDisconnected('Remote end closed connection without response'))
2026-03-05 01:11:11,509 - quanttool.infrastructure.data_providers.data_fetcher - INFO - Falling back to BaoStock for 000983.SZ
2026-03-05 01:11:11,509 - quanttool.infrastructure.data_providers.data_fetcher - INFO - Fetching 000983.SZ from BaoStock using sz.000983
2026-03-05 01:11:12,540 - quanttool.infrastructure.data_providers.data_fetcher - INFO - Successfully fetched 239 bars from BaoStock for 000983.SZ
2026-03-05 01:11:12,541 - quanttool.infrastructure.data_providers.data_fetcher - INFO - Fetching 000999.SZ from Ashare (primary source)
2026-03-05 01:11:12,541 - quanttool.infrastructure.data_providers.data_fetcher - INFO - Fetching 000999.SZ from Ashare (primary source)
2026-03-05 01:11:14,856 - quanttool.infrastructure.data_providers.data_fetcher - WARNING - 新浪数据获取失败: Expecting value: line 1 column 1 (char 0)
2026-03-05 01:11:17,067 - quanttool.infrastructure.data_providers.data_fetcher - WARNING - 腾讯数据获取失败: 6 columns passed, passed data had 7 columns
2026-03-05 01:11:17,068 - quanttool.infrastructure.data_providers.data_fetcher - WARNING - Ashare returned no data for 000999.SZ
2026-03-05 01:11:17,068 - quanttool.infrastructure.data_providers.data_fetcher - INFO - Falling back to EastMoney for 000999.SZ
2026-03-05 01:11:18,819 - quanttool.infrastructure.data_providers.data_fetcher - ERROR - Error fetching EastMoney data for 000999.SZ: ('Connection aborted.', RemoteDisconnected('Remote end closed connection without response'))
2026-03-05 01:11:18,821 - quanttool.infrastructure.data_providers.data_fetcher - INFO - Falling back to AkShare for 000999.SZ
2026-03-05 01:11:18,822 - quanttool.infrastructure.data_providers.data_fetcher - INFO - Fetching 000999.SZ from AkShare using base symbol 000999
2026-03-05 01:11:18,868 - quanttool.infrastructure.data_providers.data_fetcher - WARNING - AkShare attempt 1 failed: ('Connection aborted.', RemoteDisconnected('Remote end closed connection without response'))
2026-03-05 01:11:19,938 - quanttool.infrastructure.data_providers.data_fetcher - WARNING - AkShare attempt 2 failed: ('Connection aborted.', RemoteDisconnected('Remote end closed connection without response'))
2026-03-05 01:11:21,000 - quanttool.infrastructure.data_providers.data_fetcher - WARNING - AkShare attempt 3 failed: ('Connection aborted.', RemoteDisconnected('Remote end closed connection without response'))
2026-03-05 01:11:21,001 - quanttool.infrastructure.data_providers.data_fetcher - WARNING - No AkShare data found for 000999.SZ: ('Connection aborted.', RemoteDisconnected('Remote end closed connection without response'))
2026-03-05 01:11:21,004 - quanttool.infrastructure.data_providers.data_fetcher - INFO - Falling back to BaoStock for 000999.SZ
2026-03-05 01:11:21,004 - quanttool.infrastructure.data_providers.data_fetcher - INFO - Fetching 000999.SZ from BaoStock using sz.000999
2026-03-05 01:11:22,206 - quanttool.infrastructure.data_providers.data_fetcher - INFO - Successfully fetched 239 bars from BaoStock for 000999.SZ
2026-03-05 01:11:22,207 - quanttool.infrastructure.data_providers.data_fetcher - INFO - Fetching 001391.SZ from Ashare (primary source)
2026-03-05 01:11:22,207 - quanttool.infrastructure.data_providers.data_fetcher - INFO - Fetching 001391.SZ from Ashare (primary source)
2026-03-05 01:11:25,001 - quanttool.infrastructure.data_providers.data_fetcher - WARNING - 新浪数据获取失败: Expecting value: line 1 column 1 (char 0)
2026-03-05 01:11:28,097 - quanttool.infrastructure.data_providers.data_fetcher - WARNING - 腾讯数据获取失败: 6 columns passed, passed data had 7 columns
2026-03-05 01:11:28,100 - quanttool.infrastructure.data_providers.data_fetcher - WARNING - Ashare returned no data for 001391.SZ
2026-03-05 01:11:28,101 - quanttool.infrastructure.data_providers.data_fetcher - INFO - Falling back to EastMoney for 001391.SZ
2026-03-05 01:11:30,897 - quanttool.infrastructure.data_providers.data_fetcher - ERROR - Error fetching EastMoney data for 001391.SZ: ('Connection aborted.', RemoteDisconnected('Remote end closed connection without response'))
2026-03-05 01:11:30,899 - quanttool.infrastructure.data_providers.data_fetcher - INFO - Falling back to AkShare for 001391.SZ
2026-03-05 01:11:30,899 - quanttool.infrastructure.data_providers.data_fetcher - INFO - Fetching 001391.SZ from AkShare using base symbol 001391
2026-03-05 01:11:30,947 - quanttool.infrastructure.data_providers.data_fetcher - WARNING - AkShare attempt 1 failed: ('Connection aborted.', RemoteDisconnected('Remote end closed connection without response'))
2026-03-05 01:11:32,017 - quanttool.infrastructure.data_providers.data_fetcher - WARNING - AkShare attempt 2 failed: ('Connection aborted.', RemoteDisconnected('Remote end closed connection without response'))
2026-03-05 01:11:33,082 - quanttool.infrastructure.data_providers.data_fetcher - WARNING - AkShare attempt 3 failed: ('Connection aborted.', RemoteDisconnected('Remote end closed connection without response'))
2026-03-05 01:11:33,082 - quanttool.infrastructure.data_providers.data_fetcher - WARNING - No AkShare data found for 001391.SZ: ('Connection aborted.', RemoteDisconnected('Remote end closed connection without response'))
2026-03-05 01:11:33,085 - quanttool.infrastructure.data_providers.data_fetcher - INFO - Falling back to BaoStock for 001391.SZ
2026-03-05 01:11:33,085 - quanttool.infrastructure.data_providers.data_fetcher - INFO - Fetching 001391.SZ from BaoStock using sz.001391
2026-03-05 01:11:34,035 - quanttool.infrastructure.data_providers.data_fetcher - INFO - Successfully fetched 239 bars from BaoStock for 001391.SZ
2026-03-05 01:11:34,038 - quanttool.infrastructure.data_providers.data_fetcher - INFO - Fetching 001965.SZ from Ashare (primary source)
2026-03-05 01:11:34,038 - quanttool.infrastructure.data_providers.data_fetcher - INFO - Fetching 001965.SZ from Ashare (primary source)
2026-03-05 01:11:36,506 - quanttool.infrastructure.data_providers.data_fetcher - WARNING - 新浪数据获取失败: Expecting value: line 1 column 1 (char 0)
2026-03-05 01:11:38,121 - quanttool.infrastructure.data_providers.data_fetcher - WARNING - 腾讯数据获取失败: 6 columns passed, passed data had 7 columns
2026-03-05 01:11:38,124 - quanttool.infrastructure.data_providers.data_fetcher - WARNING - Ashare returned no data for 001965.SZ
2026-03-05 01:11:38,124 - quanttool.infrastructure.data_providers.data_fetcher - INFO - Falling back to EastMoney for 001965.SZ
2026-03-05 01:11:41,186 - quanttool.infrastructure.data_providers.data_fetcher - ERROR - Error fetching EastMoney data for 001965.SZ: ('Connection aborted.', RemoteDisconnected('Remote end closed connection without response'))
2026-03-05 01:11:41,190 - quanttool.infrastructure.data_providers.data_fetcher - INFO - Falling back to AkShare for 001965.SZ
2026-03-05 01:11:41,190 - quanttool.infrastructure.data_providers.data_fetcher - INFO - Fetching 001965.SZ from AkShare using base symbol 001965
2026-03-05 01:11:41,241 - quanttool.infrastructure.data_providers.data_fetcher - WARNING - AkShare attempt 1 failed: ('Connection aborted.', RemoteDisconnected('Remote end closed connection without response'))
2026-03-05 01:11:42,309 - quanttool.infrastructure.data_providers.data_fetcher - WARNING - AkShare attempt 2 failed: ('Connection aborted.', RemoteDisconnected('Remote end closed connection without response'))
2026-03-05 01:11:43,377 - quanttool.infrastructure.data_providers.data_fetcher - WARNING - AkShare attempt 3 failed: ('Connection aborted.', RemoteDisconnected('Remote end closed connection without response'))
2026-03-05 01:11:43,377 - quanttool.infrastructure.data_providers.data_fetcher - WARNING - No AkShare data found for 001965.SZ: ('Connection aborted.', RemoteDisconnected('Remote end closed connection without response'))
2026-03-05 01:11:43,377 - quanttool.infrastructure.data_providers.data_fetcher - INFO - Falling back to BaoStock for 001965.SZ
2026-03-05 01:11:43,377 - quanttool.infrastructure.data_providers.data_fetcher - INFO - Fetching 001965.SZ from BaoStock using sz.001965
2026-03-05 01:11:46,137 - quanttool.infrastructure.data_providers.data_fetcher - INFO - Successfully fetched 239 bars from BaoStock for 001965.SZ
2026-03-05 01:11:46,138 - quanttool.infrastructure.data_providers.data_fetcher - INFO - Fetching 001979.SZ from Ashare (primary source)
2026-03-05 01:11:46,138 - quanttool.infrastructure.data_providers.data_fetcher - INFO - Fetching 001979.SZ from Ashare (primary source)
2026-03-05 01:11:49,010 - quanttool.infrastructure.data_providers.data_fetcher - WARNING - 新浪数据获取失败: Expecting value: line 1 column 1 (char 0)
2026-03-05 01:11:50,906 - quanttool.infrastructure.data_providers.data_fetcher - WARNING - 腾讯数据获取失败: 6 columns passed, passed data had 7 columns
2026-03-05 01:11:50,908 - quanttool.infrastructure.data_providers.data_fetcher - WARNING - Ashare returned no data for 001979.SZ
2026-03-05 01:11:50,909 - quanttool.infrastructure.data_providers.data_fetcher - INFO - Falling back to EastMoney for 001979.SZ
2026-03-05 01:11:52,645 - quanttool.infrastructure.data_providers.data_fetcher - ERROR - Error fetching EastMoney data for 001979.SZ: ('Connection aborted.', RemoteDisconnected('Remote end closed connection without response'))
2026-03-05 01:11:52,645 - quanttool.infrastructure.data_providers.data_fetcher - INFO - Falling back to AkShare for 001979.SZ
2026-03-05 01:11:52,645 - quanttool.infrastructure.data_providers.data_fetcher - INFO - Fetching 001979.SZ from AkShare using base symbol 001979
2026-03-05 01:11:52,689 - quanttool.infrastructure.data_providers.data_fetcher - WARNING - AkShare attempt 1 failed: ('Connection aborted.', RemoteDisconnected('Remote end closed connection without response'))
2026-03-05 01:11:53,752 - quanttool.infrastructure.data_providers.data_fetcher - WARNING - AkShare attempt 2 failed: ('Connection aborted.', RemoteDisconnected('Remote end closed connection without response'))
2026-03-05 01:11:54,808 - quanttool.infrastructure.data_providers.data_fetcher - WARNING - AkShare attempt 3 failed: ('Connection aborted.', RemoteDisconnected('Remote end closed connection without response'))
2026-03-05 01:11:54,808 - quanttool.infrastructure.data_providers.data_fetcher - WARNING - No AkShare data found for 001979.SZ: ('Connection aborted.', RemoteDisconnected('Remote end closed connection without response'))
2026-03-05 01:11:54,809 - quanttool.infrastructure.data_providers.data_fetcher - INFO - Falling back to BaoStock for 001979.SZ
2026-03-05 01:11:54,809 - quanttool.infrastructure.data_providers.data_fetcher - INFO - Fetching 001979.SZ from BaoStock using sz.001979
2026-03-05 01:11:55,448 - quanttool.infrastructure.data_providers.data_fetcher - INFO - Successfully fetched 239 bars from BaoStock for 001979.SZ
2026-03-05 01:11:55,449 - quanttool.infrastructure.data_providers.data_fetcher - INFO - Fetching 002001.SZ from Ashare (primary source)
2026-03-05 01:11:55,449 - quanttool.infrastructure.data_providers.data_fetcher - INFO - Fetching 002001.SZ from Ashare (primary source)
2026-03-05 01:11:57,656 - quanttool.infrastructure.data_providers.data_fetcher - INFO - Successfully fetched 239 bars from Ashare for 002001.SZ
2026-03-05 01:11:57,658 - quanttool.infrastructure.data_providers.data_fetcher - INFO - Fetching 002027.SZ from Ashare (primary source)
2026-03-05 01:11:57,658 - quanttool.infrastructure.data_providers.data_fetcher - INFO - Fetching 002027.SZ from Ashare (primary source)
2026-03-05 01:11:59,444 - quanttool.infrastructure.data_providers.data_fetcher - INFO - Successfully fetched 239 bars from Ashare for 002027.SZ
2026-03-05 01:11:59,445 - quanttool.infrastructure.data_providers.data_fetcher - INFO - Fetching 002028.SZ from Ashare (primary source)
2026-03-05 01:11:59,446 - quanttool.infrastructure.data_providers.data_fetcher - INFO - Fetching 002028.SZ from Ashare (primary source)
2026-03-05 01:12:01,376 - quanttool.infrastructure.data_providers.data_fetcher - INFO - Successfully fetched 239 bars from Ashare for 002028.SZ
2026-03-05 01:12:01,377 - quanttool.infrastructure.data_providers.data_fetcher - INFO - Fetching 002049.SZ from Ashare (primary source)
2026-03-05 01:12:01,377 - quanttool.infrastructure.data_providers.data_fetcher - INFO - Fetching 002049.SZ from Ashare (primary source)
2026-03-05 01:12:03,760 - quanttool.infrastructure.data_providers.data_fetcher - INFO - Successfully fetched 229 bars from Ashare for 002049.SZ
2026-03-05 01:12:03,761 - quanttool.infrastructure.data_providers.data_fetcher - INFO - Fetching 002050.SZ from Ashare (primary source)
2026-03-05 01:12:03,761 - quanttool.infrastructure.data_providers.data_fetcher - INFO - Fetching 002050.SZ from Ashare (primary source)
2026-03-05 01:12:05,977 - quanttool.infrastructure.data_providers.data_fetcher - INFO - Successfully fetched 239 bars from Ashare for 002050.SZ
2026-03-05 01:12:05,979 - quanttool.infrastructure.data_providers.data_fetcher - INFO - Fetching 002074.SZ from Ashare (primary source)
2026-03-05 01:12:05,979 - quanttool.infrastructure.data_providers.data_fetcher - INFO - Fetching 002074.SZ from Ashare (primary source)
2026-03-05 01:12:08,844 - quanttool.infrastructure.data_providers.data_fetcher - INFO - Successfully fetched 239 bars from Ashare for 002074.SZ
2026-03-05 01:12:08,846 - quanttool.infrastructure.data_providers.data_fetcher - INFO - Fetching 002142.SZ from Ashare (primary source)
2026-03-05 01:12:08,846 - quanttool.infrastructure.data_providers.data_fetcher - INFO - Fetching 002142.SZ from Ashare (primary source)
2026-03-05 01:12:11,543 - quanttool.infrastructure.data_providers.data_fetcher - INFO - Successfully fetched 239 bars from Ashare for 002142.SZ
2026-03-05 01:12:11,544 - quanttool.infrastructure.data_providers.data_fetcher - INFO - Fetching 002179.SZ from Ashare (primary source)
2026-03-05 01:12:11,544 - quanttool.infrastructure.data_providers.data_fetcher - INFO - Fetching 002179.SZ from Ashare (primary source)
2026-03-05 01:12:13,396 - quanttool.infrastructure.data_providers.data_fetcher - INFO - Successfully fetched 239 bars from Ashare for 002179.SZ
2026-03-05 01:12:13,397 - quanttool.infrastructure.data_providers.data_fetcher - INFO - Fetching 002230.SZ from Ashare (primary source)
2026-03-05 01:12:13,397 - quanttool.infrastructure.data_providers.data_fetcher - INFO - Fetching 002230.SZ from Ashare (primary source)
2026-03-05 01:12:16,068 - quanttool.infrastructure.data_providers.data_fetcher - INFO - Successfully fetched 239 bars from Ashare for 002230.SZ
2026-03-05 01:12:16,069 - quanttool.infrastructure.data_providers.data_fetcher - INFO - Fetching 002236.SZ from Ashare (primary source)
2026-03-05 01:12:16,069 - quanttool.infrastructure.data_providers.data_fetcher - INFO - Fetching 002236.SZ from Ashare (primary source)
2026-03-05 01:12:17,559 - quanttool.infrastructure.data_providers.data_fetcher - INFO - Successfully fetched 239 bars from Ashare for 002236.SZ
2026-03-05 01:12:17,560 - quanttool.infrastructure.data_providers.data_fetcher - INFO - Fetching 002241.SZ from Ashare (primary source)
2026-03-05 01:12:17,560 - quanttool.infrastructure.data_providers.data_fetcher - INFO - Fetching 002241.SZ from Ashare (primary source)
2026-03-05 01:12:18,944 - quanttool.infrastructure.data_providers.data_fetcher - INFO - Successfully fetched 239 bars from Ashare for 002241.SZ
2026-03-05 01:12:18,945 - quanttool.infrastructure.data_providers.data_fetcher - INFO - Fetching 002252.SZ from Ashare (primary source)
2026-03-05 01:12:18,945 - quanttool.infrastructure.data_providers.data_fetcher - INFO - Fetching 002252.SZ from Ashare (primary source)
2026-03-05 01:12:21,567 - quanttool.infrastructure.data_providers.data_fetcher - INFO - Successfully fetched 239 bars from Ashare for 002252.SZ
2026-03-05 01:12:21,568 - quanttool.infrastructure.data_providers.data_fetcher - INFO - Fetching 002304.SZ from Ashare (primary source)
2026-03-05 01:12:21,568 - quanttool.infrastructure.data_providers.data_fetcher - INFO - Fetching 002304.SZ from Ashare (primary source)
2026-03-05 01:12:23,998 - quanttool.infrastructure.data_providers.data_fetcher - INFO - Successfully fetched 239 bars from Ashare for 002304.SZ
2026-03-05 01:12:23,999 - quanttool.infrastructure.data_providers.data_fetcher - INFO - Fetching 002311.SZ from Ashare (primary source)
2026-03-05 01:12:23,999 - quanttool.infrastructure.data_providers.data_fetcher - INFO - Fetching 002311.SZ from Ashare (primary source)
2026-03-05 01:12:26,175 - quanttool.infrastructure.data_providers.data_fetcher - INFO - Successfully fetched 239 bars from Ashare for 002311.SZ
2026-03-05 01:12:26,176 - quanttool.infrastructure.data_providers.data_fetcher - INFO - Fetching 002352.SZ from Ashare (primary source)
2026-03-05 01:12:26,176 - quanttool.infrastructure.data_providers.data_fetcher - INFO - Fetching 002352.SZ from Ashare (primary source)
2026-03-05 01:12:28,625 - quanttool.infrastructure.data_providers.data_fetcher - INFO - Successfully fetched 239 bars from Ashare for 002352.SZ
2026-03-05 01:12:28,626 - quanttool.infrastructure.data_providers.data_fetcher - INFO - Fetching 002371.SZ from Ashare (primary source)
2026-03-05 01:12:28,627 - quanttool.infrastructure.data_providers.data_fetcher - INFO - Fetching 002371.SZ from Ashare (primary source)
2026-03-05 01:12:30,538 - quanttool.infrastructure.data_providers.data_fetcher - INFO - Successfully fetched 239 bars from Ashare for 002371.SZ
2026-03-05 01:12:30,539 - quanttool.infrastructure.data_providers.data_fetcher - INFO - Fetching 002384.SZ from Ashare (primary source)
2026-03-05 01:12:30,539 - quanttool.infrastructure.data_providers.data_fetcher - INFO - Fetching 002384.SZ from Ashare (primary source)
2026-03-05 01:12:32,900 - quanttool.infrastructure.data_providers.data_fetcher - INFO - Successfully fetched 239 bars from Ashare for 002384.SZ
2026-03-05 01:12:32,901 - quanttool.infrastructure.data_providers.data_fetcher - INFO - Fetching 002415.SZ from Ashare (primary source)
2026-03-05 01:12:32,901 - quanttool.infrastructure.data_providers.data_fetcher - INFO - Fetching 002415.SZ from Ashare (primary source)
2026-03-05 01:12:35,027 - quanttool.infrastructure.data_providers.data_fetcher - INFO - Successfully fetched 239 bars from Ashare for 002415.SZ
2026-03-05 01:12:35,028 - quanttool.infrastructure.data_providers.data_fetcher - INFO - Fetching 002422.SZ from Ashare (primary source)
2026-03-05 01:12:35,028 - quanttool.infrastructure.data_providers.data_fetcher - INFO - Fetching 002422.SZ from Ashare (primary source)
2026-03-05 01:12:37,999 - quanttool.infrastructure.data_providers.data_fetcher - INFO - Successfully fetched 239 bars from Ashare for 002422.SZ
2026-03-05 01:12:38,005 - quanttool.infrastructure.data_providers.data_fetcher - INFO - Fetching 002459.SZ from Ashare (primary source)
2026-03-05 01:12:38,005 - quanttool.infrastructure.data_providers.data_fetcher - INFO - Fetching 002459.SZ from Ashare (primary source)
2026-03-05 01:12:40,814 - quanttool.infrastructure.data_providers.data_fetcher - INFO - Successfully fetched 239 bars from Ashare for 002459.SZ
2026-03-05 01:12:40,815 - quanttool.infrastructure.data_providers.data_fetcher - INFO - Fetching 002460.SZ from Ashare (primary source)
2026-03-05 01:12:40,815 - quanttool.infrastructure.data_providers.data_fetcher - INFO - Fetching 002460.SZ from Ashare (primary source)
2026-03-05 01:12:43,364 - quanttool.infrastructure.data_providers.data_fetcher - INFO - Successfully fetched 239 bars from Ashare for 002460.SZ
2026-03-05 01:12:43,364 - quanttool.infrastructure.data_providers.data_fetcher - INFO - Fetching 002463.SZ from Ashare (primary source)
2026-03-05 01:12:43,364 - quanttool.infrastructure.data_providers.data_fetcher - INFO - Fetching 002463.SZ from Ashare (primary source)
2026-03-05 01:12:46,344 - quanttool.infrastructure.data_providers.data_fetcher - INFO - Successfully fetched 239 bars from Ashare for 002463.SZ
2026-03-05 01:12:46,344 - quanttool.infrastructure.data_providers.data_fetcher - INFO - Fetching 002466.SZ from Ashare (primary source)
2026-03-05 01:12:46,345 - quanttool.infrastructure.data_providers.data_fetcher - INFO - Fetching 002466.SZ from Ashare (primary source)
2026-03-05 01:12:48,510 - quanttool.infrastructure.data_providers.data_fetcher - INFO - Successfully fetched 239 bars from Ashare for 002466.SZ
2026-03-05 01:12:48,511 - quanttool.infrastructure.data_providers.data_fetcher - INFO - Fetching 002475.SZ from Ashare (primary source)
2026-03-05 01:12:48,512 - quanttool.infrastructure.data_providers.data_fetcher - INFO - Fetching 002475.SZ from Ashare (primary source)
2026-03-05 01:12:50,717 - quanttool.infrastructure.data_providers.data_fetcher - INFO - Successfully fetched 239 bars from Ashare for 002475.SZ
2026-03-05 01:12:50,718 - quanttool.infrastructure.data_providers.data_fetcher - INFO - Fetching 002493.SZ from Ashare (primary source)
2026-03-05 01:12:50,718 - quanttool.infrastructure.data_providers.data_fetcher - INFO - Fetching 002493.SZ from Ashare (primary source)
2026-03-05 01:12:52,515 - quanttool.infrastructure.data_providers.data_fetcher - INFO - Successfully fetched 239 bars from Ashare for 002493.SZ
2026-03-05 01:12:52,516 - quanttool.infrastructure.data_providers.data_fetcher - INFO - Fetching 002594.SZ from Ashare (primary source)
2026-03-05 01:12:52,517 - quanttool.infrastructure.data_providers.data_fetcher - INFO - Fetching 002594.SZ from Ashare (primary source)
2026-03-05 01:12:54,290 - quanttool.infrastructure.data_providers.data_fetcher - INFO - Successfully fetched 239 bars from Ashare for 002594.SZ
2026-03-05 01:12:54,291 - quanttool.infrastructure.data_providers.data_fetcher - INFO - Fetching 002600.SZ from Ashare (primary source)
2026-03-05 01:12:54,292 - quanttool.infrastructure.data_providers.data_fetcher - INFO - Fetching 002600.SZ from Ashare (primary source)
2026-03-05 01:12:56,541 - quanttool.infrastructure.data_providers.data_fetcher - INFO - Successfully fetched 239 bars from Ashare for 002600.SZ
2026-03-05 01:12:56,543 - quanttool.infrastructure.data_providers.data_fetcher - INFO - Fetching 002601.SZ from Ashare (primary source)
2026-03-05 01:12:56,543 - quanttool.infrastructure.data_providers.data_fetcher - INFO - Fetching 002601.SZ from Ashare (primary source)
2026-03-05 01:12:58,889 - quanttool.infrastructure.data_providers.data_fetcher - INFO - Successfully fetched 239 bars from Ashare for 002601.SZ
2026-03-05 01:12:58,891 - quanttool.infrastructure.data_providers.data_fetcher - INFO - Fetching 002625.SZ from Ashare (primary source)
2026-03-05 01:12:58,891 - quanttool.infrastructure.data_providers.data_fetcher - INFO - Fetching 002625.SZ from Ashare (primary source)
2026-03-05 01:13:01,623 - quanttool.infrastructure.data_providers.data_fetcher - INFO - Successfully fetched 239 bars from Ashare for 002625.SZ
2026-03-05 01:13:01,623 - quanttool.infrastructure.data_providers.data_fetcher - INFO - Fetching 002648.SZ from Ashare (primary source)
2026-03-05 01:13:01,623 - quanttool.infrastructure.data_providers.data_fetcher - INFO - Fetching 002648.SZ from Ashare (primary source)
2026-03-05 01:13:03,689 - quanttool.infrastructure.data_providers.data_fetcher - INFO - Successfully fetched 239 bars from Ashare for 002648.SZ
2026-03-05 01:13:03,690 - quanttool.infrastructure.data_providers.data_fetcher - INFO - Fetching 002709.SZ from Ashare (primary source)
2026-03-05 01:13:03,690 - quanttool.infrastructure.data_providers.data_fetcher - INFO - Fetching 002709.SZ from Ashare (primary source)
2026-03-05 01:13:05,190 - quanttool.infrastructure.data_providers.data_fetcher - INFO - Successfully fetched 239 bars from Ashare for 002709.SZ
2026-03-05 01:13:05,191 - quanttool.infrastructure.data_providers.data_fetcher - INFO - Fetching 002714.SZ from Ashare (primary source)
2026-03-05 01:13:05,192 - quanttool.infrastructure.data_providers.data_fetcher - INFO - Fetching 002714.SZ from Ashare (primary source)
2026-03-05 01:13:06,539 - quanttool.infrastructure.data_providers.data_fetcher - INFO - Successfully fetched 239 bars from Ashare for 002714.SZ
2026-03-05 01:13:06,540 - quanttool.infrastructure.data_providers.data_fetcher - INFO - Fetching 002736.SZ from Ashare (primary source)
2026-03-05 01:13:06,540 - quanttool.infrastructure.data_providers.data_fetcher - INFO - Fetching 002736.SZ from Ashare (primary source)
2026-03-05 01:13:09,480 - quanttool.infrastructure.data_providers.data_fetcher - INFO - Successfully fetched 239 bars from Ashare for 002736.SZ
2026-03-05 01:13:09,480 - quanttool.infrastructure.data_providers.data_fetcher - INFO - Fetching 002916.SZ from Ashare (primary source)
2026-03-05 01:13:09,480 - quanttool.infrastructure.data_providers.data_fetcher - INFO - Fetching 002916.SZ from Ashare (primary source)
2026-03-05 01:13:11,396 - quanttool.infrastructure.data_providers.data_fetcher - INFO - Successfully fetched 239 bars from Ashare for 002916.SZ
2026-03-05 01:13:11,397 - quanttool.infrastructure.data_providers.data_fetcher - INFO - Fetching 002920.SZ from Ashare (primary source)
2026-03-05 01:13:11,397 - quanttool.infrastructure.data_providers.data_fetcher - INFO - Fetching 002920.SZ from Ashare (primary source)
2026-03-05 01:13:12,549 - quanttool.infrastructure.data_providers.data_fetcher - INFO - Successfully fetched 239 bars from Ashare for 002920.SZ
2026-03-05 01:13:12,550 - quanttool.infrastructure.data_providers.data_fetcher - INFO - Fetching 002938.SZ from Ashare (primary source)
2026-03-05 01:13:12,550 - quanttool.infrastructure.data_providers.data_fetcher - INFO - Fetching 002938.SZ from Ashare (primary source)
2026-03-05 01:13:14,745 - quanttool.infrastructure.data_providers.data_fetcher - INFO - Successfully fetched 239 bars from Ashare for 002938.SZ
2026-03-05 01:13:14,746 - quanttool.infrastructure.data_providers.data_fetcher - INFO - Fetching 003816.SZ from Ashare (primary source)
2026-03-05 01:13:14,747 - quanttool.infrastructure.data_providers.data_fetcher - INFO - Fetching 003816.SZ from Ashare (primary source)
2026-03-05 01:13:17,330 - quanttool.infrastructure.data_providers.data_fetcher - INFO - Successfully fetched 239 bars from Ashare for 003816.SZ
2026-03-05 01:13:17,332 - quanttool.infrastructure.data_providers.data_fetcher - INFO - Fetching 300014.SZ from Ashare (primary source)
2026-03-05 01:13:17,332 - quanttool.infrastructure.data_providers.data_fetcher - INFO - Fetching 300014.SZ from Ashare (primary source)
2026-03-05 01:13:19,703 - quanttool.infrastructure.data_providers.data_fetcher - INFO - Successfully fetched 239 bars from Ashare for 300014.SZ
2026-03-05 01:13:19,705 - quanttool.infrastructure.data_providers.data_fetcher - INFO - Fetching 300015.SZ from Ashare (primary source)
2026-03-05 01:13:19,705 - quanttool.infrastructure.data_providers.data_fetcher - INFO - Fetching 300015.SZ from Ashare (primary source)
2026-03-05 01:13:22,291 - quanttool.infrastructure.data_providers.data_fetcher - INFO - Successfully fetched 239 bars from Ashare for 300015.SZ
2026-03-05 01:13:22,292 - quanttool.infrastructure.data_providers.data_fetcher - INFO - Fetching 300033.SZ from Ashare (primary source)
2026-03-05 01:13:22,292 - quanttool.infrastructure.data_providers.data_fetcher - INFO - Fetching 300033.SZ from Ashare (primary source)
2026-03-05 01:13:24,258 - quanttool.infrastructure.data_providers.data_fetcher - INFO - Successfully fetched 239 bars from Ashare for 300033.SZ
2026-03-05 01:13:24,260 - quanttool.infrastructure.data_providers.data_fetcher - INFO - Fetching 300059.SZ from Ashare (primary source)
2026-03-05 01:13:24,260 - quanttool.infrastructure.data_providers.data_fetcher - INFO - Fetching 300059.SZ from Ashare (primary source)
2026-03-05 01:13:25,715 - quanttool.infrastructure.data_providers.data_fetcher - INFO - Successfully fetched 239 bars from Ashare for 300059.SZ
2026-03-05 01:13:25,716 - quanttool.infrastructure.data_providers.data_fetcher - INFO - Fetching 300122.SZ from Ashare (primary source)
2026-03-05 01:13:25,716 - quanttool.infrastructure.data_providers.data_fetcher - INFO - Fetching 300122.SZ from Ashare (primary source)
2026-03-05 01:13:28,418 - quanttool.infrastructure.data_providers.data_fetcher - INFO - Successfully fetched 239 bars from Ashare for 300122.SZ
2026-03-05 01:13:28,420 - quanttool.infrastructure.data_providers.data_fetcher - INFO - Fetching 300124.SZ from Ashare (primary source)
2026-03-05 01:13:28,420 - quanttool.infrastructure.data_providers.data_fetcher - INFO - Fetching 300124.SZ from Ashare (primary source)
2026-03-05 01:13:30,313 - quanttool.infrastructure.data_providers.data_fetcher - INFO - Successfully fetched 239 bars from Ashare for 300124.SZ
2026-03-05 01:13:30,314 - quanttool.infrastructure.data_providers.data_fetcher - INFO - Fetching 300251.SZ from Ashare (primary source)
2026-03-05 01:13:30,314 - quanttool.infrastructure.data_providers.data_fetcher - INFO - Fetching 300251.SZ from Ashare (primary source)
2026-03-05 01:13:32,072 - quanttool.infrastructure.data_providers.data_fetcher - INFO - Successfully fetched 239 bars from Ashare for 300251.SZ
2026-03-05 01:13:32,073 - quanttool.infrastructure.data_providers.data_fetcher - INFO - Fetching 300274.SZ from Ashare (primary source)
2026-03-05 01:13:32,073 - quanttool.infrastructure.data_providers.data_fetcher - INFO - Fetching 300274.SZ from Ashare (primary source)
2026-03-05 01:13:33,224 - quanttool.infrastructure.data_providers.data_fetcher - INFO - Successfully fetched 239 bars from Ashare for 300274.SZ
2026-03-05 01:13:33,225 - quanttool.infrastructure.data_providers.data_fetcher - INFO - Fetching 300308.SZ from Ashare (primary source)
2026-03-05 01:13:33,226 - quanttool.infrastructure.data_providers.data_fetcher - INFO - Fetching 300308.SZ from Ashare (primary source)
2026-03-05 01:13:34,742 - quanttool.infrastructure.data_providers.data_fetcher - INFO - Successfully fetched 239 bars from Ashare for 300308.SZ
2026-03-05 01:13:34,743 - quanttool.infrastructure.data_providers.data_fetcher - INFO - Fetching 300316.SZ from Ashare (primary source)
2026-03-05 01:13:34,743 - quanttool.infrastructure.data_providers.data_fetcher - INFO - Fetching 300316.SZ from Ashare (primary source)
2026-03-05 01:13:37,724 - quanttool.infrastructure.data_providers.data_fetcher - INFO - Successfully fetched 239 bars from Ashare for 300316.SZ
2026-03-05 01:13:37,725 - quanttool.infrastructure.data_providers.data_fetcher - INFO - Fetching 300347.SZ from Ashare (primary source)
2026-03-05 01:13:37,726 - quanttool.infrastructure.data_providers.data_fetcher - INFO - Fetching 300347.SZ from Ashare (primary source)
2026-03-05 01:13:39,198 - quanttool.infrastructure.data_providers.data_fetcher - INFO - Successfully fetched 239 bars from Ashare for 300347.SZ
2026-03-05 01:13:39,198 - quanttool.infrastructure.data_providers.data_fetcher - INFO - Fetching 300394.SZ from Ashare (primary source)
2026-03-05 01:13:39,198 - quanttool.infrastructure.data_providers.data_fetcher - INFO - Fetching 300394.SZ from Ashare (primary source)
2026-03-05 01:13:42,199 - quanttool.infrastructure.data_providers.data_fetcher - INFO - Successfully fetched 239 bars from Ashare for 300394.SZ
2026-03-05 01:13:42,200 - quanttool.infrastructure.data_providers.data_fetcher - INFO - Fetching 300408.SZ from Ashare (primary source)
2026-03-05 01:13:42,200 - quanttool.infrastructure.data_providers.data_fetcher - INFO - Fetching 300408.SZ from Ashare (primary source)
2026-03-05 01:13:43,396 - quanttool.infrastructure.data_providers.data_fetcher - INFO - Successfully fetched 239 bars from Ashare for 300408.SZ
2026-03-05 01:13:43,398 - quanttool.infrastructure.data_providers.data_fetcher - INFO - Fetching 300413.SZ from Ashare (primary source)
2026-03-05 01:13:43,398 - quanttool.infrastructure.data_providers.data_fetcher - INFO - Fetching 300413.SZ from Ashare (primary source)
2026-03-05 01:13:44,705 - quanttool.infrastructure.data_providers.data_fetcher - INFO - Successfully fetched 239 bars from Ashare for 300413.SZ
2026-03-05 01:13:44,706 - quanttool.infrastructure.data_providers.data_fetcher - INFO - Fetching 300418.SZ from Ashare (primary source)
2026-03-05 01:13:44,706 - quanttool.infrastructure.data_providers.data_fetcher - INFO - Fetching 300418.SZ from Ashare (primary source)
2026-03-05 01:13:47,548 - quanttool.infrastructure.data_providers.data_fetcher - INFO - Successfully fetched 239 bars from Ashare for 300418.SZ
2026-03-05 01:13:47,549 - quanttool.infrastructure.data_providers.data_fetcher - INFO - Fetching 300433.SZ from Ashare (primary source)
2026-03-05 01:13:47,549 - quanttool.infrastructure.data_providers.data_fetcher - INFO - Fetching 300433.SZ from Ashare (primary source)
2026-03-05 01:13:49,897 - quanttool.infrastructure.data_providers.data_fetcher - INFO - Successfully fetched 239 bars from Ashare for 300433.SZ
2026-03-05 01:13:49,898 - quanttool.infrastructure.data_providers.data_fetcher - INFO - Fetching 300442.SZ from Ashare (primary source)
2026-03-05 01:13:49,898 - quanttool.infrastructure.data_providers.data_fetcher - INFO - Fetching 300442.SZ from Ashare (primary source)
2026-03-05 01:13:52,149 - quanttool.infrastructure.data_providers.data_fetcher - INFO - Successfully fetched 233 bars from Ashare for 300442.SZ
2026-03-05 01:13:52,150 - quanttool.infrastructure.data_providers.data_fetcher - INFO - Fetching 300476.SZ from Ashare (primary source)
2026-03-05 01:13:52,151 - quanttool.infrastructure.data_providers.data_fetcher - INFO - Fetching 300476.SZ from Ashare (primary source)
2026-03-05 01:13:54,308 - quanttool.infrastructure.data_providers.data_fetcher - INFO - Successfully fetched 239 bars from Ashare for 300476.SZ
2026-03-05 01:13:54,310 - quanttool.infrastructure.data_providers.data_fetcher - INFO - Fetching 300498.SZ from Ashare (primary source)
2026-03-05 01:13:54,310 - quanttool.infrastructure.data_providers.data_fetcher - INFO - Fetching 300498.SZ from Ashare (primary source)
2026-03-05 01:13:57,400 - quanttool.infrastructure.data_providers.data_fetcher - INFO - Successfully fetched 239 bars from Ashare for 300498.SZ
2026-03-05 01:13:57,401 - quanttool.infrastructure.data_providers.data_fetcher - INFO - Fetching 300502.SZ from Ashare (primary source)
2026-03-05 01:13:57,401 - quanttool.infrastructure.data_providers.data_fetcher - INFO - Fetching 300502.SZ from Ashare (primary source)
2026-03-05 01:13:59,283 - quanttool.infrastructure.data_providers.data_fetcher - INFO - Successfully fetched 239 bars from Ashare for 300502.SZ
2026-03-05 01:13:59,283 - quanttool.infrastructure.data_providers.data_fetcher - INFO - Fetching 300628.SZ from Ashare (primary source)
2026-03-05 01:13:59,283 - quanttool.infrastructure.data_providers.data_fetcher - INFO - Fetching 300628.SZ from Ashare (primary source)
2026-03-05 01:14:00,867 - quanttool.infrastructure.data_providers.data_fetcher - INFO - Successfully fetched 239 bars from Ashare for 300628.SZ
2026-03-05 01:14:00,868 - quanttool.infrastructure.data_providers.data_fetcher - INFO - Fetching 300661.SZ from Ashare (primary source)
2026-03-05 01:14:00,868 - quanttool.infrastructure.data_providers.data_fetcher - INFO - Fetching 300661.SZ from Ashare (primary source)
2026-03-05 01:14:03,994 - quanttool.infrastructure.data_providers.data_fetcher - INFO - Successfully fetched 239 bars from Ashare for 300661.SZ
2026-03-05 01:14:03,995 - quanttool.infrastructure.data_providers.data_fetcher - INFO - Fetching 300750.SZ from Ashare (primary source)
2026-03-05 01:14:03,995 - quanttool.infrastructure.data_providers.data_fetcher - INFO - Fetching 300750.SZ from Ashare (primary source)
2026-03-05 01:14:05,263 - quanttool.infrastructure.data_providers.data_fetcher - INFO - Successfully fetched 239 bars from Ashare for 300750.SZ
2026-03-05 01:14:05,263 - quanttool.infrastructure.data_providers.data_fetcher - INFO - Fetching 300759.SZ from Ashare (primary source)
2026-03-05 01:14:05,263 - quanttool.infrastructure.data_providers.data_fetcher - INFO - Fetching 300759.SZ from Ashare (primary source)
2026-03-05 01:14:07,092 - quanttool.infrastructure.data_providers.data_fetcher - INFO - Successfully fetched 239 bars from Ashare for 300759.SZ
2026-03-05 01:14:07,093 - quanttool.infrastructure.data_providers.data_fetcher - INFO - Fetching 300760.SZ from Ashare (primary source)
2026-03-05 01:14:07,093 - quanttool.infrastructure.data_providers.data_fetcher - INFO - Fetching 300760.SZ from Ashare (primary source)
2026-03-05 01:14:09,623 - quanttool.infrastructure.data_providers.data_fetcher - INFO - Successfully fetched 239 bars from Ashare for 300760.SZ
2026-03-05 01:14:09,624 - quanttool.infrastructure.data_providers.data_fetcher - INFO - Fetching 300782.SZ from Ashare (primary source)
2026-03-05 01:14:09,624 - quanttool.infrastructure.data_providers.data_fetcher - INFO - Fetching 300782.SZ from Ashare (primary source)
2026-03-05 01:14:12,661 - quanttool.infrastructure.data_providers.data_fetcher - INFO - Successfully fetched 239 bars from Ashare for 300782.SZ
2026-03-05 01:14:12,663 - quanttool.infrastructure.data_providers.data_fetcher - INFO - Fetching 300803.SZ from Ashare (primary source)
2026-03-05 01:14:12,663 - quanttool.infrastructure.data_providers.data_fetcher - INFO - Fetching 300803.SZ from Ashare (primary source)
2026-03-05 01:14:14,212 - quanttool.infrastructure.data_providers.data_fetcher - INFO - Successfully fetched 239 bars from Ashare for 300803.SZ
2026-03-05 01:14:14,213 - quanttool.infrastructure.data_providers.data_fetcher - INFO - Fetching 300832.SZ from Ashare (primary source)
2026-03-05 01:14:14,213 - quanttool.infrastructure.data_providers.data_fetcher - INFO - Fetching 300832.SZ from Ashare (primary source)
2026-03-05 01:14:15,746 - quanttool.infrastructure.data_providers.data_fetcher - INFO - Successfully fetched 239 bars from Ashare for 300832.SZ
2026-03-05 01:14:15,747 - quanttool.infrastructure.data_providers.data_fetcher - INFO - Fetching 300866.SZ from Ashare (primary source)
2026-03-05 01:14:15,748 - quanttool.infrastructure.data_providers.data_fetcher - INFO - Fetching 300866.SZ from Ashare (primary source)
2026-03-05 01:14:18,553 - quanttool.infrastructure.data_providers.data_fetcher - INFO - Successfully fetched 239 bars from Ashare for 300866.SZ
2026-03-05 01:14:18,554 - quanttool.infrastructure.data_providers.data_fetcher - INFO - Fetching 300896.SZ from Ashare (primary source)
2026-03-05 01:14:18,554 - quanttool.infrastructure.data_providers.data_fetcher - INFO - Fetching 300896.SZ from Ashare (primary source)
2026-03-05 01:14:21,460 - quanttool.infrastructure.data_providers.data_fetcher - INFO - Successfully fetched 239 bars from Ashare for 300896.SZ
2026-03-05 01:14:21,462 - quanttool.infrastructure.data_providers.data_fetcher - INFO - Fetching 300979.SZ from Ashare (primary source)
2026-03-05 01:14:21,462 - quanttool.infrastructure.data_providers.data_fetcher - INFO - Fetching 300979.SZ from Ashare (primary source)
2026-03-05 01:14:22,737 - quanttool.infrastructure.data_providers.data_fetcher - INFO - Successfully fetched 239 bars from Ashare for 300979.SZ
2026-03-05 01:14:22,738 - quanttool.infrastructure.data_providers.data_fetcher - INFO - Fetching 300999.SZ from Ashare (primary source)
2026-03-05 01:14:22,738 - quanttool.infrastructure.data_providers.data_fetcher - INFO - Fetching 300999.SZ from Ashare (primary source)
2026-03-05 01:14:25,009 - quanttool.infrastructure.data_providers.data_fetcher - INFO - Successfully fetched 239 bars from Ashare for 300999.SZ
2026-03-05 01:14:25,010 - quanttool.infrastructure.data_providers.data_fetcher - INFO - Fetching 301236.SZ from Ashare (primary source)
2026-03-05 01:14:25,010 - quanttool.infrastructure.data_providers.data_fetcher - INFO - Fetching 301236.SZ from Ashare (primary source)
2026-03-05 01:14:27,544 - quanttool.infrastructure.data_providers.data_fetcher - INFO - Successfully fetched 239 bars from Ashare for 301236.SZ
2026-03-05 01:14:27,545 - quanttool.infrastructure.data_providers.data_fetcher - INFO - Fetching 301269.SZ from Ashare (primary source)
2026-03-05 01:14:27,545 - quanttool.infrastructure.data_providers.data_fetcher - INFO - Fetching 301269.SZ from Ashare (primary source)
2026-03-05 01:14:30,082 - quanttool.infrastructure.data_providers.data_fetcher - INFO - Successfully fetched 229 bars from Ashare for 301269.SZ
2026-03-05 01:14:30,083 - quanttool.infrastructure.data_providers.data_fetcher - INFO - Fetching 302132.SZ from Ashare (primary source)
2026-03-05 01:14:30,083 - quanttool.infrastructure.data_providers.data_fetcher - INFO - Fetching 302132.SZ from Ashare (primary source)
2026-03-05 01:14:33,027 - quanttool.infrastructure.data_providers.data_fetcher - INFO - Successfully fetched 239 bars from Ashare for 302132.SZ
2026-03-05 01:14:33,028 - quanttool.infrastructure.data_providers.data_fetcher - INFO - Fetching 600000.SH from Ashare (primary source)
2026-03-05 01:14:33,028 - quanttool.infrastructure.data_providers.data_fetcher - INFO - Fetching 600000.SH from Ashare (primary source)
2026-03-05 01:14:35,142 - quanttool.infrastructure.data_providers.data_fetcher - INFO - Successfully fetched 239 bars from Ashare for 600000.SH
2026-03-05 01:14:35,143 - quanttool.infrastructure.data_providers.data_fetcher - INFO - Fetching 600009.SH from Ashare (primary source)
2026-03-05 01:14:35,144 - quanttool.infrastructure.data_providers.data_fetcher - INFO - Fetching 600009.SH from Ashare (primary source)
2026-03-05 01:14:38,177 - quanttool.infrastructure.data_providers.data_fetcher - INFO - Successfully fetched 239 bars from Ashare for 600009.SH
2026-03-05 01:14:38,179 - quanttool.infrastructure.data_providers.data_fetcher - INFO - Fetching 600010.SH from Ashare (primary source)
2026-03-05 01:14:38,179 - quanttool.infrastructure.data_providers.data_fetcher - INFO - Fetching 600010.SH from Ashare (primary source)
